facility_id,category_name,manufacturername,facility_name,jpin,title,pvname,vendor_lead_time,inv_norm,safety_stock,vendor_id,vendor_name,current_vendor_mov,minimum_order_criteria,max_allocated_space,case_size,cases_allocated,space_value,current_inventory,inventory_breakup,max_drr,deadweight,earliest_promise_date,open_po_details,orderedquantity,open_po_value,open_po_cases,final_suggestion,final_days_of_inventory,final_cases_suggestion,final_value,final_tonnage,mov_check,mrp,cp,sales_band,current_days_raw,inventory_position,target_days,target_units,raw_replenishment,residual_capacity,max_order_cases,desired_cases,mov_required_cases,projected_inventory
FC-001,Baby Care,Colgate-Palmolive,FC-Alpha,SKU-00786,"Colgate Super Junior Toothbrush, Ultra Soft, 2+ years, 9Pcs Sheet",Baby Toothbrush,5,26,4,VND-052,COLGATE PALMOLIVE INDIA LTD - Region Beta,120000,VALUE,48,24,2.0,5511.0,0,"{""sellable"": null, ""contingency"": null, ""pending_putaway"": null, ""under_transfer"": null}",0,0.0,18/03/26,"{""open_po_1"": {""promise_date"": ""2026-03-18"", ""orderedquantity"": 24.0, ""order_item_amount"": 2755.44, ""open_po_cases"": 1.0, ""mrp"": 162.0, ""price_per_unit"": 114.81, ""order_id"": ""PO-00013"", ""po_raising_drr"": 0.0, ""po_raising_total_space"": 48.0, ""po_raising_final_available_space"": 48.0, ""order_date"": ""2026-03-13""}}",24,2755.0,1.0,0,0,0,0.0,0.0,N/A,155.9,129.75,,0.0,24,30,0,0,24,1,0,0,24
FC-001,Baby Care,Dabur India Limited,FC-Alpha,SKU-00726,"Dabur Lal Tail, 50ml Box",Baby Oil,5,9,4,VND-054,DABUR INDIA LIMITED - Region Epsilon,30000,VALUE,240,120,2.0,13074.0,22,"{""sellable"": 22.0, ""contingency"": null, ""pending_putaway"": null, ""under_transfer"": null}",6,0.068,19/03/26,"{""open_po_1"": {""promise_date"": ""2026-03-19"", ""orderedquantity"": 120.0, ""order_item_amount"": 6536.4, ""open_po_cases"": 1.0, ""mrp"": 70.0, ""price_per_unit"": 54.47, ""order_id"": ""PO-00053"", ""po_raising_drr"": 7.0, ""po_raising_total_space"": 240.0, ""po_raising_final_available_space"": 240.0, ""order_date"": ""2026-03-14""}}",120,6536.0,1.0,0,23,0,0.0,0.0,N/A,79.47,51.47,Band B,3.6666666666666665,142,13,78,0,98,0,0,5,142
FC-001,Baby Care,Dabur India Limited,FC-Alpha,SKU-00846,"Dabur Lal Tail, 100ml Box",Baby Oil,5,9,4,VND-054,DABUR INDIA LIMITED - Region Epsilon,30000,VALUE,120,60,2.0,13074.0,32,"{""sellable"": 32.0, ""contingency"": null, ""pending_putaway"": null, ""under_transfer"": null}",2,0.121,,{},0,0.0,0.0,60,46,1,6551.4,0.0073,FAIL,149.74,109.19,Band C,16.0,32,13,26,0,88,1,0,5,92
FC-001,Beverages,Dabur India Limited,FC-Alpha,SKU-00352,"Real Koolerz Fruit Drink, Mango, 10Rs Tetra Pak",Fruit Drinks,5,14,4,VND-054,DABUR INDIA LIMITED - Region Epsilon,30000,VALUE,800,40,20.0,6076.0,0,"{""sellable"": null, ""contingency"": null, ""pending_putaway"": null, ""under_transfer"": null}",118,0.167,19/03/26,"{""open_po_1"": {""promise_date"": ""2026-03-19"", ""orderedquantity"": 280.0, ""order_item_amount"": 2125.2, ""open_po_cases"": 7.0, ""mrp"": 9.0, ""price_per_unit"": 7.589999999999999, ""order_id"": ""PO-00053"", ""po_raising_drr"": 43.0, ""po_raising_total_space"": 800.0, ""po_raising_final_available_space"": 452.0, ""order_date"": ""2026-03-14""}, ""open_po_2"": {""promise_date"": null, ""orderedquantity"": 720.0, ""order_item_amount"": 5464.8, ""open_po_cases"": 18.0, ""mrp"": 9.0, ""price_per_unit"": 7.59, ""order_id"": ""PO-00036"", ""po_raising_drr"": 118.0, ""po_raising_total_space"": 800.0, ""po_raising_final_available_space"": 756.0, ""order_date"": ""2026-03-16""}}",1000,7590.0,25.0,0,8,0,0.0,0.0,N/A,8.84,6.94,Band C,0.0,1000,18,2124,1124,0,0,29,109,1000
FC-001,Beverages,Dabur India Limited,FC-Alpha,SKU-00725,"Real Fruit Power Drink, Guava, 180ml Tetra Pak",Fruit Drinks,5,14,4,VND-054,DABUR INDIA LIMITED - Region Epsilon,30000,VALUE,600,30,20.0,9620.0,467,"{""sellable"": 452.0, ""contingency"": 15.0, ""pending_putaway"": null, ""under_transfer"": 15.0}",35,0.2,,"{""open_po_1"": {""promise_date"": null, ""orderedquantity"": 210.0, ""order_item_amount"": 3366.3, ""open_po_cases"": 7.0, ""mrp"": 19.0, ""price_per_unit"": 16.03, ""order_id"": ""PO-00036"", ""po_raising_drr"": 35.0, ""po_raising_total_space"": 600.0, ""po_raising_final_available_space"": 278.0, ""order_date"": ""2026-03-16""}}",210,3366.0,7.0,0,19,0,0.0,0.0,N/A,16.85,16.79,Band C,13.342857142857143,677,18,630,0,0,0,0,60,677
FC-001,Beverages,Dabur India Limited,FC-Alpha,SKU-00780,"Real Fruit Power Drink, Mixed Fruit, 180ml Tetra Pak",Fruit Drinks,5,14,4,VND-054,DABUR INDIA LIMITED - Region Epsilon,30000,VALUE,630,30,21.0,10101.0,179,"{""sellable"": 29.0, ""contingency"": 150.0, ""pending_putaway"": null, ""under_transfer"": 150.0}",154,0.21,19/03/26,"{""open_po_1"": {""promise_date"": ""2026-03-21"", ""orderedquantity"": 330.0, ""order_item_amount"": 5289.9, ""open_po_cases"": 11.0, ""mrp"": 19.0, ""price_per_unit"": 16.029999999999998, ""order_id"": ""PO-00036"", ""po_raising_drr"": 154.0, ""po_raising_total_space"": 630.0, ""po_raising_final_available_space"": 398.0, ""order_date"": ""2026-03-16""}, ""open_po_2"": {""promise_date"": ""2026-03-19"", ""orderedquantity"": 540.0, ""order_item_amount"": 8656.2, ""open_po_cases"": 18.0, ""mrp"": 19.0, ""price_per_unit"": 16.03, ""order_id"": ""PO-00053"", ""po_raising_drr"": 110.0, ""po_raising_total_space"": 630.0, ""po_raising_final_available_space"": 525.0, ""order_date"": ""2026-03-14""}}",870,13946.0,29.0,0,6,0,0.0,0.0,N/A,18.97,15.52,Band B,1.1623376623376624,1049,18,2772,1723,0,0,58,65,1049
FC-001,Beverages,Dabur India Limited,FC-Alpha,SKU-00781,"Real Fruit Power Drink, Orange, 180ml Tetra Pak, MRP 20",Fruit Drinks,5,14,4,VND-054,DABUR INDIA LIMITED - Region Epsilon,30000,VALUE,390,30,13.0,6253.0,15,"{""sellable"": 15.0, ""contingency"": null, ""pending_putaway"": null, ""under_transfer"": null}",156,0.214,19/03/26,"{""open_po_1"": {""promise_date"": ""2026-03-21"", ""orderedquantity"": 330.0, ""order_item_amount"": 5289.9, ""open_po_cases"": 11.0, ""mrp"": 19.0, ""price_per_unit"": 16.029999999999998, ""order_id"": ""PO-00036"", ""po_raising_drr"": 156.0, ""po_raising_total_space"": 390.0, ""po_raising_final_available_space"": 372.0, ""order_date"": ""2026-03-16""}, ""open_po_2"": {""promise_date"": ""2026-03-19"", ""orderedquantity"": 330.0, ""order_item_amount"": 5289.9, ""open_po_cases"": 11.0, ""mrp"": 19.0, ""price_per_unit"": 16.029999999999998, ""order_id"": ""PO-00053"", ""po_raising_drr"": 48.0, ""po_raising_total_space"": 390.0, ""po_raising_final_available_space"": 357.0, ""order_date"": ""2026-03-14""}}",660,10580.0,22.0,0,4,0,0.0,0.0,N/A,19.27,16.76,Band C,0.09615384615384616,675,18,2808,2133,0,0,72,60,675
FC-001,Health Care,Dabur India Limited,FC-Alpha,SKU-00045,"Hajmola Anardana Digestive Tablets, 40g Pack (20Pcs x 2g)",Digestives,5,16,5,VND-054,DABUR INDIA LIMITED - Region Epsilon,30000,VALUE,300,100,3.0,4669.0,1,"{""sellable"": 1.0, ""contingency"": null, ""pending_putaway"": null, ""under_transfer"": null}",23,0.04,19/03/26,"{""open_po_1"": {""promise_date"": ""2026-03-19"", ""orderedquantity"": 300.0, ""order_item_amount"": 4668.0, ""open_po_cases"": 3.0, ""mrp"": 20.0, ""price_per_unit"": 15.56, ""order_id"": ""PO-00053"", ""po_raising_drr"": 23.0, ""po_raising_total_space"": 300.0, ""po_raising_final_available_space"": 300.0, ""order_date"": ""2026-03-14""}}",300,4668.0,3.0,0,13,0,0.0,0.0,N/A,18.39,14.81,Band C,0.043478260869565216,301,21,483,182,0,0,2,21,301
FC-001,Health Care,Dabur India Limited,FC-Alpha,SKU-00374,"Hajmola Regular Digestive Tablets, 20Pcs Sachet",Digestives,5,16,5,VND-054,DABUR INDIA LIMITED - Region Epsilon,30000,VALUE,200,100,2.0,3113.0,9,"{""sellable"": 9.0, ""contingency"": null, ""pending_putaway"": null, ""under_transfer"": null}",43,0.055,19/03/26,"{""open_po_1"": {""promise_date"": ""2026-03-19"", ""orderedquantity"": 100.0, ""order_item_amount"": 1556.0, ""open_po_cases"": 1.0, ""mrp"": 20.0, ""price_per_unit"": 15.56, ""order_id"": ""PO-00053"", ""po_raising_drr"": 30.0, ""po_raising_total_space"": 200.0, ""po_raising_final_available_space"": 200.0, ""order_date"": ""2026-03-14""}}",100,1556.0,1.0,0,2,0,0.0,0.0,N/A,21.03,16.97,Band B,0.20930232558139536,109,21,903,794,91,0,8,18,109
FC-001,Health Care,Dabur India Limited,FC-Alpha,SKU-00500,"Hajmola Regular Digestive Tablets, 50Pcs Bottle",Digestives,5,16,5,VND-054,DABUR INDIA LIMITED - Region Epsilon,30000,VALUE,288,144,2.0,6982.0,63,"{""sellable"": 63.0, ""contingency"": null, ""pending_putaway"": null, ""under_transfer"": null}",5,0.05,,"{""open_po_1"": {""promise_date"": null, ""orderedquantity"": 144.0, ""order_item_amount"": 3490.56, ""open_po_cases"": 1.0, ""mrp"": 28.0, ""price_per_unit"": 24.24, ""order_id"": ""PO-00036"", ""po_raising_drr"": 5.0, ""po_raising_total_space"": 288.0, ""po_raising_final_available_space"": 247.0, ""order_date"": ""2026-03-16""}}",144,3491.0,1.0,0,41,0,0.0,0.0,N/A,28.47,24.76,Band C,12.6,207,21,105,0,81,0,0,9,207
FC-001,Health Care,Dabur India Limited,FC-Alpha,SKU-00750,"Hajmola Regular Digestive Tablets, 66g Glass Bottle (120Pcs x 0.55g)",Digestives,5,16,5,VND-054,DABUR INDIA LIMITED - Region Epsilon,30000,VALUE,144,72,2.0,8104.0,46,"{""sellable"": 46.0, ""contingency"": null, ""pending_putaway"": null, ""under_transfer"": null}",5,0.156,19/03/26,"{""open_po_1"": {""promise_date"": ""2026-03-19"", ""orderedquantity"": 72.0, ""order_item_amount"": 4052.16, ""open_po_cases"": 1.0, ""mrp"": 65.0, ""price_per_unit"": 56.28, ""order_id"": ""PO-00053"", ""po_raising_drr"": 4.0, ""po_raising_total_space"": 144.0, ""po_raising_final_available_space"": 82.0, ""order_date"": ""2026-03-14""}}",72,4052.0,1.0,0,23,0,0.0,0.0,N/A,57.28,56.49,Band C,9.2,118,21,105,0,26,0,0,8,118
FC-001,Health Care,Dabur India Limited,FC-Alpha,SKU-00752,"Hajmola Imli Digestive Tablets, 66g Bottle (120Pcs x 0.55g)",Digestives,5,14,4,VND-054,DABUR INDIA LIMITED - Region Epsilon,30000,VALUE,72,72,1.0,4052.0,64,"{""sellable"": 52.0, ""contingency"": 12.0, ""pending_putaway"": null, ""under_transfer"": 12.0}",0,0.16,,{},0,0.0,0.0,0,0,0,0.0,0.0,N/A,70.85,52.79,Band C,0.0,64,18,0,0,8,0,0,0,64
FC-001,Health Care,Dabur India Limited,FC-Alpha,SKU-00849,"Hajmola Anardana Digestive Tablets, 66g Bottle (120Pcs x 0.55g)",Digestives,5,16,5,VND-054,DABUR INDIA LIMITED - Region Epsilon,30000,VALUE,144,72,2.0,8104.0,96,"{""sellable"": 96.0, ""contingency"": null, ""pending_putaway"": null, ""under_transfer"": null}",4,0.154,,{},0,0.0,0.0,0,24,0,0.0,0.0,N/A,73.11,63.57,Band C,24.0,96,21,84,0,48,0,0,7,96
FC-001,Health Care,Dabur India Limited,FC-Alpha,SKU-00868,"Hajmola Pudina Digestive Tablets, 44g Pack (20Pcs x 2.2g)",Digestives,5,16,5,VND-054,DABUR INDIA LIMITED - Region Epsilon,30000,VALUE,100,100,1.0,1556.0,100,"{""sellable"": 100.0, ""contingency"": null, ""pending_putaway"": null, ""under_transfer"": null}",0,0.044,,{},0,0.0,0.0,0,0,0,0.0,0.0,N/A,20.92,15.08,,0.0,100,21,0,0,0,0,0,0,100
FC-001,Health Care,Dabur India Limited,FC-Alpha,SKU-00899,"Hajmola Imli Digestive Tablets, 40g Pack (20Pcs x 2g)",Digestives,5,16,5,VND-054,DABUR INDIA LIMITED - Region Epsilon,30000,VALUE,100,100,1.0,1556.0,100,"{""sellable"": 100.0, ""contingency"": null, ""pending_putaway"": null, ""under_transfer"": null}",0,0.04,,{},0,0.0,0.0,0,0,0,0.0,0.0,N/A,18.43,13.63,,0.0,100,21,0,0,0,0,0,0,100
FC-001,Home Care,Dabur India Limited,FC-Alpha,SKU-00727,"Dabur Odomos Non-Sticky Mosquito Repellent Cream, Vitamin E & Almond Oil, 100g Box",Repellents,5,13,5,VND-054,DABUR INDIA LIMITED - Region Epsilon,30000,VALUE,36,36,1.0,3806.0,19,"{""sellable"": 19.0, ""contingency"": null, ""pending_putaway"": null, ""under_transfer"": null}",0,0.121,,{},0,0.0,0.0,0,0,0,0.0,0.0,N/A,133.31,115.92,Band C,0.0,19,18,0,0,17,0,0,0,19
FC-001,Baby Care,Procter & Gamble,FC-Alpha,SKU-00067,"Pampers Complete Skin Comfort Pants, Large (9-14 Kg), 4Pcs Pack",Baby Diapers and Pants,2,30,4,VND-057,P&G (Kalawati Enterprises Pvt Limited- Bihar),120000,VALUE,216,72,3.0,11621.0,144,"{""sellable"": 144.0, ""contingency"": null, ""pending_putaway"": null, ""under_transfer"": null}",0,0.063,,{},0,0.0,0.0,0,0,0,0.0,0.0,N/A,63.07,46.21,,0.0,144,34,0,0,72,1,0,0,144
FC-001,Baby Care,Procter & Gamble,FC-Alpha,SKU-00068,"Pampers Complete Skin Comfort Pants, Medium (7-12 Kg), 4Pcs Pack",Baby Diapers and Pants,2,30,4,VND-057,P&G (Kalawati Enterprises Pvt Limited- Bihar),120000,VALUE,216,72,3.0,9366.0,0,"{""sellable"": null, ""contingency"": null, ""pending_putaway"": null, ""under_transfer"": null}",0,0.0,16/03/26,"{""open_po_1"": {""promise_date"": ""2026-03-16"", ""orderedquantity"": 72.0, ""order_item_amount"": 3121.92, ""open_po_cases"": 1.0, ""mrp"": 54.0, ""price_per_unit"": 43.36, ""order_id"": ""PO-00026"", ""po_raising_drr"": 0.0, ""po_raising_total_space"": 216.0, ""po_raising_final_available_space"": 216.0, ""order_date"": ""2026-03-12""}, ""open_po_2"": {""promise_date"": ""2026-03-16"", ""orderedquantity"": 72.0, ""order_item_amount"": 3121.92, ""open_po_cases"": 1.0, ""mrp"": 54.0, ""price_per_unit"": 43.36, ""order_id"": ""PO-00025"", ""po_raising_drr"": 0.0, ""po_raising_total_space"": 216.0, ""po_raising_final_available_space"": 144.0, ""order_date"": ""2026-03-12""}}",144,6244.0,2.0,0,0,0,0.0,0.0,N/A,54.4,40.86,,0.0,144,34,0,0,72,1,0,0,144
FC-001,Baby Care,Procter & Gamble,FC-Alpha,SKU-00069,"Pampers Complete Skin Comfort Pants, Small (4-8 Kg), 4Pcs Pack",Baby Diapers and Pants,2,30,4,VND-057,P&G (Kalawati Enterprises Pvt Limited- Bihar),120000,VALUE,288,72,4.0,9944.0,144,"{""sellable"": 144.0, ""contingency"": null, ""pending_putaway"": null, ""under_transfer"": null}",0,0.063,,{},0,0.0,0.0,0,0,0,0.0,0.0,N/A,42.12,36.65,,0.0,144,34,0,0,144,2,0,0,144
FC-001,Baby Care,Procter & Gamble,FC-Alpha,SKU-00803,"Pampers Happy Skin Pants, Large (9-14 Kg), 2Pcs Pack",Baby Diapers and Pants,2,27,4,VND-057,P&G (Kalawati Enterprises Pvt Limited- Bihar),120000,VALUE,576,192,3.0,13876.0,602,"{""sellable"": 504.0, ""contingency"": 90.0, ""pending_putaway"": 8.0, ""under_transfer"": 64.0}",44,0.037,,{},0,0.0,0.0,0,13,0,0.0,0.0,N/A,28.12,21.94,Band A,13.681818181818182,602,31,1364,762,0,0,4,29,602
FC-001,Baby Care,Procter & Gamble,FC-Alpha,SKU-00804,"Pampers Happy Skin Pants, New Baby (Up to 5Kg), 2Pcs Pack",Baby Diapers and Pants,2,27,4,VND-057,P&G (Kalawati Enterprises Pvt Limited- Bihar),120000,VALUE,576,192,3.0,8326.0,592,"{""sellable"": 536.0, ""contingency"": 56.0, ""pending_putaway"": null, ""under_transfer"": 16.0}",22,0.03,,{},0,0.0,0.0,0,26,0,0.0,0.0,N/A,18.6,15.2,Band A,26.90909090909091,592,31,682,90,0,0,1,42,592
FC-001,Baby Care,Procter & Gamble,FC-Alpha,SKU-00805,"Pampers Happy Skin Pants, Medium (7-12 Kg), 2Pcs Pack",Baby Diapers and Pants,2,27,4,VND-057,P&G (Kalawati Enterprises Pvt Limited- Bihar),120000,VALUE,960,192,5.0,17730.0,288,"{""sellable"": 288.0, ""contingency"": null, ""pending_putaway"": null, ""under_transfer"": null}",92,0.037,16/03/26,"{""open_po_1"": {""promise_date"": ""2026-03-16"", ""orderedquantity"": 192.0, ""order_item_amount"": 3546.24, ""open_po_cases"": 1.0, ""mrp"": 23.0, ""price_per_unit"": 18.47, ""order_id"": ""PO-00026"", ""po_raising_drr"": 52.0, ""po_raising_total_space"": 960.0, ""po_raising_final_available_space"": 324.0, ""order_date"": ""2026-03-12""}, ""open_po_2"": {""promise_date"": ""2026-03-16"", ""orderedquantity"": 192.0, ""order_item_amount"": 3546.24, ""open_po_cases"": 1.0, ""mrp"": 23.0, ""price_per_unit"": 18.47, ""order_id"": ""PO-00025"", ""po_raising_drr"": 52.0, ""po_raising_total_space"": 960.0, ""po_raising_final_available_space"": 132.0, ""order_date"": ""2026-03-12""}}",384,7092.0,2.0,192,9,1,4045.44,0.0071,FAIL,24.23,21.07,Band A,3.130434782608696,672,31,2852,2180,288,1,12,30,864
FC-001,Baby Care,Procter & Gamble,FC-Alpha,SKU-00806,"Pampers Happy Skin Pants, Small (4-8 Kg), 2Pcs Pack",Baby Diapers and Pants,2,27,4,VND-057,P&G (Kalawati Enterprises Pvt Limited- Bihar),120000,VALUE,1152,192,6.0,16651.0,1003,"{""sellable"": 995.0, ""contingency"": 8.0, ""pending_putaway"": null, ""under_transfer"": 8.0}",120,0.035,,"{""open_po_1"": {""promise_date"": null, ""orderedquantity"": 192.0, ""order_item_amount"": 2774.4, ""open_po_cases"": 1.0, ""mrp"": 18.0, ""price_per_unit"": 14.450000000000001, ""order_id"": ""PO-00048"", ""po_raising_drr"": 120.0, ""po_raising_total_space"": 1152.0, ""po_raising_final_available_space"": 309.0, ""order_date"": ""2026-03-16""}}",192,2774.0,1.0,0,9,0,0.0,0.0,N/A,16.88,12.69,Band A,8.358333333333333,1195,31,3720,2525,0,0,14,50,1195
FC-001,Baby Care,Unicharm India Pvt Ltd,FC-Alpha,SKU-00247,"MamyPoko Pants Extra Absorb Diapers, Small (4-8 Kg), 2Pcs Pack",Baby Diapers and Pants,4,23,13,VND-047,Three Brothers - Region Epsilon,10000,VALUE,120,120,1.0,2015.0,5,"{""sellable"": 5.0, ""contingency"": null, ""pending_putaway"": null, ""under_transfer"": null}",0,0.051,,{},0,0.0,0.0,0,0,0,0.0,0.0,N/A,22.08,17.66,,0.0,5,36,0,0,115,0,0,0,5
FC-001,Home Care,Dabur India Limited,FC-Alpha,SKU-00732,"Odonil Room Spray, Rose Garden, 126g / 220ml Bottle",Home Fresheners,5,16,5,VND-054,DABUR INDIA LIMITED - Region Epsilon,30000,VALUE,48,24,2.0,6568.0,23,"{""sellable"": 23.0, ""contingency"": null, ""pending_putaway"": null, ""under_transfer"": null}",1,0.2024,19/03/26,"{""open_po_1"": {""promise_date"": ""2026-03-19"", ""orderedquantity"": 24.0, ""order_item_amount"": 3284.16, ""open_po_cases"": 1.0, ""mrp"": 169.0, ""price_per_unit"": 136.84, ""order_id"": ""PO-00053"", ""po_raising_drr"": 1.0, ""po_raising_total_space"": 48.0, ""po_raising_final_available_space"": 32.0, ""order_date"": ""2026-03-14""}}",24,3284.0,1.0,0,47,0,0.0,0.0,N/A,156.8,116.38,Band C,23.0,47,21,21,0,1,0,0,11,47
FC-001,Baby Care,Unicharm India Pvt Ltd,FC-Alpha,SKU-00390,"MamyPoko Pants Standard Diapers, Small (4-8 Kg), 4Pcs Pack",Baby Diapers and Pants,4,13,4,VND-047,Three Brothers - Region Epsilon,10000,VALUE,48,48,1.0,1350.0,6,"{""sellable"": null, ""contingency"": null, ""pending_putaway"": 6.0, ""under_transfer"": null}",0,0.11,,{},0,0.0,0.0,0,0,0,0.0,0.0,N/A,41.25,31.23,,0.0,6,17,0,0,42,0,0,0,6
FC-001,Home Care,Dabur India Limited,FC-Alpha,SKU-00751,"Dabur Odomos Non-Sticky Mosquito Repellent Cream, Vitamin E & Almond Oil, 50g Box",Repellents,5,16,5,VND-054,DABUR INDIA LIMITED - Region Epsilon,30000,VALUE,144,72,2.0,8247.0,56,"{""sellable"": 56.0, ""contingency"": null, ""pending_putaway"": null, ""under_transfer"": null}",2,0.065,,{},0,0.0,0.0,72,64,1,4291.92,0.0047,FAIL,62.65,59.61,Band C,28.0,56,21,42,0,88,1,0,7,128
FC-001,Baby Care,Unicharm India Pvt Ltd,FC-Alpha,SKU-00722,"MamyPoko Pants Standard Diapers, Small (4-8 Kg), 1Pc Pack",Baby Diapers and Pants,4,14,4,VND-047,Three Brothers - Region Epsilon,10000,VALUE,5520,240,23.0,38640.0,85,"{""sellable"": 5.0, ""contingency"": null, ""pending_putaway"": null, ""under_transfer"": null}",0,0.02,,{},0,0.0,0.0,0,0,0,0.0,0.0,N/A,10.04,7.4,Band C,0.0,85,18,0,0,5435,22,0,0,85
FC-001,Home Care,Dabur India Limited,FC-Alpha,SKU-00755,"Odonil Room Freshener, Jasmine Fresh, 220ml Bottle",Home Fresheners,5,16,5,VND-054,DABUR INDIA LIMITED - Region Epsilon,30000,VALUE,48,24,2.0,6568.0,33,"{""sellable"": 33.0, ""contingency"": null, ""pending_putaway"": null, ""under_transfer"": null}",1,0.228,,{},0,0.0,0.0,0,33,0,0.0,0.0,N/A,173.58,118.41,Band C,33.0,33,21,21,0,15,0,0,11,33
FC-001,Baby Care,Unicharm India Pvt Ltd,FC-Alpha,SKU-00723,"MamyPoko Pants Standard Diapers, Large (9-14 Kg), 1Pc Pack",Baby Diapers and Pants,4,13,4,VND-047,Three Brothers - Region Epsilon,10000,VALUE,480,240,2.0,4368.0,128,"{""sellable"": 10.0, ""contingency"": null, ""pending_putaway"": 58.0, ""under_transfer"": null}",0,0.035,,{},0,0.0,0.0,0,0,0,0.0,0.0,N/A,11.23,10.31,,0.0,128,17,0,0,352,1,0,0,128
FC-001,Home Care,Dabur India Limited,FC-Alpha,SKU-00756,"Odonil Air Freshener, Assorted, 192g Box",Home Fresheners,5,16,5,VND-054,DABUR INDIA LIMITED - Region Epsilon,30000,VALUE,48,48,1.0,8966.0,42,"{""sellable"": 42.0, ""contingency"": null, ""pending_putaway"": null, ""under_transfer"": null}",1,0.192,,{},0,0.0,0.0,0,42,0,0.0,0.0,N/A,197.25,173.2,Band C,42.0,42,21,21,0,6,0,0,4,42
FC-001,Baby Care,Unicharm India Pvt Ltd,FC-Alpha,SKU-00724,"MamyPoko Pants Standard Diapers, Medium (7-12Kg), 1Pc Pack",Baby Diapers and Pants,4,14,4,VND-047,Three Brothers - Region Epsilon,10000,VALUE,480,240,2.0,4032.0,150,"{""sellable"": null, ""contingency"": null, ""pending_putaway"": null, ""under_transfer"": null}",0,0.028,,{},0,0.0,0.0,0,0,0,0.0,0.0,N/A,10.81,8.39,Band C,0.0,150,18,0,0,330,1,0,0,150
FC-001,Home Care,Dabur India Limited,FC-Alpha,SKU-00757,"Odonil Room Air Freshener Spray, Lavender Mist, 220ml Bottle",Home Fresheners,5,16,5,VND-054,DABUR INDIA LIMITED - Region Epsilon,30000,VALUE,48,24,2.0,6568.0,14,"{""sellable"": 14.0, ""contingency"": null, ""pending_putaway"": null, ""under_transfer"": null}",1,0.22,19/03/26,"{""open_po_1"": {""promise_date"": ""2026-03-19"", ""orderedquantity"": 24.0, ""order_item_amount"": 3284.16, ""open_po_cases"": 1.0, ""mrp"": 169.0, ""price_per_unit"": 136.84, ""order_id"": ""PO-00053"", ""po_raising_drr"": 1.0, ""po_raising_total_space"": 48.0, ""po_raising_final_available_space"": 38.0, ""order_date"": ""2026-03-14""}}",24,3284.0,1.0,0,38,0,0.0,0.0,N/A,175.29,118.76,Band C,14.0,38,21,21,0,10,0,0,11,38
FC-001,Baby Care,Unicharm India Pvt Ltd,FC-Alpha,SKU-00993,"MamyPoko Pants Standard Baby Diaper, Newborn (Upto 5Kg), 1Pc Pack",Baby Diapers and Pants,4,13,4,VND-047,Three Brothers - Region Epsilon,10000,VALUE,240,240,1.0,1344.0,0,"{""sellable"": null, ""contingency"": null, ""pending_putaway"": null, ""under_transfer"": null}",0,0.015,,{},0,0.0,0.0,0,0,0,0.0,0.0,N/A,9.08,6.22,,0.0,0,17,0,0,240,1,0,0,0
FC-001,Home Care,Dabur India Limited,FC-Alpha,SKU-00945,"Odonil Air Freshener, Assorted, 288g Box (4Pcs X 72g)",Home Fresheners,5,16,5,VND-054,DABUR INDIA LIMITED - Region Epsilon,30000,VALUE,32,32,1.0,8740.0,30,"{""sellable"": 30.0, ""contingency"": null, ""pending_putaway"": null, ""under_transfer"": null}",0,0.288,,{},0,0.0,0.0,0,0,0,0.0,0.0,N/A,301.58,281.63,Band C,0.0,30,21,0,0,2,0,0,0,30
FC-001,Beverages,Cipla Health Limited,FC-Alpha,SKU-00939,"Cipla Prolyte ORS, Mixed Fruit, 200ml Tetra Pak",Energy Drinks,1,7,4,VND-044,SIDDHI VINAYAK TRADERS - Region Alpha,120000,VALUE,300,60,5.0,4800.0,0,"{""sellable"": null, ""contingency"": null, ""pending_putaway"": null, ""under_transfer"": null}",4,0.2,,{},0,0.0,0.0,300,75,5,4125.0,0.06,FAIL,34.41,13.75,Band C,0.0,0,11,44,44,300,5,1,146,300
FC-001,Beverages,Cipla Health Limited,FC-Alpha,SKU-00940,"Cipla Prolyte ORS, Nimbu Paani, 200ml Tetra Pak",Energy Drinks,1,7,4,VND-044,SIDDHI VINAYAK TRADERS - Region Alpha,120000,VALUE,300,60,5.0,4800.0,0,"{""sellable"": null, ""contingency"": null, ""pending_putaway"": null, ""under_transfer"": null}",6,0.212,,{},0,0.0,0.0,300,50,5,5421.0,0.0636,FAIL,29.65,18.07,Band C,0.0,0,11,66,66,300,5,2,111,300
FC-001,Beverages,Cipla Health Limited,FC-Alpha,SKU-00941,"Cipla Prolyte ORS, Orange, 200ml Tetra Pak",Energy Drinks,1,7,4,VND-044,SIDDHI VINAYAK TRADERS - Region Alpha,120000,VALUE,360,60,6.0,5760.0,3,"{""sellable"": 3.0, ""contingency"": null, ""pending_putaway"": null, ""under_transfer"": null}",52,0.21,,{},0,0.0,0.0,300,5,5,5073.0,0.063,FAIL,28.17,16.91,Band B,0.057692307692307696,3,11,572,569,357,5,10,119,303
FC-001,Beverages,Cipla Health Limited,FC-Alpha,SKU-00942,"Cipla Prolyte ORS, Apple, 200ml Tetra Pak",Energy Drinks,1,30,4,VND-044,SIDDHI VINAYAK TRADERS - Region Alpha,120000,VALUE,480,60,8.0,7680.0,0,"{""sellable"": null, ""contingency"": null, ""pending_putaway"": null, ""under_transfer"": null}",50,0.21,,{},0,0.0,0.0,480,9,8,8088.0,0.1008,FAIL,33.24,16.85,Band A,0.0,0,34,1700,1700,480,8,29,119,480
FC-001,Packaged Foods,Dabur India Limited,FC-Alpha,SKU-00396,"Dabur Honey Squeezy, 225g Bottle",Honey,5,16,5,VND-054,DABUR INDIA LIMITED - Region Epsilon,30000,VALUE,48,24,2.0,10348.0,41,"{""sellable"": 39.0, ""contingency"": null, ""pending_putaway"": 2.0, ""under_transfer"": null}",0,0.252,,{},0,0.0,0.0,0,0,0,0.0,0.0,N/A,246.56,196.21,Band C,0.0,41,21,0,0,7,0,0,0,41
FC-001,Packaged Foods,Dabur India Limited,FC-Alpha,SKU-00779,"Dabur Honey, 250g Glass Bottle",Honey,5,14,4,VND-054,DABUR INDIA LIMITED - Region Epsilon,30000,VALUE,72,36,2.0,7792.0,18,"{""sellable"": 18.0, ""contingency"": null, ""pending_putaway"": null, ""under_transfer"": null}",2,0.25,21/03/26,"{""open_po_1"": {""promise_date"": ""2026-03-21"", ""orderedquantity"": 36.0, ""order_item_amount"": 3896.28, ""open_po_cases"": 1.0, ""mrp"": 125.0, ""price_per_unit"": 108.23, ""order_id"": ""PO-00036"", ""po_raising_drr"": 2.0, ""po_raising_total_space"": 72.0, ""po_raising_final_available_space"": 62.0, ""order_date"": ""2026-03-16""}}",36,3896.0,1.0,0,27,0,0.0,0.0,N/A,129.25,95.54,Band C,9.0,54,18,36,0,18,0,0,9,54
FC-001,Personal Care,Dabur India Limited,FC-Alpha,SKU-00044,"Dabur Anmol Gold Pure Coconut Oil, 20ml Bottle",Hair Oil,5,16,5,VND-054,DABUR INDIA LIMITED - Region Epsilon,30000,VALUE,672,336,2.0,5623.0,401,"{""sellable"": 401.0, ""contingency"": null, ""pending_putaway"": null, ""under_transfer"": null}",32,0.0184,19/03/26,"{""open_po_1"": {""promise_date"": ""2026-03-19"", ""orderedquantity"": 336.0, ""order_item_amount"": 2812.32, ""open_po_cases"": 1.0, ""mrp"": 10.0, ""price_per_unit"": 8.370000000000001, ""order_id"": ""PO-00053"", ""po_raising_drr"": 34.0, ""po_raising_total_space"": 672.0, ""po_raising_final_available_space"": 341.0, ""order_date"": ""2026-03-14""}}",336,2812.0,1.0,0,23,0,0.0,0.0,N/A,10.58,7.53,Band B,12.53125,737,21,672,0,0,0,0,12,737
FC-001,Personal Care,Dabur India Limited,FC-Alpha,SKU-00216,"Dabur Red Toothpaste, 50g Box",Toothpaste,5,14,4,VND-054,DABUR INDIA LIMITED - Region Epsilon,30000,VALUE,288,144,2.0,6344.0,24,"{""sellable"": 24.0, ""contingency"": null, ""pending_putaway"": null, ""under_transfer"": null}",49,0.06,19/03/26,"{""open_po_1"": {""promise_date"": ""2026-03-19"", ""orderedquantity"": 144.0, ""order_item_amount"": 3172.32, ""open_po_cases"": 1.0, ""mrp"": 25.0, ""price_per_unit"": 22.03, ""order_id"": ""PO-00053"", ""po_raising_drr"": 8.0, ""po_raising_total_space"": 288.0, ""po_raising_final_available_space"": 212.0, ""order_date"": ""2026-03-14""}, ""open_po_2"": {""promise_date"": null, ""orderedquantity"": 144.0, ""order_item_amount"": 3172.32, ""open_po_cases"": 1.0, ""mrp"": 25.0, ""price_per_unit"": 22.03, ""order_id"": ""PO-00036"", ""po_raising_drr"": 49.0, ""po_raising_total_space"": 288.0, ""po_raising_final_available_space"": 242.0, ""order_date"": ""2026-03-16""}}",288,6345.0,2.0,0,6,0,0.0,0.0,N/A,26.96,23.44,Band B,0.4897959183673469,312,18,882,570,0,0,4,9,312
FC-001,Personal Care,Dabur India Limited,FC-Alpha,SKU-00315,"Dabur Vatika Health Shampoo, 6.5ml Sachet",Shampoo,5,14,4,VND-054,DABUR INDIA LIMITED - Region Epsilon,30000,VALUE,1920,960,2.0,1494.0,1555,"{""sellable"": 224.0, ""contingency"": 1331.0, ""pending_putaway"": null, ""under_transfer"": 768.0}",432,0.006,,"{""open_po_1"": {""promise_date"": null, ""orderedquantity"": 960.0, ""order_item_amount"": 748.8, ""open_po_cases"": 1.0, ""mrp"": 1.0, ""price_per_unit"": 0.7799999999999999, ""order_id"": ""PO-00036"", ""po_raising_drr"": 432.0, ""po_raising_total_space"": 1920.0, ""po_raising_final_available_space"": 1920.0, ""order_date"": ""2026-03-16""}}",960,749.0,1.0,0,5,0,0.0,0.0,N/A,0.87,0.82,Band B,3.599537037037037,2515,18,7776,5261,0,0,6,39,2515
FC-001,Personal Care,Dabur India Limited,FC-Alpha,SKU-00339,"Dabur Red Toothpaste, 150g Box",Toothpaste,5,14,4,VND-054,DABUR INDIA LIMITED - Region Epsilon,30000,VALUE,96,48,2.0,9896.0,22,"{""sellable"": 22.0, ""contingency"": null, ""pending_putaway"": null, ""under_transfer"": null}",7,0.175,19/03/26,"{""open_po_1"": {""promise_date"": ""2026-03-19"", ""orderedquantity"": 48.0, ""order_item_amount"": 4947.84, ""open_po_cases"": 1.0, ""mrp"": 117.0, ""price_per_unit"": 103.08, ""order_id"": ""PO-00053"", ""po_raising_drr"": 3.0, ""po_raising_total_space"": 96.0, ""po_raising_final_available_space"": 71.0, ""order_date"": ""2026-03-14""}, ""open_po_2"": {""promise_date"": null, ""orderedquantity"": 48.0, ""order_item_amount"": 4947.84, ""open_po_cases"": 1.0, ""mrp"": 117.0, ""price_per_unit"": 103.08, ""order_id"": ""PO-00036"", ""po_raising_drr"": 7.0, ""po_raising_total_space"": 96.0, ""po_raising_final_available_space"": 52.0, ""order_date"": ""2026-03-16""}}",96,9896.0,2.0,0,16,0,0.0,0.0,N/A,123.34,117.49,Band B,3.142857142857143,118,18,126,8,0,0,1,6,118
FC-001,Personal Care,Dabur India Limited,FC-Alpha,SKU-00415,"Dabur Amla Hair Oil, 25ml Bottle",Hair Oil,5,16,5,VND-054,DABUR INDIA LIMITED - Region Epsilon,30000,VALUE,864,480,2.0,6851.0,0,"{""sellable"": null, ""contingency"": null, ""pending_putaway"": null, ""under_transfer"": null}",0,0.0,19/03/26,"{""open_po_1"": {""promise_date"": ""2026-03-19"", ""orderedquantity"": 480.0, ""order_item_amount"": 3806.4, ""open_po_cases"": 1.1111111111111112, ""mrp"": 9.0, ""price_per_unit"": 7.930000000000001, ""order_id"": ""PO-00053"", ""po_raising_drr"": 0.0, ""po_raising_total_space"": 864.0, ""po_raising_final_available_space"": 864.0, ""order_date"": ""2026-03-14""}}",480,3806.0,1.0,0,0,0,0.0,0.0,N/A,9.42,8.55,,0.0,480,21,0,0,384,0,0,0,480
FC-001,Personal Care,Dabur India Limited,FC-Alpha,SKU-00651,"Dabur Amla Hair Oil, 45ml Bottle",Hair Oil,5,13,5,VND-054,DABUR INDIA LIMITED - Region Epsilon,30000,VALUE,480,240,2.0,7612.0,0,"{""sellable"": null, ""contingency"": null, ""pending_putaway"": null, ""under_transfer"": null}",0,0.0,19/03/26,"{""open_po_1"": {""promise_date"": ""2026-03-19"", ""orderedquantity"": 240.0, ""order_item_amount"": 3806.4, ""open_po_cases"": 1.0, ""mrp"": 18.0, ""price_per_unit"": 15.860000000000001, ""order_id"": ""PO-00053"", ""po_raising_drr"": 0.0, ""po_raising_total_space"": 480.0, ""po_raising_final_available_space"": 480.0, ""order_date"": ""2026-03-14""}}",240,3806.0,1.0,0,0,0,0.0,0.0,N/A,20.7,18.0,,0.0,240,18,0,0,240,1,0,0,240
FC-001,Personal Care,Dabur India Limited,FC-Alpha,SKU-00652,"Dabur Amla Hair Oil, 90ml Bottle",Hair Oil,5,16,5,VND-054,DABUR INDIA LIMITED - Region Epsilon,30000,VALUE,144,84,2.0,6344.0,1,"{""sellable"": 1.0, ""contingency"": null, ""pending_putaway"": null, ""under_transfer"": null}",10,0.102,19/03/26,"{""open_po_1"": {""promise_date"": ""2026-03-19"", ""orderedquantity"": 84.0, ""order_item_amount"": 3700.2, ""open_po_cases"": 1.0, ""mrp"": 50.0, ""price_per_unit"": 44.05, ""order_id"": ""PO-00053"", ""po_raising_drr"": 15.0, ""po_raising_total_space"": 144.0, ""po_raising_final_available_space"": 144.0, ""order_date"": ""2026-03-14""}}",84,3700.0,1.0,0,8,0,0.0,0.0,N/A,56.76,46.73,Band C,0.1,85,21,210,125,59,0,2,8,85
FC-001,Personal Care,Dabur India Limited,FC-Alpha,SKU-00654,"Dabur Amla Hair Oil, 180ml Bottle",Hair Oil,5,16,5,VND-054,DABUR INDIA LIMITED - Region Epsilon,30000,VALUE,120,60,2.0,9727.0,118,"{""sellable"": 116.0, ""contingency"": 2.0, ""pending_putaway"": null, ""under_transfer"": 2.0}",3,0.18,,{},0,0.0,0.0,0,39,0,0.0,0.0,N/A,82.37,76.15,Band B,39.333333333333336,118,21,63,0,2,0,0,7,118
FC-001,Personal Care,Dabur India Limited,FC-Alpha,SKU-00663,"Dabur Red Toothpaste, 36g Box",Toothpaste,5,14,4,VND-054,DABUR INDIA LIMITED - Region Epsilon,30000,VALUE,144,144,1.0,2284.0,14,"{""sellable"": 8.0, ""contingency"": null, ""pending_putaway"": 6.0, ""under_transfer"": null}",0,0.047,19/03/26,"{""open_po_1"": {""promise_date"": ""2026-03-19"", ""orderedquantity"": 144.0, ""order_item_amount"": 2283.84, ""open_po_cases"": 1.0, ""mrp"": 18.0, ""price_per_unit"": 15.860000000000001, ""order_id"": ""PO-00053"", ""po_raising_drr"": 0.0, ""po_raising_total_space"": 144.0, ""po_raising_final_available_space"": 136.0, ""order_date"": ""2026-03-14""}}",144,2284.0,1.0,0,0,0,0.0,0.0,N/A,17.63,13.98,,0.0,158,18,0,0,0,0,0,0,158
FC-001,Beverages,Hector Beverages,FC-Alpha,SKU-00890,"Paper Boat Swing+ Juicier Drink, Zesty Pomegranate, 270ml Bottle",Fruit Drinks,1,18,4,VND-044,SIDDHI VINAYAK TRADERS - Region Alpha,120000,VALUE,300,30,10.0,4650.0,0,"{""sellable"": null, ""contingency"": null, ""pending_putaway"": null, ""under_transfer"": null}",0,0.275,16/03/26,{},300,0.0,0.0,0,0,0,0.0,0.0,N/A,22.82,16.81,Band C,0.0,300,22,0,0,0,0,0,0,300
FC-001,Personal Care,Dabur India Limited,FC-Alpha,SKU-00669,"Dabur Lal Tooth Powder, 100g Bottle",Tooth Powder,5,16,5,VND-054,DABUR INDIA LIMITED - Region Epsilon,30000,VALUE,80,80,1.0,4934.0,84,"{""sellable"": 84.0, ""contingency"": null, ""pending_putaway"": null, ""under_transfer"": null}",0,0.122,,{},0,0.0,0.0,0,0,0,0.0,0.0,N/A,79.32,66.88,Band C,0.0,84,21,0,0,0,0,0,0,84
FC-001,Beverages,Hector Beverages,FC-Alpha,SKU-00891,"Paper Boat Swing+ Juicer Drink, Lush Lychee, Rs.20 Bottle",Fruit Drinks,1,18,4,VND-044,SIDDHI VINAYAK TRADERS - Region Alpha,120000,VALUE,300,30,10.0,4650.0,0,"{""sellable"": null, ""contingency"": null, ""pending_putaway"": null, ""under_transfer"": null}",0,0.25,16/03/26,{},300,0.0,0.0,0,0,0,0.0,0.0,N/A,22.64,16.61,,0.0,300,22,0,0,0,0,0,0,300
FC-001,Personal Care,Dabur India Limited,FC-Alpha,SKU-00670,"Dabur Lal Tooth Powder, 60g Bottle",Tooth Powder,5,16,5,VND-054,DABUR INDIA LIMITED - Region Epsilon,30000,VALUE,288,144,2.0,9389.0,191,"{""sellable"": 191.0, ""contingency"": null, ""pending_putaway"": null, ""under_transfer"": null}",10,0.06,19/03/26,"{""open_po_1"": {""promise_date"": ""2026-03-19"", ""orderedquantity"": 144.0, ""order_item_amount"": 4694.4, ""open_po_cases"": 1.0, ""mrp"": 37.0, ""price_per_unit"": 32.599999999999994, ""order_id"": ""PO-00053"", ""po_raising_drr"": 20.0, ""po_raising_total_space"": 288.0, ""po_raising_final_available_space"": 173.0, ""order_date"": ""2026-03-14""}}",144,4694.0,1.0,0,33,0,0.0,0.0,N/A,36.11,34.01,Band B,19.1,335,21,210,0,0,0,0,7,335
FC-001,Beverages,Hector Beverages,FC-Alpha,SKU-00892,"Paper Boat Swing+ Juicer Drink, Yummy Guava, 250ml Bottle",Fruit Drinks,1,18,4,VND-044,SIDDHI VINAYAK TRADERS - Region Alpha,120000,VALUE,300,30,10.0,4650.0,0,"{""sellable"": null, ""contingency"": null, ""pending_putaway"": null, ""under_transfer"": null}",0,0.28,16/03/26,{},300,0.0,0.0,0,0,0,0.0,0.0,N/A,20.59,15.05,,0.0,300,22,0,0,0,0,0,0,300
FC-001,Beverages,Hell Energy,FC-Alpha,SKU-00323,"Hell Energy Drink, Classic, 250ml Can",Energy Drinks,4,30,4,VND-067,Real Time Logistics - Region Epsilon,600,CASES,2640,24,110.0,123209.0,399,"{""sellable"": 379.0, ""contingency"": null, ""pending_putaway"": 20.0, ""under_transfer"": null}",221,0.275,,{},0,0.0,0.0,2232,11,93,98766.0,0.6138,FAIL,67.59,44.25,Band A,1.8054298642533937,399,34,7514,7115,2241,93,297,600,2631
FC-001,Beverages,Parle Agro,FC-Alpha,SKU-00001,"Frooti Mango Drink, 330ml Bottle, MRP 20",Fruit Drinks,2,15,4,VND-032,PARLE AGRO PRIVATE LIMITED - Region Alpha,10000,CASES,2130,30,71.0,34932.0,933,"{""sellable"": 933.0, ""contingency"": null, ""pending_putaway"": null, ""under_transfer"": null}",135,0.3036,18/03/26,"{""open_po_1"": {""promise_date"": ""2026-03-18"", ""orderedquantity"": 900.0, ""order_item_amount"": 14760.0, ""open_po_cases"": 30.0, ""mrp"": 20.0, ""price_per_unit"": 16.4, ""order_id"": ""PO-00063"", ""po_raising_drr"": 235.0, ""po_raising_total_space"": 2130.0, ""po_raising_final_available_space"": 887.0, ""order_date"": ""2026-03-15""}}",900,14760.0,30.0,270,15,9,4649.4,0.082,FAIL,17.53,17.22,,6.911111111111111,1833,19,2565,732,297,9,25,10000,2103
FC-001,Beverages,Parle Agro,FC-Alpha,SKU-00156,"Appy Apple Juice Drink, 65ml Tetra Pak",Fruit Drinks,2,11,4,VND-032,PARLE AGRO PRIVATE LIMITED - Region Alpha,10000,CASES,100,64,2.0,385.0,0,"{""sellable"": null, ""contingency"": null, ""pending_putaway"": null, ""under_transfer"": null}",0,0.067,18/03/26,"{""open_po_1"": {""promise_date"": ""2026-03-18"", ""orderedquantity"": 128.0, ""order_item_amount"": 492.8, ""open_po_cases"": 1.28, ""mrp"": 4.7, ""price_per_unit"": 3.85, ""order_id"": ""PO-00063"", ""po_raising_drr"": 0.0, ""po_raising_total_space"": 100.0, ""po_raising_final_available_space"": 100.0, ""order_date"": ""2026-03-15""}}",128,493.0,1.0,0,0,0,0.0,0.0,N/A,4.27,4.21,,0.0,128,15,0,0,0,0,0,0,128
FC-001,Beverages,Parle Agro,FC-Alpha,SKU-00325,"Frooti Mango Drink, Rs.10 Bottle",Fruit Drinks,2,30,4,VND-032,PARLE AGRO PRIVATE LIMITED - Region Alpha,10000,CASES,3840,40,96.0,31488.0,37,"{""sellable"": 29.0, ""contingency"": null, ""pending_putaway"": null, ""under_transfer"": null}",14,0.115,18/03/26,"{""open_po_1"": {""promise_date"": ""2026-03-18"", ""orderedquantity"": 3840.0, ""order_item_amount"": 31488.0, ""open_po_cases"": 96.0, ""mrp"": 10.0, ""price_per_unit"": 8.2, ""order_id"": ""PO-00063"", ""po_raising_drr"": 39.0, ""po_raising_total_space"": 3840.0, ""po_raising_final_available_space"": 3832.0, ""order_date"": ""2026-03-15""}}",3840,31488.0,96.0,0,276,0,0.0,0.0,N/A,10.18,8.85,Band B,2.642857142857143,3877,34,476,0,0,0,0,10000,3877
FC-001,Beverages,Parle Agro,FC-Alpha,SKU-00346,"Appy Fizz Apple Juice Drink, 600ml Bottle",Fruit Drinks,2,11,4,VND-032,PARLE AGRO PRIVATE LIMITED - Region Alpha,10000,CASES,24,24,1.0,787.0,0,"{""sellable"": null, ""contingency"": null, ""pending_putaway"": null, ""under_transfer"": null}",0,0.66,18/03/26,"{""open_po_1"": {""promise_date"": ""2026-03-18"", ""orderedquantity"": 24.0, ""order_item_amount"": 787.2, ""open_po_cases"": 1.0, ""mrp"": 40.0, ""price_per_unit"": 32.800000000000004, ""order_id"": ""PO-00063"", ""po_raising_drr"": 0.0, ""po_raising_total_space"": 24.0, ""po_raising_final_available_space"": 24.0, ""order_date"": ""2026-03-15""}}",24,787.0,1.0,0,0,0,0.0,0.0,N/A,37.9,35.73,Band C,0.0,24,15,0,0,0,0,0,0,24
FC-001,Beverages,Parle Agro,FC-Alpha,SKU-00453,"Appy Fizz Apple Juice Drink, Rs.20 Bottle",Fruit Drinks,2,30,4,VND-032,PARLE AGRO PRIVATE LIMITED - Region Alpha,10000,CASES,2550,30,85.0,41820.0,1632,"{""sellable"": 1602.0, ""contingency"": null, ""pending_putaway"": 30.0, ""under_transfer"": null}",291,0.27,18/03/26,"{""open_po_1"": {""promise_date"": ""2026-03-18"", ""orderedquantity"": 1200.0, ""order_item_amount"": 19680.0, ""open_po_cases"": 40.0, ""mrp"": 20.0, ""price_per_unit"": 16.4, ""order_id"": ""PO-00063"", ""po_raising_drr"": 530.0, ""po_raising_total_space"": 2550.0, ""po_raising_final_available_space"": 1192.0, ""order_date"": ""2026-03-15""}}",1200,19680.0,40.0,0,9,0,0.0,0.0,N/A,19.33,16.08,Band A,5.608247422680412,2832,34,9894,7062,0,0,236,10000,2832
FC-001,Beverages,Parle Agro,FC-Alpha,SKU-00456,"Frooti Mango Drink, 65ml Tetra Pak",Fruit Drinks,2,11,4,VND-032,PARLE AGRO PRIVATE LIMITED - Region Alpha,10000,CASES,64,64,1.0,262.0,64,"{""sellable"": 64.0, ""contingency"": null, ""pending_putaway"": null, ""under_transfer"": null}",0,0.0598,,{},0,0.0,0.0,0,0,0,0.0,0.0,N/A,4.66,4.49,,0.0,64,15,0,0,0,0,0,0,64
FC-001,Beverages,Parle Agro,FC-Alpha,SKU-00458,"Frooti Mango Drink, Rs.10 Tetra Pak",Fruit Drinks,2,11,4,VND-032,PARLE AGRO PRIVATE LIMITED - Region Alpha,10000,CASES,3960,40,99.0,32472.0,682,"{""sellable"": 662.0, ""contingency"": null, ""pending_putaway"": 20.0, ""under_transfer"": null}",312,0.141,16/03/26,"{""open_po_1"": {""promise_date"": ""2026-03-18"", ""orderedquantity"": 2360.0, ""order_item_amount"": 19352.0, ""open_po_cases"": 59.0, ""mrp"": 10.0, ""price_per_unit"": 8.2, ""order_id"": ""PO-00063"", ""po_raising_drr"": 512.0, ""po_raising_total_space"": 3960.0, ""po_raising_final_available_space"": 2329.0, ""order_date"": ""2026-03-15""}, ""open_po_2"": {""promise_date"": ""2026-03-16"", ""orderedquantity"": 1440.0, ""order_item_amount"": 11808.0, ""open_po_cases"": 36.0, ""mrp"": 10.0, ""price_per_unit"": 8.2, ""order_id"": ""PO-00015"", ""po_raising_drr"": 260.0, ""po_raising_total_space"": 3960.0, ""po_raising_final_available_space"": 2055.0, ""order_date"": ""2026-03-13""}}",3800,31160.0,95.0,0,14,0,0.0,0.0,N/A,10.99,7.27,Band A,2.1858974358974357,4482,15,4680,198,0,0,5,10000,4482
FC-001,Beverages,Parle Agro,FC-Alpha,SKU-00830,"Frooti Mango Drink, 200ml Tetra Pak",Fruit Drinks,2,11,4,VND-032,PARLE AGRO PRIVATE LIMITED - Region Alpha,10000,CASES,90,30,3.0,1033.0,2,"{""sellable"": 2.0, ""contingency"": null, ""pending_putaway"": null, ""under_transfer"": null}",8,0.2,16/03/26,"{""open_po_1"": {""promise_date"": ""2026-03-18"", ""orderedquantity"": 30.0, ""order_item_amount"": 344.4, ""open_po_cases"": 1.0, ""mrp"": 14.0, ""price_per_unit"": 11.479999999999999, ""order_id"": ""PO-00063"", ""po_raising_drr"": 14.0, ""po_raising_total_space"": 90.0, ""po_raising_final_available_space"": 26.0, ""order_date"": ""2026-03-15""}, ""open_po_2"": {""promise_date"": ""2026-03-16"", ""orderedquantity"": 90.0, ""order_item_amount"": 1033.2, ""open_po_cases"": 3.0, ""mrp"": 14.0, ""price_per_unit"": 11.48, ""order_id"": ""PO-00015"", ""po_raising_drr"": 10.0, ""po_raising_total_space"": 90.0, ""po_raising_final_available_space"": 90.0, ""order_date"": ""2026-03-13""}}",120,1378.0,4.0,0,15,0,0.0,0.0,N/A,13.4,11.63,Band C,0.25,122,15,120,0,0,0,0,10000,122
FC-001,Beverages,Red Bull India Private Limited,FC-Alpha,SKU-00797,"Red Bull Energy Drink, 250ml Can",Energy Drinks,4,30,4,VND-037,RED BULL INDIA PRIVATE LIMITED - Region Zeta,10000,CASES,2712,24,113.0,248284.0,481,"{""sellable"": 477.0, ""contingency"": null, ""pending_putaway"": null, ""under_transfer"": null}",374,0.23,,"{""open_po_1"": {""promise_date"": null, ""orderedquantity"": 2544.0, ""order_item_amount"": 232903.2, ""open_po_cases"": 106.0, ""mrp"": 125.0, ""price_per_unit"": 91.55000000000001, ""order_id"": ""PO-00035"", ""po_raising_drr"": 374.0, ""po_raising_total_space"": 2712.0, ""po_raising_final_available_space"": 2712.0, ""order_date"": ""2026-03-16""}}",2544,232903.0,106.0,0,8,0,0.0,0.0,N/A,116.79,77.98,Band A,1.286096256684492,3025,34,12716,9691,0,0,404,10000,3025
FC-001,Beverages,Red Bull India Private Limited,FC-Alpha,SKU-00797,"Red Bull Energy Drink, 250ml Can",Energy Drinks,1,30,4,VND-046,Shree Krishna Enterprises - Region Epsilon,70000,VALUE,2712,24,113.0,236161.0,481,"{""sellable"": 477.0, ""contingency"": null, ""pending_putaway"": null, ""under_transfer"": null}",374,0.23,,{},2544,0.0,0.0,0,8,0,0.0,0.0,N/A,126.6,82.5,Band A,1.286096256684492,3025,34,12716,9691,0,0,404,36,3025
FC-001,Beverages,Red Bull India Private Limited,FC-Alpha,SKU-00797,"Red Bull Energy Drink, 250ml Can",Energy Drinks,4,30,4,VND-067,Real Time Logistics - Region Epsilon,600,CASES,2712,24,113.0,245192.0,481,"{""sellable"": 477.0, ""contingency"": null, ""pending_putaway"": null, ""under_transfer"": null}",374,0.23,,{},2544,0.0,0.0,0,8,0,0.0,0.0,N/A,111.53,86.79,Band A,1.286096256684492,3025,34,12716,9691,0,0,404,600,3025
FC-001,Beverages,Reliance Retail Ltd,FC-Alpha,SKU-00050,"Campa Jeera Up, Masala Flavoured, 500ml Bottle",Soft Cola Drinks,4,15,5,VND-016,Reliance Consumer Products Limited - Region Gamma,450,CASES,120,24,5.0,1656.0,0,"{""sellable"": null, ""contingency"": null, ""pending_putaway"": null, ""under_transfer"": null}",0,0.0,,{},0,0.0,0.0,0,0,0,0.0,0.0,N/A,21.81,13.37,,0.0,0,20,0,0,120,5,0,0,0
FC-001,Beverages,Reliance Retail Ltd,FC-Alpha,SKU-00051,"Sun Crush Indian Mixed Fruit, 200ml Bottle",Fruit Drinks,4,15,5,VND-016,Reliance Consumer Products Limited - Region Gamma,450,CASES,960,24,40.0,12960.0,0,"{""sellable"": null, ""contingency"": null, ""pending_putaway"": null, ""under_transfer"": null}",0,0.0,,{},0,0.0,0.0,0,0,0,0.0,0.0,N/A,17.45,14.29,,0.0,0,20,0,0,960,40,0,0,0
FC-001,Beverages,Reliance Retail Ltd,FC-Alpha,SKU-00066,"Campa Energy Drink, Gold Boost, 185ml Tin",Energy Drinks,4,15,5,VND-016,Reliance Consumer Products Limited - Region Gamma,450,CASES,600,24,25.0,13620.0,0,"{""sellable"": null, ""contingency"": null, ""pending_putaway"": null, ""under_transfer"": null}",0,0.0,,{},0,0.0,0.0,0,0,0,0.0,0.0,N/A,34.38,21.94,,0.0,0,20,0,0,600,25,0,0,0
FC-001,Beverages,Reliance Retail Ltd,FC-Alpha,SKU-00075,"Sun Crush Indian Mango Juice, 200ml Bottle",Fruit Drinks,4,15,5,VND-016,Reliance Consumer Products Limited - Region Gamma,450,CASES,960,24,40.0,12960.0,888,"{""sellable"": 888.0, ""contingency"": null, ""pending_putaway"": null, ""under_transfer"": null}",74,0.025,,{},0,0.0,0.0,72,12,3,956.88,0.0018,FAIL,21.63,13.29,,12.0,888,20,1480,592,72,3,25,450,960
FC-001,Beverages,Reliance Retail Ltd,FC-Alpha,SKU-00076,"Sun Crush Indian Orange Juice, 200ml Bottle",Fruit Drinks,4,15,5,VND-016,Reliance Consumer Products Limited - Region Gamma,450,CASES,960,24,40.0,12960.0,888,"{""sellable"": 888.0, ""contingency"": null, ""pending_putaway"": null, ""under_transfer"": null}",55,0.195,,{},0,0.0,0.0,72,17,3,895.68,0.014,FAIL,18.19,12.44,,16.145454545454545,888,20,1100,212,72,3,9,450,960
FC-001,Beverages,Reliance Retail Ltd,FC-Alpha,SKU-00079,"Raskik Nimbu Paani, 150ml Bottle",Fruit Drinks,4,15,5,VND-016,Reliance Consumer Products Limited - Region Gamma,450,CASES,1200,30,40.0,7200.0,780,"{""sellable"": 780.0, ""contingency"": null, ""pending_putaway"": null, ""under_transfer"": null}",100,0.042,,{},0,0.0,0.0,420,12,14,2423.4,0.0176,FAIL,8.52,5.77,,7.8,780,20,2000,1220,420,14,41,450,1200
FC-001,Beverages,Reliance Retail Ltd,FC-Alpha,SKU-00096,"Campa Energy Drink, Berry Kick, 185ml Tin",Energy Drinks,4,15,4,VND-016,Reliance Consumer Products Limited - Region Gamma,450,CASES,360,24,15.0,8172.0,0,"{""sellable"": null, ""contingency"": null, ""pending_putaway"": null, ""under_transfer"": null}",0,0.0,,{},0,0.0,0.0,0,0,0,0.0,0.0,N/A,32.84,20.84,,0.0,0,19,0,0,360,15,0,0,0
FC-001,Beverages,Reliance Retail Ltd,FC-Alpha,SKU-00149,"Campa Soft Drink, Orange, 185ml Tin",Soft Cola Drinks,4,15,5,VND-016,Reliance Consumer Products Limited - Region Gamma,450,CASES,360,24,15.0,6660.0,0,"{""sellable"": null, ""contingency"": null, ""pending_putaway"": null, ""under_transfer"": null}",0,0.0,,{},0,0.0,0.0,0,0,0,0.0,0.0,N/A,26.55,16.13,,0.0,0,20,0,0,360,15,0,0,0
FC-001,Beverages,Reliance Retail Ltd,FC-Alpha,SKU-00150,"Campa Soft Drink, Lemon, 185ml Tin",Soft Cola Drinks,4,15,5,VND-016,Reliance Consumer Products Limited - Region Gamma,450,CASES,360,24,15.0,6660.0,0,"{""sellable"": null, ""contingency"": null, ""pending_putaway"": null, ""under_transfer"": null}",0,0.0,,{},0,0.0,0.0,0,0,0,0.0,0.0,N/A,26.72,19.07,,0.0,0,20,0,0,360,15,0,0,0
FC-001,Beverages,Reliance Retail Ltd,FC-Alpha,SKU-00161,"Raskik Fruit Drink, Mango, 150ml Bottle",Fruit Drinks,4,9,5,VND-016,Reliance Consumer Products Limited - Region Gamma,450,CASES,660,30,22.0,3960.0,387,"{""sellable"": 387.0, ""contingency"": null, ""pending_putaway"": null, ""under_transfer"": null}",69,0.1472,17/03/26,{},300,0.0,0.0,0,9,0,0.0,0.0,N/A,10.81,6.3,Band C,5.608695652173913,687,14,966,279,0,0,10,450,687
FC-001,Beverages,Reliance Retail Ltd,FC-Alpha,SKU-00161,"Raskik Fruit Drink, Mango, 150ml Bottle",Fruit Drinks,1,9,5,VND-044,SIDDHI VINAYAK TRADERS - Region Alpha,120000,VALUE,660,30,22.0,5214.0,387,"{""sellable"": 387.0, ""contingency"": null, ""pending_putaway"": null, ""under_transfer"": null}",69,0.1472,17/03/26,"{""open_po_1"": {""promise_date"": ""2026-03-17"", ""orderedquantity"": 300.0, ""order_item_amount"": 2370.0, ""open_po_cases"": 10.0, ""mrp"": 10.0, ""price_per_unit"": 7.9, ""order_id"": ""PO-00049"", ""po_raising_drr"": 82.0, ""po_raising_total_space"": 660.0, ""po_raising_final_available_space"": 325.0, ""order_date"": ""2026-03-15""}}",300,2370.0,10.0,0,9,0,0.0,0.0,N/A,8.72,8.18,Band C,5.608695652173913,687,14,966,279,0,0,10,489,687
FC-001,Beverages,Reliance Retail Ltd,FC-Alpha,SKU-00163,"Campa Soft Drink, Cola, 185ml Tin",Soft Cola Drinks,4,15,5,VND-016,Reliance Consumer Products Limited - Region Gamma,450,CASES,360,24,15.0,6660.0,0,"{""sellable"": null, ""contingency"": null, ""pending_putaway"": null, ""under_transfer"": null}",0,0.0,,{},0,0.0,0.0,0,0,0,0.0,0.0,N/A,23.94,18.3,,0.0,0,20,0,0,360,15,0,0,0
FC-001,Beverages,Reliance Retail Ltd,FC-Alpha,SKU-00207,"Campa Soft Drink, Lemon, 2L Bottle",Soft Cola Drinks,4,15,5,VND-016,Reliance Consumer Products Limited - Region Gamma,450,CASES,45,9,5.0,2565.0,0,"{""sellable"": null, ""contingency"": null, ""pending_putaway"": null, ""under_transfer"": null}",0,0.0,,{},0,0.0,0.0,0,0,0,0.0,0.0,N/A,70.78,54.94,,0.0,0,20,0,0,45,5,0,0,0
FC-001,Beverages,Reliance Retail Ltd,FC-Alpha,SKU-00208,"Campa Soft Drink, Cola, 2L Bottle",Soft Cola Drinks,4,15,5,VND-016,Reliance Consumer Products Limited - Region Gamma,450,CASES,45,9,5.0,2565.0,0,"{""sellable"": null, ""contingency"": null, ""pending_putaway"": null, ""under_transfer"": null}",0,0.0,,{},0,0.0,0.0,0,0,0,0.0,0.0,N/A,88.71,63.21,,0.0,0,20,0,0,45,5,0,0,0
FC-001,Beverages,Reliance Retail Ltd,FC-Alpha,SKU-00230,"Campa Soft Drink, Lemon, 500ml Bottle",Soft Cola Drinks,1,30,4,VND-044,SIDDHI VINAYAK TRADERS - Region Alpha,120000,VALUE,960,24,40.0,15197.0,20,"{""sellable"": 20.0, ""contingency"": null, ""pending_putaway"": null, ""under_transfer"": null}",148,0.551,17/03/26,"{""open_po_1"": {""promise_date"": ""2026-03-17"", ""orderedquantity"": 960.0, ""order_item_amount"": 15196.8, ""open_po_cases"": 40.0, ""mrp"": 20.0, ""price_per_unit"": 15.83, ""order_id"": ""PO-00049"", ""po_raising_drr"": 141.0, ""po_raising_total_space"": 960.0, ""po_raising_final_available_space"": 960.0, ""order_date"": ""2026-03-15""}}",960,15197.0,40.0,0,6,0,0.0,0.0,N/A,20.74,15.92,Band A,0.13513513513513514,980,34,5032,4052,0,0,169,315,980
FC-001,Beverages,Reliance Retail Ltd,FC-Alpha,SKU-00231,"Campa Soft Drink, Orange, 500ml Bottle",Soft Cola Drinks,1,8,4,VND-044,SIDDHI VINAYAK TRADERS - Region Alpha,120000,VALUE,432,24,18.0,6839.0,0,"{""sellable"": null, ""contingency"": null, ""pending_putaway"": null, ""under_transfer"": null}",72,0.548,17/03/26,"{""open_po_1"": {""promise_date"": ""2026-03-17"", ""orderedquantity"": 432.0, ""order_item_amount"": 6838.56, ""open_po_cases"": 18.0, ""mrp"": 20.0, ""price_per_unit"": 15.83, ""order_id"": ""PO-00049"", ""po_raising_drr"": 68.0, ""po_raising_total_space"": 432.0, ""po_raising_final_available_space"": 432.0, ""order_date"": ""2026-03-15""}}",432,6839.0,18.0,0,6,0,0.0,0.0,N/A,18.99,15.73,Band B,0.0,432,12,864,432,0,0,18,318,432
FC-001,Beverages,Reliance Retail Ltd,FC-Alpha,SKU-00232,"Campa Soft Drink, Cola, 500ml Bottle",Soft Cola Drinks,1,30,4,VND-044,SIDDHI VINAYAK TRADERS - Region Alpha,120000,VALUE,960,24,40.0,15197.0,1,"{""sellable"": 1.0, ""contingency"": null, ""pending_putaway"": null, ""under_transfer"": null}",147,0.541,17/03/26,"{""open_po_1"": {""promise_date"": ""2026-03-17"", ""orderedquantity"": 960.0, ""order_item_amount"": 15196.8, ""open_po_cases"": 40.0, ""mrp"": 20.0, ""price_per_unit"": 15.83, ""order_id"": ""PO-00049"", ""po_raising_drr"": 148.0, ""po_raising_total_space"": 960.0, ""po_raising_final_available_space"": 960.0, ""order_date"": ""2026-03-15""}}",960,15197.0,40.0,0,6,0,0.0,0.0,N/A,17.38,13.58,Band A,0.006802721088435374,961,34,4998,4037,0,0,169,369,961
FC-001,Beverages,Reliance Retail Ltd,FC-Alpha,SKU-00233,"Campa Soft Drink, Cola, 200ml Bottle",Soft Cola Drinks,1,8,4,VND-044,SIDDHI VINAYAK TRADERS - Region Alpha,120000,VALUE,960,30,32.0,7037.0,0,"{""sellable"": null, ""contingency"": null, ""pending_putaway"": null, ""under_transfer"": null}",276,0.223,17/03/26,"{""open_po_1"": {""promise_date"": ""2026-03-17"", ""orderedquantity"": 960.0, ""order_item_amount"": 7488.0, ""open_po_cases"": 32.0, ""mrp"": 10.0, ""price_per_unit"": 7.8, ""order_id"": ""PO-00049"", ""po_raising_drr"": 284.0, ""po_raising_total_space"": 960.0, ""po_raising_final_available_space"": 960.0, ""order_date"": ""2026-03-15""}}",960,7488.0,32.0,0,3,0,0.0,0.0,N/A,9.43,6.98,Band B,0.0,960,12,3312,2352,0,0,79,574,960
FC-001,Beverages,Reliance Retail Ltd,FC-Alpha,SKU-00233,"Campa Soft Drink, Cola, 200ml Bottle",Soft Cola Drinks,1,8,4,VND-046,Shree Krishna Enterprises - Region Epsilon,70000,VALUE,960,30,32.0,6557.0,0,"{""sellable"": null, ""contingency"": null, ""pending_putaway"": null, ""under_transfer"": null}",276,0.223,17/03/26,{},960,0.0,0.0,0,3,0,0.0,0.0,N/A,9.48,6.58,Band B,0.0,960,12,3312,2352,0,0,79,355,960
FC-001,Beverages,Reliance Retail Ltd,FC-Alpha,SKU-00234,"Campa Soft Drink, Orange, 200ml Bottle",Soft Cola Drinks,1,8,4,VND-044,SIDDHI VINAYAK TRADERS - Region Alpha,120000,VALUE,600,30,20.0,4398.0,0,"{""sellable"": null, ""contingency"": null, ""pending_putaway"": null, ""under_transfer"": null}",144,0.223,17/03/26,"{""open_po_1"": {""promise_date"": ""2026-03-17"", ""orderedquantity"": 600.0, ""order_item_amount"": 4680.0, ""open_po_cases"": 20.0, ""mrp"": 10.0, ""price_per_unit"": 7.8, ""order_id"": ""PO-00049"", ""po_raising_drr"": 121.0, ""po_raising_total_space"": 600.0, ""po_raising_final_available_space"": 600.0, ""order_date"": ""2026-03-15""}}",600,4680.0,20.0,0,4,0,0.0,0.0,N/A,10.69,7.11,Band B,0.0,600,12,1728,1128,0,0,38,563,600
FC-001,Beverages,Reliance Retail Ltd,FC-Alpha,SKU-00234,"Campa Soft Drink, Orange, 200ml Bottle",Soft Cola Drinks,1,8,4,VND-046,Shree Krishna Enterprises - Region Epsilon,70000,VALUE,600,30,20.0,4098.0,0,"{""sellable"": null, ""contingency"": null, ""pending_putaway"": null, ""under_transfer"": null}",144,0.223,17/03/26,{},600,0.0,0.0,0,4,0,0.0,0.0,N/A,10.41,6.99,Band B,0.0,600,12,1728,1128,0,0,38,334,600
FC-001,Beverages,Reliance Retail Ltd,FC-Alpha,SKU-00235,"Campa Soft Drink, Lemon, 200ml Bottle",Soft Cola Drinks,1,30,4,VND-044,SIDDHI VINAYAK TRADERS - Region Alpha,120000,VALUE,1200,30,40.0,8796.0,9,"{""sellable"": 2.0, ""contingency"": null, ""pending_putaway"": null, ""under_transfer"": null}",260,0.223,17/03/26,"{""open_po_1"": {""promise_date"": ""2026-03-17"", ""orderedquantity"": 1170.0, ""order_item_amount"": 9126.0, ""open_po_cases"": 39.0, ""mrp"": 10.0, ""price_per_unit"": 7.8, ""order_id"": ""PO-00049"", ""po_raising_drr"": 300.0, ""po_raising_total_space"": 1200.0, ""po_raising_final_available_space"": 1193.0, ""order_date"": ""2026-03-15""}}",1170,9126.0,39.0,0,4,0,0.0,0.0,N/A,11.16,7.4,Band A,0.03461538461538462,1179,34,8840,7661,21,0,256,541,1179
FC-001,Beverages,Reliance Retail Ltd,FC-Alpha,SKU-00235,"Campa Soft Drink, Lemon, 200ml Bottle",Soft Cola Drinks,1,30,4,VND-046,Shree Krishna Enterprises - Region Epsilon,70000,VALUE,1200,30,40.0,8196.0,9,"{""sellable"": 2.0, ""contingency"": null, ""pending_putaway"": null, ""under_transfer"": null}",260,0.223,17/03/26,{},1170,0.0,0.0,0,4,0,0.0,0.0,N/A,9.92,7.05,Band A,0.03461538461538462,1179,34,8840,7661,21,0,256,331,1179
FC-001,Beverages,The Coca-Cola Company,FC-Alpha,SKU-00255,"Sprite Soft Drink, 1L Bottle",Soft Cola Drinks,2,30,4,VND-029,SLMG BEVERAGES PRIVATE LIMITED - Region Alpha,10000,CASES,1725,15,115.0,69569.0,885,"{""sellable"": 60.0, ""contingency"": null, ""pending_putaway"": 825.0, ""under_transfer"": null}",110,1.0,16/03/26,"{""open_po_1"": {""promise_date"": ""2026-03-17"", ""orderedquantity"": 240.0, ""order_item_amount"": 9679.2, ""open_po_cases"": 16.0, ""mrp"": 50.0, ""price_per_unit"": 40.330000000000005, ""order_id"": ""PO-00064"", ""po_raising_drr"": 231.0, ""po_raising_total_space"": 1725.0, ""po_raising_final_available_space"": 231.0, ""order_date"": ""2026-03-15""}, ""open_po_2"": {""promise_date"": ""2026-03-16"", ""orderedquantity"": 1725.0, ""order_item_amount"": 69569.25, ""open_po_cases"": 115.0, ""mrp"": 50.0, ""price_per_unit"": 40.33, ""order_id"": ""PO-00014"", ""po_raising_drr"": 234.0, ""po_raising_total_space"": 1725.0, ""po_raising_final_available_space"": 1725.0, ""order_date"": ""2026-03-13""}}",1965,79248.0,131.0,0,25,0,0.0,0.0,N/A,44.29,43.53,Band A,8.045454545454545,2850,34,3740,890,0,0,60,10000,2850
FC-001,Beverages,The Coca-Cola Company,FC-Alpha,SKU-00277,"Limca Soft Drink, 2L Bottle",Soft Cola Drinks,2,15,4,VND-029,SLMG BEVERAGES PRIVATE LIMITED - Region Alpha,10000,CASES,171,9,19.0,11914.0,0,"{""sellable"": null, ""contingency"": null, ""pending_putaway"": null, ""under_transfer"": null}",43,1.84,14/03/26,"{""open_po_1"": {""promise_date"": ""2026-03-16"", ""orderedquantity"": 108.0, ""order_item_amount"": 7524.36, ""open_po_cases"": 12.0, ""mrp"": 85.0, ""price_per_unit"": 69.67, ""order_id"": ""PO-00014"", ""po_raising_drr"": 46.0, ""po_raising_total_space"": 171.0, ""po_raising_final_available_space"": 119.0, ""order_date"": ""2026-03-13""}, ""open_po_2"": {""promise_date"": ""2026-03-14"", ""orderedquantity"": 144.0, ""order_item_amount"": 10032.48, ""open_po_cases"": 16.0, ""mrp"": 85.0, ""price_per_unit"": 69.67, ""order_id"": ""PO-00029"", ""po_raising_drr"": 53.0, ""po_raising_total_space"": 171.0, ""po_raising_final_available_space"": 155.0, ""order_date"": ""2026-03-12""}}",252,17557.0,28.0,0,5,0,0.0,0.0,N/A,90.44,76.21,Band B,0.0,252,19,817,565,0,0,63,10000,252
FC-001,Beverages,The Coca-Cola Company,FC-Alpha,SKU-00277,"Limca Soft Drink, 2L Bottle",Soft Cola Drinks,1,15,4,VND-046,Shree Krishna Enterprises - Region Epsilon,70000,VALUE,171,9,19.0,13111.0,0,"{""sellable"": null, ""contingency"": null, ""pending_putaway"": null, ""under_transfer"": null}",43,1.84,14/03/26,{},252,0.0,0.0,0,5,0,0.0,0.0,N/A,106.75,81.69,Band B,0.0,252,19,817,565,0,0,63,96,252
FC-001,Beverages,The Coca-Cola Company,FC-Alpha,SKU-00282,"Coca-Cola Soft Drink, 2L Bottle",Soft Cola Drinks,2,15,4,VND-029,SLMG BEVERAGES PRIVATE LIMITED - Region Alpha,10000,CASES,18,9,2.0,1254.0,1,"{""sellable"": 1.0, ""contingency"": null, ""pending_putaway"": null, ""under_transfer"": null}",1,2.125,16/03/26,"{""open_po_1"": {""promise_date"": ""2026-03-17"", ""orderedquantity"": 9.0, ""order_item_amount"": 710.01, ""open_po_cases"": 1.0, ""mrp"": 85.0, ""price_per_unit"": 78.89, ""order_id"": ""PO-00064"", ""po_raising_drr"": 2.0, ""po_raising_total_space"": 18.0, ""po_raising_final_available_space"": 1.0, ""order_date"": ""2026-03-15""}, ""open_po_2"": {""promise_date"": ""2026-03-16"", ""orderedquantity"": 18.0, ""order_item_amount"": 1254.06, ""open_po_cases"": 2.0, ""mrp"": 85.0, ""price_per_unit"": 69.67, ""order_id"": ""PO-00014"", ""po_raising_drr"": 1.0, ""po_raising_total_space"": 18.0, ""po_raising_final_available_space"": 18.0, ""order_date"": ""2026-03-13""}}",27,1964.0,3.0,0,28,0,0.0,0.0,N/A,86.56,79.19,Band B,1.0,28,19,19,0,0,0,0,10000,28
FC-001,Beverages,The Coca-Cola Company,FC-Alpha,SKU-00282,"Coca-Cola Soft Drink, 2L Bottle",Soft Cola Drinks,1,15,4,VND-046,Shree Krishna Enterprises - Region Epsilon,70000,VALUE,18,9,2.0,1380.0,1,"{""sellable"": 1.0, ""contingency"": null, ""pending_putaway"": null, ""under_transfer"": null}",1,2.125,16/03/26,{},27,0.0,0.0,0,28,0,0.0,0.0,N/A,107.05,65.59,Band B,1.0,28,19,19,0,0,0,0,119,28
FC-001,Beverages,The Coca-Cola Company,FC-Alpha,SKU-00341,"Thums Up Soft Drink, Rs.20 Bottle",Soft Cola Drinks,2,30,4,VND-029,SLMG BEVERAGES PRIVATE LIMITED - Region Alpha,10000,CASES,9492,28,339.0,150163.0,112,"{""sellable"": null, ""contingency"": null, ""pending_putaway"": 112.0, ""under_transfer"": null}",1095,0.27,14/03/26,"{""open_po_1"": {""promise_date"": ""2026-03-16"", ""orderedquantity"": 28.0, ""order_item_amount"": 442.96, ""open_po_cases"": 1.0, ""mrp"": 20.0, ""price_per_unit"": 15.819999999999999, ""order_id"": ""PO-00014"", ""po_raising_drr"": 1145.0, ""po_raising_total_space"": 9492.0, ""po_raising_final_available_space"": 13.0, ""order_date"": ""2026-03-13""}, ""open_po_2"": {""promise_date"": ""2026-03-14"", ""orderedquantity"": 5712.0, ""order_item_amount"": 90363.84, ""open_po_cases"": 204.0, ""mrp"": 20.0, ""price_per_unit"": 15.819999999999999, ""order_id"": ""PO-00029"", ""po_raising_drr"": 1226.0, ""po_raising_total_space"": 9492.0, ""po_raising_final_available_space"": 5700.0, ""order_date"": ""2026-03-12""}}",8820,156789.0,315.0,560,8,20,8052.8,0.1512,FAIL,19.96,14.38,Band A,0.10228310502283106,8932,34,37230,28298,560,20,1011,10000,9492
FC-001,Beverages,The Coca-Cola Company,FC-Alpha,SKU-00341,"Thums Up Soft Drink, Rs.20 Bottle",Soft Cola Drinks,1,30,4,VND-044,SIDDHI VINAYAK TRADERS - Region Alpha,120000,VALUE,9492,28,339.0,154245.0,112,"{""sellable"": null, ""contingency"": null, ""pending_putaway"": 112.0, ""under_transfer"": null}",1095,0.27,14/03/26,{},8820,0.0,0.0,560,8,20,7756.0,0.1512,FAIL,20.14,13.85,Band A,0.10228310502283106,8932,34,37230,28298,560,20,1011,310,9492
FC-001,Beverages,The Coca-Cola Company,FC-Alpha,SKU-00341,"Thums Up Soft Drink, Rs.20 Bottle",Soft Cola Drinks,1,30,4,VND-046,Shree Krishna Enterprises - Region Epsilon,70000,VALUE,9492,28,339.0,149119.0,112,"{""sellable"": null, ""contingency"": null, ""pending_putaway"": 112.0, ""under_transfer"": null}",1095,0.27,14/03/26,{},8820,0.0,0.0,560,8,20,9189.6,0.1512,FAIL,19.57,16.41,Band A,0.10228310502283106,8932,34,37230,28298,560,20,1011,153,9492
FC-001,Beverages,The Coca-Cola Company,FC-Alpha,SKU-00342,"Coca-Cola, 250ml Bottle",Soft Cola Drinks,2,15,4,VND-029,SLMG BEVERAGES PRIVATE LIMITED - Region Alpha,10000,CASES,140,28,5.0,1775.0,56,"{""sellable"": 56.0, ""contingency"": null, ""pending_putaway"": null, ""under_transfer"": null}",22,0.271,14/03/26,"{""open_po_1"": {""promise_date"": ""2026-03-17"", ""orderedquantity"": 28.0, ""order_item_amount"": 355.04, ""open_po_cases"": 0.9333333333333333, ""mrp"": 15.0, ""price_per_unit"": 12.680000000000001, ""order_id"": ""PO-00064"", ""po_raising_drr"": 37.0, ""po_raising_total_space"": 140.0, ""po_raising_final_available_space"": 9.0, ""order_date"": ""2026-03-15""}, ""open_po_2"": {""promise_date"": ""2026-03-17"", ""orderedquantity"": 28.0, ""order_item_amount"": 355.04, ""open_po_cases"": 1.0, ""mrp"": 15.0, ""price_per_unit"": 12.680000000000001, ""order_id"": ""PO-00064"", ""po_raising_drr"": 37.0, ""po_raising_total_space"": 140.0, ""po_raising_final_available_space"": 9.0, ""order_date"": ""2026-03-15""}, ""open_po_3"": {""promise_date"": ""2026-03-16"", ""orderedquantity"": 56.0, ""order_item_amount"": 710.08, ""open_po_cases"": 1.8666666666666667, ""mrp"": 15.0, ""price_per_unit"": 12.680000000000001, ""order_id"": ""PO-00014"", ""po_raising_drr"": 5.0, ""po_raising_total_space"": 140.0, ""po_raising_final_available_space"": 35.0, ""order_date"": ""2026-03-13""}, ""open_po_4"": {""promise_date"": ""2026-03-16"", ""orderedquantity"": 56.0, ""order_item_amount"": 710.08, ""open_po_cases"": 2.0, ""mrp"": 15.0, ""price_per_unit"": 12.680000000000001, ""order_id"": ""PO-00014"", ""po_raising_drr"": 5.0, ""po_raising_total_space"": 140.0, ""po_raising_final_available_space"": 35.0, ""order_date"": ""2026-03-13""}, ""open_po_5"": {""promise_date"": ""2026-03-14"", ""orderedquantity"": 28.0, ""order_item_amount"": 355.04, ""open_po_cases"": 0.9333333333333333, ""mrp"": 15.0, ""price_per_unit"": 12.680000000000001, ""order_id"": ""PO-00029"", ""po_raising_drr"": 9.0, ""po_raising_total_space"": 140.0, ""po_raising_final_available_space"": 19.0, ""order_date"": ""2026-03-12""}, ""open_po_6"": {""promise_date"": ""2026-03-14"", ""orderedquantity"": 28.0, ""order_item_amount"": 355.04, ""open_po_cases"": 1.0, ""mrp"": 15.0, ""price_per_unit"": 12.680000000000001, ""order_id"": ""PO-00029"", ""po_raising_drr"": 9.0, ""po_raising_total_space"": 140.0, ""po_raising_final_available_space"": 19.0, ""order_date"": ""2026-03-12""}}",224,2840.0,8.0,0,12,0,0.0,0.0,N/A,16.32,14.19,Band C,2.5454545454545454,280,19,418,138,0,0,5,10000,280
FC-001,Beverages,The Coca-Cola Company,FC-Alpha,SKU-00342,"Coca-Cola, 250ml Bottle",Soft Cola Drinks,1,15,4,VND-044,SIDDHI VINAYAK TRADERS - Region Alpha,120000,VALUE,140,28,5.0,2275.0,56,"{""sellable"": 56.0, ""contingency"": null, ""pending_putaway"": null, ""under_transfer"": null}",22,0.271,14/03/26,{},224,0.0,0.0,0,12,0,0.0,0.0,N/A,17.65,15.0,Band C,2.5454545454545454,280,19,418,138,0,0,5,286,280
FC-001,Beverages,The Coca-Cola Company,FC-Alpha,SKU-00342,"Coca-Cola, 250ml Bottle",Soft Cola Drinks,1,15,4,VND-046,Shree Krishna Enterprises - Region Epsilon,70000,VALUE,140,28,5.0,2199.0,56,"{""sellable"": 56.0, ""contingency"": null, ""pending_putaway"": null, ""under_transfer"": null}",22,0.271,14/03/26,{},224,0.0,0.0,0,12,0,0.0,0.0,N/A,20.38,17.72,Band C,2.5454545454545454,280,19,418,138,0,0,5,142,280
FC-001,Beverages,The Coca-Cola Company,FC-Alpha,SKU-00455,"Sprite Soft Drink, 750ml Bottle",Soft Cola Drinks,2,17,4,VND-029,SLMG BEVERAGES PRIVATE LIMITED - Region Alpha,10000,CASES,960,24,40.0,29318.0,598,"{""sellable"": 574.0, ""contingency"": null, ""pending_putaway"": 24.0, ""under_transfer"": null}",72,0.808,14/03/26,"{""open_po_1"": {""promise_date"": ""2026-03-17"", ""orderedquantity"": 48.0, ""order_item_amount"": 1465.92, ""open_po_cases"": 2.0, ""mrp"": 40.0, ""price_per_unit"": 30.540000000000003, ""order_id"": ""PO-00064"", ""po_raising_drr"": 126.0, ""po_raising_total_space"": 960.0, ""po_raising_final_available_space"": 32.0, ""order_date"": ""2026-03-15""}, ""open_po_2"": {""promise_date"": ""2026-03-16"", ""orderedquantity"": 24.0, ""order_item_amount"": 732.96, ""open_po_cases"": 1.0, ""mrp"": 40.0, ""price_per_unit"": 30.540000000000003, ""order_id"": ""PO-00014"", ""po_raising_drr"": 82.0, ""po_raising_total_space"": 960.0, ""po_raising_final_available_space"": 16.0, ""order_date"": ""2026-03-13""}, ""open_po_3"": {""promise_date"": ""2026-03-14"", ""orderedquantity"": 192.0, ""order_item_amount"": 5863.68, ""open_po_cases"": 8.0, ""mrp"": 40.0, ""price_per_unit"": 30.540000000000003, ""order_id"": ""PO-00020"", ""po_raising_drr"": 62.0, ""po_raising_total_space"": 960.0, ""po_raising_final_available_space"": 214.0, ""order_date"": ""2026-03-11""}, ""open_po_4"": {""promise_date"": ""2026-03-14"", ""orderedquantity"": 120.0, ""order_item_amount"": 3664.8, ""open_po_cases"": 5.0, ""mrp"": 40.0, ""price_per_unit"": 30.540000000000003, ""order_id"": ""PO-00029"", ""po_raising_drr"": 62.0, ""po_raising_total_space"": 960.0, ""po_raising_final_available_space"": 536.0, ""order_date"": ""2026-03-12""}}",480,33477.0,20.0,0,14,0,0.0,0.0,N/A,41.64,26.51,Band A,8.305555555555555,1078,21,1512,434,0,0,19,10000,1078
FC-001,Beverages,The Coca-Cola Company,FC-Alpha,SKU-00455,"Sprite Soft Drink, 750ml Bottle",Soft Cola Drinks,1,17,4,VND-046,Shree Krishna Enterprises - Region Epsilon,70000,VALUE,960,24,40.0,29798.0,598,"{""sellable"": 574.0, ""contingency"": null, ""pending_putaway"": 24.0, ""under_transfer"": null}",72,0.808,14/03/26,{},480,0.0,0.0,0,14,0,0.0,0.0,N/A,37.77,35.09,Band A,8.305555555555555,1078,21,1512,434,0,0,19,84,1078
FC-001,Beverages,The Coca-Cola Company,FC-Alpha,SKU-00457,"Maaza Mango Drink, Rs.10 Tetra Pak",Fruit Drinks,2,30,4,VND-029,SLMG BEVERAGES PRIVATE LIMITED - Region Alpha,10000,CASES,16040,40,401.0,112280.0,15192,"{""sellable"": 15112.0, ""contingency"": null, ""pending_putaway"": 80.0, ""under_transfer"": null}",1920,0.145,14/03/26,"{""open_po_1"": {""promise_date"": ""2026-03-17"", ""orderedquantity"": 1240.0, ""order_item_amount"": 8680.0, ""open_po_cases"": 31.0, ""mrp"": 9.0, ""price_per_unit"": 7.0, ""order_id"": ""PO-00064"", ""po_raising_drr"": 3313.0, ""po_raising_total_space"": 16040.0, ""po_raising_final_available_space"": 1201.0, ""order_date"": ""2026-03-15""}, ""open_po_2"": {""promise_date"": ""2026-03-16"", ""orderedquantity"": 40.0, ""order_item_amount"": 104160.0, ""open_po_cases"": 1.0, ""mrp"": 9.0, ""price_per_unit"": 7.0, ""order_id"": ""PO-00014"", ""po_raising_drr"": 2013.0, ""po_raising_total_space"": 16040.0, ""po_raising_final_available_space"": 16040.0, ""order_date"": ""2026-03-13""}, ""open_po_3"": {""promise_date"": ""2026-03-14"", ""orderedquantity"": 2840.0, ""order_item_amount"": 19880.0, ""open_po_cases"": 71.0, ""mrp"": 9.0, ""price_per_unit"": 7.0, ""order_id"": ""PO-00029"", ""po_raising_drr"": 2024.0, ""po_raising_total_space"": 16040.0, ""po_raising_final_available_space"": 9226.0, ""order_date"": ""2026-03-12""}}",4120,132720.0,103.0,0,10,0,0.0,0.0,N/A,9.02,6.69,Band A,7.9125,19312,34,65280,45968,0,0,1150,10000,19312
FC-001,Beverages,The Coca-Cola Company,FC-Alpha,SKU-00457,"Maaza Mango Drink, Rs.10 Tetra Pak",Fruit Drinks,1,30,4,VND-044,SIDDHI VINAYAK TRADERS - Region Alpha,120000,VALUE,16040,40,401.0,118375.0,15192,"{""sellable"": 15112.0, ""contingency"": null, ""pending_putaway"": 80.0, ""under_transfer"": null}",1920,0.145,14/03/26,{},4120,0.0,0.0,0,10,0,0.0,0.0,N/A,11.22,6.5,Band A,7.9125,19312,34,65280,45968,0,0,1150,462,19312
FC-001,Beverages,The Coca-Cola Company,FC-Alpha,SKU-00457,"Maaza Mango Drink, Rs.10 Tetra Pak",Fruit Drinks,1,30,4,VND-046,Shree Krishna Enterprises - Region Epsilon,70000,VALUE,16040,40,401.0,110195.0,15192,"{""sellable"": 15112.0, ""contingency"": null, ""pending_putaway"": 80.0, ""under_transfer"": null}",1920,0.145,14/03/26,{},4120,0.0,0.0,0,10,0,0.0,0.0,N/A,8.32,6.84,Band A,7.9125,19312,34,65280,45968,0,0,1150,256,19312
FC-001,Beverages,The Coca-Cola Company,FC-Alpha,SKU-00467,"Fanta, 250ml Bottle",Soft Cola Drinks,2,15,4,VND-029,SLMG BEVERAGES PRIVATE LIMITED - Region Alpha,10000,CASES,56,28,2.0,710.0,0,"{""sellable"": null, ""contingency"": null, ""pending_putaway"": null, ""under_transfer"": null}",0,0.27,16/03/26,"{""open_po_1"": {""promise_date"": ""2026-03-17"", ""orderedquantity"": 28.0, ""order_item_amount"": 355.04, ""open_po_cases"": 1.0, ""mrp"": 15.0, ""price_per_unit"": 12.680000000000001, ""order_id"": ""PO-00064"", ""po_raising_drr"": 0.0, ""po_raising_total_space"": 56.0, ""po_raising_final_available_space"": 28.0, ""order_date"": ""2026-03-15""}, ""open_po_2"": {""promise_date"": ""2026-03-16"", ""orderedquantity"": 28.0, ""order_item_amount"": 355.04, ""open_po_cases"": 1.0, ""mrp"": 15.0, ""price_per_unit"": 12.680000000000001, ""order_id"": ""PO-00014"", ""po_raising_drr"": 0.0, ""po_raising_total_space"": 56.0, ""po_raising_final_available_space"": 56.0, ""order_date"": ""2026-03-13""}}",56,710.0,2.0,0,0,0,0.0,0.0,N/A,14.6,11.75,,0.0,56,19,0,0,0,0,0,0,56
FC-001,Beverages,The Coca-Cola Company,FC-Alpha,SKU-00467,"Fanta, 250ml Bottle",Soft Cola Drinks,1,15,4,VND-046,Shree Krishna Enterprises - Region Epsilon,70000,VALUE,56,28,2.0,880.0,0,"{""sellable"": null, ""contingency"": null, ""pending_putaway"": null, ""under_transfer"": null}",0,0.27,16/03/26,{},56,0.0,0.0,0,0,0,0.0,0.0,N/A,21.53,14.7,,0.0,56,19,0,0,0,0,0,0,56
FC-001,Beverages,The Coca-Cola Company,FC-Alpha,SKU-00487,"Monster Energy Drink, Taurine, 350ml Can",Energy Drinks,2,30,4,VND-029,SLMG BEVERAGES PRIVATE LIMITED - Region Alpha,10000,CASES,504,24,21.0,38198.0,148,"{""sellable"": 12.0, ""contingency"": null, ""pending_putaway"": 136.0, ""under_transfer"": null}",71,0.37,16/03/26,"{""open_po_1"": {""promise_date"": ""2026-03-17"", ""orderedquantity"": 24.0, ""order_item_amount"": 1818.96, ""open_po_cases"": 1.0, ""mrp"": 125.0, ""price_per_unit"": 75.79, ""order_id"": ""PO-00064"", ""po_raising_drr"": 141.0, ""po_raising_total_space"": 504.0, ""po_raising_final_available_space"": 24.0, ""order_date"": ""2026-03-15""}, ""open_po_2"": {""promise_date"": ""2026-03-16"", ""orderedquantity"": 24.0, ""order_item_amount"": 1818.96, ""open_po_cases"": 1.0, ""mrp"": 125.0, ""price_per_unit"": 75.79, ""order_id"": ""PO-00014"", ""po_raising_drr"": 38.0, ""po_raising_total_space"": 504.0, ""po_raising_final_available_space"": 11.0, ""order_date"": ""2026-03-13""}}",528,39638.0,22.0,0,9,0,0.0,0.0,N/A,114.83,71.41,Band A,2.084507042253521,676,34,2414,1738,0,0,73,10000,676
FC-001,Beverages,The Coca-Cola Company,FC-Alpha,SKU-00492,"Coca-Cola Diet Coke Soft Drink, 300ml Can",Soft Cola Drinks,2,30,4,VND-029,SLMG BEVERAGES PRIVATE LIMITED - Region Alpha,10000,CASES,1824,24,76.0,55413.0,1494,"{""sellable"": 1489.0, ""contingency"": 5.0, ""pending_putaway"": null, ""under_transfer"": null}",454,0.31,14/03/26,"{""open_po_1"": {""promise_date"": ""2026-03-17"", ""orderedquantity"": 912.0, ""order_item_amount"": 27706.56, ""open_po_cases"": 38.0, ""mrp"": 40.0, ""price_per_unit"": 30.380000000000003, ""order_id"": ""PO-00064"", ""po_raising_drr"": 1158.0, ""po_raising_total_space"": 1824.0, ""po_raising_final_available_space"": 901.0, ""order_date"": ""2026-03-15""}, ""open_po_2"": {""promise_date"": ""2026-03-16"", ""orderedquantity"": 1800.0, ""order_item_amount"": 54684.0, ""open_po_cases"": 75.0, ""mrp"": 40.0, ""price_per_unit"": 30.38, ""order_id"": ""PO-00014"", ""po_raising_drr"": 573.0, ""po_raising_total_space"": 1824.0, ""po_raising_final_available_space"": 1824.0, ""order_date"": ""2026-03-13""}, ""open_po_3"": {""promise_date"": ""2026-03-14"", ""orderedquantity"": 240.0, ""order_item_amount"": 7291.2, ""open_po_cases"": 10.0, ""mrp"": 40.0, ""price_per_unit"": 30.38, ""order_id"": ""PO-00029"", ""po_raising_drr"": 388.0, ""po_raising_total_space"": 1824.0, ""po_raising_final_available_space"": 388.0, ""order_date"": ""2026-03-12""}}",2952,89682.0,123.0,0,9,0,0.0,0.0,N/A,34.92,33.14,Band A,3.290748898678414,4446,34,15436,10990,0,0,458,10000,4446
FC-001,Beverages,The Coca-Cola Company,FC-Alpha,SKU-00494,"Rim Zim Jeera Soda, 250ml Bottle",Soft Cola Drinks,4,15,5,VND-030,Eshwar Enterprise,100,CASES,2688,28,96.0,34084.0,0,"{""sellable"": null, ""contingency"": null, ""pending_putaway"": null, ""under_transfer"": null}",0,0.0,17/03/26,{},2688,0.0,0.0,0,0,0,0.0,0.0,N/A,14.05,12.83,,0.0,2688,20,0,0,0,0,0,0,2688
FC-001,Beverages,The Coca-Cola Company,FC-Alpha,SKU-00496,"Sprite Soft Drink, 300ml Can",Soft Cola Drinks,2,15,4,VND-029,SLMG BEVERAGES PRIVATE LIMITED - Region Alpha,10000,CASES,288,24,12.0,8749.0,293,"{""sellable"": null, ""contingency"": 5.0, ""pending_putaway"": 283.0, ""under_transfer"": null}",55,0.32,17/03/26,"{""open_po_1"": {""promise_date"": ""2026-03-17"", ""orderedquantity"": 72.0, ""order_item_amount"": 2187.36, ""open_po_cases"": 3.0, ""mrp"": 40.0, ""price_per_unit"": 30.380000000000003, ""order_id"": ""PO-00064"", ""po_raising_drr"": 85.0, ""po_raising_total_space"": 288.0, ""po_raising_final_available_space"": 69.0, ""order_date"": ""2026-03-15""}}",72,2187.0,3.0,0,6,0,0.0,0.0,N/A,35.93,28.66,Band B,5.327272727272727,365,19,1045,680,0,0,29,10000,365
FC-001,Beverages,The Coca-Cola Company,FC-Alpha,SKU-00506,"Sprite Soft Drink, Rs.20 Bottle",Soft Cola Drinks,2,30,4,VND-029,SLMG BEVERAGES PRIVATE LIMITED - Region Alpha,10000,CASES,2996,28,107.0,47397.0,28,"{""sellable"": 28.0, ""contingency"": null, ""pending_putaway"": null, ""under_transfer"": null}",605,0.269,14/03/26,"{""open_po_1"": {""promise_date"": ""2026-03-16"", ""orderedquantity"": 28.0, ""order_item_amount"": 442.96, ""open_po_cases"": 1.0, ""mrp"": 20.0, ""price_per_unit"": 15.819999999999999, ""order_id"": ""PO-00014"", ""po_raising_drr"": 571.0, ""po_raising_total_space"": 2996.0, ""po_raising_final_available_space"": 5.0, ""order_date"": ""2026-03-13""}, ""open_po_2"": {""promise_date"": ""2026-03-14"", ""orderedquantity"": 2016.0, ""order_item_amount"": 31893.12, ""open_po_cases"": 72.0, ""mrp"": 20.0, ""price_per_unit"": 15.82, ""order_id"": ""PO-00029"", ""po_raising_drr"": 583.0, ""po_raising_total_space"": 2996.0, ""po_raising_final_available_space"": 3314.0, ""order_date"": ""2026-03-12""}, ""open_po_3"": {""promise_date"": ""2026-03-14"", ""orderedquantity"": 140.0, ""order_item_amount"": 2214.8, ""open_po_cases"": 5.0, ""mrp"": 20.0, ""price_per_unit"": 15.820000000000002, ""order_id"": ""PO-00020"", ""po_raising_drr"": 652.0, ""po_raising_total_space"": 2996.0, ""po_raising_final_available_space"": 2969.0, ""order_date"": ""2026-03-11""}}",3388,53466.0,121.0,0,5,0,0.0,0.0,N/A,22.58,16.34,Band A,0.04628099173553719,3416,34,20570,17154,0,0,613,10000,3416
FC-001,Beverages,The Coca-Cola Company,FC-Alpha,SKU-00506,"Sprite Soft Drink, Rs.20 Bottle",Soft Cola Drinks,1,30,4,VND-044,SIDDHI VINAYAK TRADERS - Region Alpha,120000,VALUE,2996,28,107.0,48685.0,28,"{""sellable"": 28.0, ""contingency"": null, ""pending_putaway"": null, ""under_transfer"": null}",605,0.269,14/03/26,{},3388,0.0,0.0,0,5,0,0.0,0.0,N/A,21.85,17.3,Band A,0.04628099173553719,3416,34,20570,17154,0,0,613,248,3416
FC-001,Beverages,The Coca-Cola Company,FC-Alpha,SKU-00506,"Sprite Soft Drink, Rs.20 Bottle",Soft Cola Drinks,1,30,4,VND-046,Shree Krishna Enterprises - Region Epsilon,70000,VALUE,2996,28,107.0,47067.0,28,"{""sellable"": 28.0, ""contingency"": null, ""pending_putaway"": null, ""under_transfer"": null}",605,0.269,14/03/26,{},3388,0.0,0.0,0,5,0,0.0,0.0,N/A,20.8,14.64,Band A,0.04628099173553719,3416,34,20570,17154,0,0,613,171,3416
FC-001,Beverages,The Coca-Cola Company,FC-Alpha,SKU-00729,"Thums Up Soft Drink, 750ml Bottle",Soft Cola Drinks,2,30,4,VND-029,SLMG BEVERAGES PRIVATE LIMITED - Region Alpha,10000,CASES,816,24,34.0,24921.0,122,"{""sellable"": 51.0, ""contingency"": null, ""pending_putaway"": 48.0, ""under_transfer"": null}",309,0.808,14/03/26,"{""open_po_1"": {""promise_date"": ""2026-03-17"", ""orderedquantity"": 744.0, ""order_item_amount"": 22721.76, ""open_po_cases"": 31.0, ""mrp"": 40.0, ""price_per_unit"": 30.54, ""order_id"": ""PO-00064"", ""po_raising_drr"": 746.0, ""po_raising_total_space"": 816.0, ""po_raising_final_available_space"": 721.0, ""order_date"": ""2026-03-15""}, ""open_po_2"": {""promise_date"": ""2026-03-16"", ""orderedquantity"": 240.0, ""order_item_amount"": 7329.6, ""open_po_cases"": 10.0, ""mrp"": 40.0, ""price_per_unit"": 30.540000000000003, ""order_id"": ""PO-00014"", ""po_raising_drr"": 233.0, ""po_raising_total_space"": 816.0, ""po_raising_final_available_space"": 234.0, ""order_date"": ""2026-03-13""}, ""open_po_3"": {""promise_date"": ""2026-03-14"", ""orderedquantity"": 96.0, ""order_item_amount"": 2931.84, ""open_po_cases"": 4.0, ""mrp"": 40.0, ""price_per_unit"": 30.540000000000003, ""order_id"": ""PO-00029"", ""po_raising_drr"": 217.0, ""po_raising_total_space"": 816.0, ""po_raising_final_available_space"": 339.0, ""order_date"": ""2026-03-12""}}",1152,57733.0,48.0,0,4,0,0.0,0.0,N/A,44.46,29.75,Band A,0.3948220064724919,1274,34,10506,9232,0,0,385,10000,1274
FC-001,Beverages,The Coca-Cola Company,FC-Alpha,SKU-00729,"Thums Up Soft Drink, 750ml Bottle",Soft Cola Drinks,1,30,4,VND-046,Shree Krishna Enterprises - Region Epsilon,70000,VALUE,816,24,34.0,25329.0,122,"{""sellable"": 51.0, ""contingency"": null, ""pending_putaway"": 48.0, ""under_transfer"": null}",309,0.808,14/03/26,{},1152,0.0,0.0,0,4,0,0.0,0.0,N/A,43.64,27.52,Band A,0.3948220064724919,1274,34,10506,9232,0,0,385,106,1274
FC-001,Beverages,The Coca-Cola Company,FC-Alpha,SKU-00730,"Limca Soft Drink, 750ml Bottle",Soft Cola Drinks,2,15,4,VND-029,SLMG BEVERAGES PRIVATE LIMITED - Region Alpha,10000,CASES,1440,24,60.0,43978.0,56,"{""sellable"": 56.0, ""contingency"": null, ""pending_putaway"": null, ""under_transfer"": null}",390,0.69,14/03/26,"{""open_po_1"": {""promise_date"": ""2026-03-14"", ""orderedquantity"": 1320.0, ""order_item_amount"": 40312.8, ""open_po_cases"": 55.0, ""mrp"": 40.0, ""price_per_unit"": 30.540000000000003, ""order_id"": ""PO-00029"", ""po_raising_drr"": 403.0, ""po_raising_total_space"": 1440.0, ""po_raising_final_available_space"": 1440.0, ""order_date"": ""2026-03-12""}}",2280,70313.0,95.0,0,5,0,0.0,0.0,N/A,36.24,27.62,Band A,0.14358974358974358,2336,19,7410,5074,0,0,212,10000,2336
FC-001,Beverages,The Coca-Cola Company,FC-Alpha,SKU-00791,"Kinley Mineral Water, 1L Bottle",Mineral Water,2,15,4,VND-029,SLMG BEVERAGES PRIVATE LIMITED - Region Alpha,10000,CASES,1800,15,120.0,18126.0,1176,"{""sellable"": 256.0, ""contingency"": null, ""pending_putaway"": 910.0, ""under_transfer"": null}",276,0.92,16/03/26,"{""open_po_1"": {""promise_date"": ""2026-03-17"", ""orderedquantity"": 1080.0, ""order_item_amount"": 10875.6, ""open_po_cases"": 72.0, ""mrp"": 18.0, ""price_per_unit"": 10.07, ""order_id"": ""PO-00064"", ""po_raising_drr"": 481.0, ""po_raising_total_space"": 1800.0, ""po_raising_final_available_space"": 1075.0, ""order_date"": ""2026-03-15""}, ""open_po_2"": {""promise_date"": ""2026-03-16"", ""orderedquantity"": 1155.0, ""order_item_amount"": 11630.85, ""open_po_cases"": 77.0, ""mrp"": 18.0, ""price_per_unit"": 10.07, ""order_id"": ""PO-00014"", ""po_raising_drr"": 105.0, ""po_raising_total_space"": 1800.0, ""po_raising_final_available_space"": 1780.0, ""order_date"": ""2026-03-13""}}",2235,22506.0,149.0,0,12,0,0.0,0.0,N/A,20.12,10.62,Band B,4.260869565217392,3411,19,5244,1833,0,0,123,10000,3411
FC-001,Beverages,The Coca-Cola Company,FC-Alpha,SKU-00798,"Maaza Mango Drink, 600ml Bottle",Fruit Drinks,2,15,4,VND-029,SLMG BEVERAGES PRIVATE LIMITED - Region Alpha,10000,CASES,792,24,33.0,22604.0,297,"{""sellable"": 24.0, ""contingency"": null, ""pending_putaway"": 240.0, ""under_transfer"": 33.0}",292,0.647,14/03/26,"{""open_po_1"": {""promise_date"": ""2026-03-16"", ""orderedquantity"": 240.0, ""order_item_amount"": 6849.6, ""open_po_cases"": 10.0, ""mrp"": 35.0, ""price_per_unit"": 28.540000000000003, ""order_id"": ""PO-00014"", ""po_raising_drr"": 276.0, ""po_raising_total_space"": 792.0, ""po_raising_final_available_space"": 222.0, ""order_date"": ""2026-03-13""}, ""open_po_2"": {""promise_date"": ""2026-03-14"", ""orderedquantity"": 360.0, ""order_item_amount"": 10274.4, ""open_po_cases"": 15.0, ""mrp"": 35.0, ""price_per_unit"": 28.54, ""order_id"": ""PO-00029"", ""po_raising_drr"": 303.0, ""po_raising_total_space"": 792.0, ""po_raising_final_available_space"": 1314.0, ""order_date"": ""2026-03-12""}, ""open_po_3"": {""promise_date"": ""2026-03-14"", ""orderedquantity"": 168.0, ""order_item_amount"": 4794.72, ""open_po_cases"": 7.0, ""mrp"": 35.0, ""price_per_unit"": 28.540000000000003, ""order_id"": ""PO-00020"", ""po_raising_drr"": 210.0, ""po_raising_total_space"": 792.0, ""po_raising_final_available_space"": 792.0, ""order_date"": ""2026-03-11""}}",1392,40252.0,58.0,0,5,0,0.0,0.0,N/A,35.41,25.81,Band A,1.0171232876712328,1689,19,5548,3859,0,0,161,10000,1689
FC-001,Beverages,The Coca-Cola Company,FC-Alpha,SKU-00798,"Maaza Mango Drink, 600ml Bottle",Fruit Drinks,1,15,4,VND-046,Shree Krishna Enterprises - Region Epsilon,70000,VALUE,792,24,33.0,25407.0,297,"{""sellable"": 24.0, ""contingency"": null, ""pending_putaway"": 240.0, ""under_transfer"": 33.0}",292,0.647,14/03/26,{},1392,0.0,0.0,0,5,0,0.0,0.0,N/A,43.69,32.32,Band A,1.0171232876712328,1689,19,5548,3859,0,0,161,91,1689
FC-001,Beverages,The Coca-Cola Company,FC-Alpha,SKU-00824,"Thums Up Soft Drink, 2L Bottle",Soft Cola Drinks,2,15,4,VND-029,SLMG BEVERAGES PRIVATE LIMITED - Region Alpha,10000,CASES,162,9,18.0,11287.0,6,"{""sellable"": null, ""contingency"": null, ""pending_putaway"": 6.0, ""under_transfer"": null}",88,2.13,14/03/26,"{""open_po_1"": {""promise_date"": ""2026-03-17"", ""orderedquantity"": 162.0, ""order_item_amount"": 12780.18, ""open_po_cases"": 18.0, ""mrp"": 85.0, ""price_per_unit"": 78.89, ""order_id"": ""PO-00064"", ""po_raising_drr"": 202.0, ""po_raising_total_space"": 162.0, ""po_raising_final_available_space"": 162.0, ""order_date"": ""2026-03-15""}, ""open_po_2"": {""promise_date"": ""2026-03-16"", ""orderedquantity"": 81.0, ""order_item_amount"": 5643.27, ""open_po_cases"": 9.0, ""mrp"": 85.0, ""price_per_unit"": 69.67, ""order_id"": ""PO-00014"", ""po_raising_drr"": 77.0, ""po_raising_total_space"": 162.0, ""po_raising_final_available_space"": 77.0, ""order_date"": ""2026-03-13""}, ""open_po_3"": {""promise_date"": ""2026-03-14"", ""orderedquantity"": 63.0, ""order_item_amount"": 4389.21, ""open_po_cases"": 7.0, ""mrp"": 85.0, ""price_per_unit"": 69.67, ""order_id"": ""PO-00029"", ""po_raising_drr"": 62.0, ""po_raising_total_space"": 162.0, ""po_raising_final_available_space"": 88.0, ""order_date"": ""2026-03-12""}}",306,22813.0,34.0,0,3,0,0.0,0.0,N/A,95.1,74.04,Band B,0.06818181818181818,312,19,1672,1360,0,0,152,10000,312
FC-001,Beverages,The Coca-Cola Company,FC-Alpha,SKU-00824,"Thums Up Soft Drink, 2L Bottle",Soft Cola Drinks,1,15,4,VND-046,Shree Krishna Enterprises - Region Epsilon,70000,VALUE,162,9,18.0,12421.0,6,"{""sellable"": null, ""contingency"": null, ""pending_putaway"": 6.0, ""under_transfer"": null}",88,2.13,14/03/26,{},306,0.0,0.0,0,3,0,0.0,0.0,N/A,93.59,67.63,Band B,0.06818181818181818,312,19,1672,1360,0,0,152,116,312
FC-001,Beverages,The Coca-Cola Company,FC-Alpha,SKU-00825,"Thums Up Soft Drink, 300ml Can",Soft Cola Drinks,2,15,4,VND-029,SLMG BEVERAGES PRIVATE LIMITED - Region Alpha,10000,CASES,384,24,16.0,11666.0,17,"{""sellable"": 5.0, ""contingency"": null, ""pending_putaway"": null, ""under_transfer"": null}",29,0.33,16/03/26,"{""open_po_1"": {""promise_date"": ""2026-03-17"", ""orderedquantity"": 48.0, ""order_item_amount"": 1458.24, ""open_po_cases"": 2.0, ""mrp"": 40.0, ""price_per_unit"": 30.38, ""order_id"": ""PO-00064"", ""po_raising_drr"": 53.0, ""po_raising_total_space"": 384.0, ""po_raising_final_available_space"": 47.0, ""order_date"": ""2026-03-15""}, ""open_po_2"": {""promise_date"": ""2026-03-16"", ""orderedquantity"": 384.0, ""order_item_amount"": 11665.92, ""open_po_cases"": 16.0, ""mrp"": 40.0, ""price_per_unit"": 30.38, ""order_id"": ""PO-00014"", ""po_raising_drr"": 38.0, ""po_raising_total_space"": 384.0, ""po_raising_final_available_space"": 384.0, ""order_date"": ""2026-03-13""}}",432,13124.0,18.0,0,15,0,0.0,0.0,N/A,35.32,30.99,Band B,0.5862068965517241,449,19,551,102,0,0,5,10000,449
FC-001,Beverages,The Coca-Cola Company,FC-Alpha,SKU-00826,"Fanta Soft Drink, 750ml Bottle",Soft Cola Drinks,2,15,4,VND-029,SLMG BEVERAGES PRIVATE LIMITED - Region Alpha,10000,CASES,144,24,6.0,4398.0,195,"{""sellable"": 120.0, ""contingency"": 75.0, ""pending_putaway"": null, ""under_transfer"": 24.0}",52,0.82,16/03/26,"{""open_po_1"": {""promise_date"": ""2026-03-16"", ""orderedquantity"": 96.0, ""order_item_amount"": 2931.84, ""open_po_cases"": 4.0, ""mrp"": 40.0, ""price_per_unit"": 30.540000000000003, ""order_id"": ""PO-00014"", ""po_raising_drr"": 61.0, ""po_raising_total_space"": 144.0, ""po_raising_final_available_space"": 108.0, ""order_date"": ""2026-03-13""}}",96,2932.0,4.0,0,5,0,0.0,0.0,N/A,36.74,28.31,Band C,3.75,291,19,988,697,0,0,30,10000,291
FC-001,Beverages,The Coca-Cola Company,FC-Alpha,SKU-00827,"Coca-Cola Soft Drink, 750ml Bottle",Soft Cola Drinks,2,30,4,VND-029,SLMG BEVERAGES PRIVATE LIMITED - Region Alpha,10000,CASES,168,24,7.0,5131.0,0,"{""sellable"": null, ""contingency"": null, ""pending_putaway"": null, ""under_transfer"": null}",6,0.81,16/03/26,"{""open_po_1"": {""promise_date"": ""2026-03-16"", ""orderedquantity"": 24.0, ""order_item_amount"": 732.96, ""open_po_cases"": 1.0, ""mrp"": 40.0, ""price_per_unit"": 30.540000000000003, ""order_id"": ""PO-00014"", ""po_raising_drr"": 7.0, ""po_raising_total_space"": 168.0, ""po_raising_final_available_space"": 7.0, ""order_date"": ""2026-03-13""}}",192,5632.0,8.0,0,32,0,0.0,0.0,N/A,39.13,34.78,Band B,0.0,192,34,204,12,0,0,1,10000,192
FC-001,Beverages,The Coca-Cola Company,FC-Alpha,SKU-00827,"Coca-Cola Soft Drink, 750ml Bottle",Soft Cola Drinks,1,30,4,VND-046,Shree Krishna Enterprises - Region Epsilon,70000,VALUE,168,24,7.0,5215.0,0,"{""sellable"": null, ""contingency"": null, ""pending_putaway"": null, ""under_transfer"": null}",6,0.81,16/03/26,{},192,0.0,0.0,0,32,0,0.0,0.0,N/A,43.82,30.89,Band B,0.0,192,34,204,12,0,0,1,95,192
FC-001,Beverages,The Coca-Cola Company,FC-Alpha,SKU-00828,"Coca-Cola Soft Drink, 300ml Can",Soft Cola Drinks,2,30,4,VND-029,SLMG BEVERAGES PRIVATE LIMITED - Region Alpha,10000,CASES,696,24,29.0,21840.0,12,"{""sellable"": 1.0, ""contingency"": null, ""pending_putaway"": 11.0, ""under_transfer"": null}",100,0.34,14/03/26,"{""open_po_1"": {""promise_date"": ""2026-03-16"", ""orderedquantity"": 336.0, ""order_item_amount"": 10543.68, ""open_po_cases"": 14.0, ""mrp"": 40.0, ""price_per_unit"": 31.380000000000003, ""order_id"": ""PO-00014"", ""po_raising_drr"": 133.0, ""po_raising_total_space"": 696.0, ""po_raising_final_available_space"": 320.0, ""order_date"": ""2026-03-13""}, ""open_po_2"": {""promise_date"": ""2026-03-14"", ""orderedquantity"": 576.0, ""order_item_amount"": 18074.88, ""open_po_cases"": 24.0, ""mrp"": 40.0, ""price_per_unit"": 31.380000000000003, ""order_id"": ""PO-00029"", ""po_raising_drr"": 120.0, ""po_raising_total_space"": 696.0, ""po_raising_final_available_space"": 626.0, ""order_date"": ""2026-03-12""}}",912,28619.0,38.0,0,9,0,0.0,0.0,N/A,44.33,34.26,Band A,0.12,924,34,3400,2476,0,0,104,10000,924
FC-001,Beverages,The Coca-Cola Company,FC-Alpha,SKU-00833,"Sprite Soft Drink, 2L Bottle",Soft Cola Drinks,2,30,4,VND-029,SLMG BEVERAGES PRIVATE LIMITED - Region Alpha,10000,CASES,1440,9,160.0,100325.0,33,"{""sellable"": 16.0, ""contingency"": 17.0, ""pending_putaway"": null, ""under_transfer"": 17.0}",511,1.84,14/03/26,"{""open_po_1"": {""promise_date"": ""2026-03-17"", ""orderedquantity"": 1233.0, ""order_item_amount"": 97271.37, ""open_po_cases"": 137.0, ""mrp"": 85.0, ""price_per_unit"": 78.89, ""order_id"": ""PO-00064"", ""po_raising_drr"": 1204.0, ""po_raising_total_space"": 1440.0, ""po_raising_final_available_space"": 1225.0, ""order_date"": ""2026-03-15""}, ""open_po_2"": {""promise_date"": ""2026-03-16"", ""orderedquantity"": 765.0, ""order_item_amount"": 53297.55, ""open_po_cases"": 85.0, ""mrp"": 85.0, ""price_per_unit"": 69.67, ""order_id"": ""PO-00014"", ""po_raising_drr"": 763.0, ""po_raising_total_space"": 1440.0, ""po_raising_final_available_space"": 763.0, ""order_date"": ""2026-03-13""}, ""open_po_3"": {""promise_date"": ""2026-03-14"", ""orderedquantity"": 333.0, ""order_item_amount"": 23200.11, ""open_po_cases"": 37.0, ""mrp"": 85.0, ""price_per_unit"": 69.67, ""order_id"": ""PO-00029"", ""po_raising_drr"": 371.0, ""po_raising_total_space"": 1440.0, ""po_raising_final_available_space"": 1044.0, ""order_date"": ""2026-03-12""}}",2331,173769.0,259.0,0,4,0,0.0,0.0,N/A,72.43,70.72,Band A,0.06457925636007827,2364,34,17374,15010,0,0,1668,10000,2364
FC-001,Beverages,The Coca-Cola Company,FC-Alpha,SKU-00833,"Sprite Soft Drink, 2L Bottle",Soft Cola Drinks,1,30,4,VND-046,Shree Krishna Enterprises - Region Epsilon,70000,VALUE,1440,9,160.0,110405.0,33,"{""sellable"": 16.0, ""contingency"": 17.0, ""pending_putaway"": null, ""under_transfer"": 17.0}",511,1.84,14/03/26,{},2331,0.0,0.0,0,4,0,0.0,0.0,N/A,99.32,66.17,Band A,0.06457925636007827,2364,34,17374,15010,0,0,1668,118,2364
FC-001,Beverages,The Coca-Cola Company,FC-Alpha,SKU-00834,"Fanta Soft Drink, 300ml Can",Soft Cola Drinks,2,15,4,VND-029,SLMG BEVERAGES PRIVATE LIMITED - Region Alpha,10000,CASES,216,24,9.0,6562.0,96,"{""sellable"": 96.0, ""contingency"": null, ""pending_putaway"": null, ""under_transfer"": null}",4,0.28,17/03/26,"{""open_po_1"": {""promise_date"": ""2026-03-17"", ""orderedquantity"": 144.0, ""order_item_amount"": 4374.72, ""open_po_cases"": 6.0, ""mrp"": 40.0, ""price_per_unit"": 30.380000000000003, ""order_id"": ""PO-00064"", ""po_raising_drr"": 7.0, ""po_raising_total_space"": 216.0, ""po_raising_final_available_space"": 127.0, ""order_date"": ""2026-03-15""}}",144,4375.0,6.0,0,60,0,0.0,0.0,N/A,39.01,31.59,Band C,24.0,240,19,76,0,0,0,0,10000,240
FC-001,Beverages,The Coca-Cola Company,FC-Alpha,SKU-00835,"Limca, 250ml Bottle",Soft Cola Drinks,2,15,4,VND-029,SLMG BEVERAGES PRIVATE LIMITED - Region Alpha,10000,CASES,112,28,4.0,1772.0,26,"{""sellable"": null, ""contingency"": null, ""pending_putaway"": null, ""under_transfer"": null}",14,0.273,16/03/26,"{""open_po_1"": {""promise_date"": ""2026-03-16"", ""orderedquantity"": 112.0, ""order_item_amount"": 1771.84, ""open_po_cases"": 4.0, ""mrp"": 20.0, ""price_per_unit"": 15.819999999999999, ""order_id"": ""PO-00014"", ""po_raising_drr"": 16.0, ""po_raising_total_space"": 112.0, ""po_raising_final_available_space"": 86.0, ""order_date"": ""2026-03-13""}}",112,1772.0,4.0,0,9,0,0.0,0.0,N/A,18.33,17.96,Band C,1.8571428571428572,138,19,266,128,0,0,5,10000,138
FC-001,Beverages,The Coca-Cola Company,FC-Alpha,SKU-00835,"Limca, 250ml Bottle",Soft Cola Drinks,1,15,4,VND-046,Shree Krishna Enterprises - Region Epsilon,70000,VALUE,112,28,4.0,1760.0,26,"{""sellable"": null, ""contingency"": null, ""pending_putaway"": null, ""under_transfer"": null}",14,0.273,16/03/26,{},112,0.0,0.0,0,9,0,0.0,0.0,N/A,17.72,16.19,Band C,1.8571428571428572,138,19,266,128,0,0,5,155,138
FC-001,Beverages,The Coca-Cola Company,FC-Alpha,SKU-00865,"Maaza Celebrations Mango Drink, 1L Bottle",Fruit Drinks,4,15,4,VND-030,Eshwar Enterprise,100,CASES,2400,15,160.0,110400.0,2100,"{""sellable"": 2100.0, ""contingency"": null, ""pending_putaway"": null, ""under_transfer"": null}",0,0.92,17/03/26,{},45,0.0,0.0,0,0,0,0.0,0.0,N/A,57.08,50.4,,0.0,2145,19,0,0,255,17,0,0,2145
FC-001,Beverages,The Coca-Cola Company,FC-Alpha,SKU-00908,"Predator Gold Strike Energy Drink, 300ml Can",Energy Drinks,2,30,4,VND-029,SLMG BEVERAGES PRIVATE LIMITED - Region Alpha,10000,CASES,888,24,37.0,36559.0,0,"{""sellable"": null, ""contingency"": null, ""pending_putaway"": null, ""under_transfer"": null}",0,0.31,16/03/26,"{""open_po_1"": {""promise_date"": ""2026-03-17"", ""orderedquantity"": 768.0, ""order_item_amount"": 31618.56, ""open_po_cases"": 32.0, ""mrp"": 60.0, ""price_per_unit"": 41.17, ""order_id"": ""PO-00064"", ""po_raising_drr"": 0.0, ""po_raising_total_space"": 888.0, ""po_raising_final_available_space"": 768.0, ""order_date"": ""2026-03-15""}, ""open_po_2"": {""promise_date"": ""2026-03-16"", ""orderedquantity"": 120.0, ""order_item_amount"": 4940.4, ""open_po_cases"": 5.0, ""mrp"": 60.0, ""price_per_unit"": 41.169999999999995, ""order_id"": ""PO-00014"", ""po_raising_drr"": 3.0, ""po_raising_total_space"": 888.0, ""po_raising_final_available_space"": 888.0, ""order_date"": ""2026-03-13""}}",888,36559.0,37.0,0,0,0,0.0,0.0,N/A,67.97,45.92,Band B,0.0,888,34,0,0,0,0,0,0,888
FC-001,Beverages,The Coca-Cola Company,FC-Alpha,SKU-00937,"Coca-Cola Zero Sugar No Calories Soft Drink, 300ml Can",Soft Cola Drinks,2,15,4,VND-029,SLMG BEVERAGES PRIVATE LIMITED - Region Alpha,10000,CASES,3384,24,141.0,102806.0,2808,"{""sellable"": 2808.0, ""contingency"": null, ""pending_putaway"": null, ""under_transfer"": null}",41,0.0,17/03/26,"{""open_po_1"": {""promise_date"": ""2026-03-17"", ""orderedquantity"": 624.0, ""order_item_amount"": 18957.12, ""open_po_cases"": 26.0, ""mrp"": 40.0, ""price_per_unit"": 30.38, ""order_id"": ""PO-00064"", ""po_raising_drr"": 63.0, ""po_raising_total_space"": 3384.0, ""po_raising_final_available_space"": 615.0, ""order_date"": ""2026-03-15""}}",624,18957.0,26.0,0,83,0,0.0,0.0,N/A,37.88,27.9,Band B,68.48780487804878,3432,19,779,0,0,0,0,10000,3432
FC-001,Beverages,The Coca-Cola Company,FC-Alpha,SKU-00986,"Fanta Soft Drink, 2L Bottle",Soft Cola Drinks,2,15,4,VND-029,SLMG BEVERAGES PRIVATE LIMITED - Region Alpha,10000,CASES,648,9,72.0,45146.0,4,"{""sellable"": 4.0, ""contingency"": null, ""pending_putaway"": null, ""under_transfer"": null}",228,1.84,14/03/26,"{""open_po_1"": {""promise_date"": ""2026-03-17"", ""orderedquantity"": 36.0, ""order_item_amount"": 2840.04, ""open_po_cases"": 4.0, ""mrp"": 85.0, ""price_per_unit"": 78.89, ""order_id"": ""PO-00064"", ""po_raising_drr"": 422.0, ""po_raising_total_space"": 648.0, ""po_raising_final_available_space"": 31.0, ""order_date"": ""2026-03-15""}, ""open_po_2"": {""promise_date"": ""2026-03-16"", ""orderedquantity"": 414.0, ""order_item_amount"": 28843.38, ""open_po_cases"": 46.0, ""mrp"": 85.0, ""price_per_unit"": 69.67, ""order_id"": ""PO-00014"", ""po_raising_drr"": 284.0, ""po_raising_total_space"": 648.0, ""po_raising_final_available_space"": 595.0, ""order_date"": ""2026-03-13""}, ""open_po_3"": {""promise_date"": ""2026-03-14"", ""orderedquantity"": 621.0, ""order_item_amount"": 43265.07, ""open_po_cases"": 69.0, ""mrp"": 85.0, ""price_per_unit"": 69.67, ""order_id"": ""PO-00029"", ""po_raising_drr"": 289.0, ""po_raising_total_space"": 648.0, ""po_raising_final_available_space"": 648.0, ""order_date"": ""2026-03-12""}}",1071,74948.0,119.0,0,4,0,0.0,0.0,N/A,85.48,63.65,Band A,0.017543859649122806,1075,19,4332,3257,0,0,362,10000,1075
FC-001,Beverages,The Coca-Cola Company,FC-Alpha,SKU-00986,"Fanta Soft Drink, 2L Bottle",Soft Cola Drinks,1,15,4,VND-046,Shree Krishna Enterprises - Region Epsilon,70000,VALUE,648,9,72.0,49682.0,4,"{""sellable"": 4.0, ""contingency"": null, ""pending_putaway"": null, ""under_transfer"": null}",228,1.84,14/03/26,{},1071,0.0,0.0,0,4,0,0.0,0.0,N/A,105.03,79.22,Band A,0.017543859649122806,1075,19,4332,3257,0,0,362,99,1075
FC-001,Beverages,The Coca-Cola Company,FC-Alpha,SKU-00996,"Coca-Cola Soft Drink, 180ml Can",Soft Cola Drinks,2,30,4,VND-029,SLMG BEVERAGES PRIVATE LIMITED - Region Alpha,10000,CASES,3456,36,96.0,69500.0,12,"{""sellable"": 12.0, ""contingency"": null, ""pending_putaway"": null, ""under_transfer"": null}",35,0.18,16/03/26,"{""open_po_1"": {""promise_date"": ""2026-03-17"", ""orderedquantity"": 2304.0, ""order_item_amount"": 46333.44, ""open_po_cases"": 64.0, ""mrp"": 25.0, ""price_per_unit"": 20.11, ""order_id"": ""PO-00064"", ""po_raising_drr"": 61.0, ""po_raising_total_space"": 3456.0, ""po_raising_final_available_space"": 2281.0, ""order_date"": ""2026-03-15""}, ""open_po_2"": {""promise_date"": ""2026-03-16"", ""orderedquantity"": 1224.0, ""order_item_amount"": 24614.64, ""open_po_cases"": 34.0, ""mrp"": 25.0, ""price_per_unit"": 20.11, ""order_id"": ""PO-00014"", ""po_raising_drr"": 39.0, ""po_raising_total_space"": 3456.0, ""po_raising_final_available_space"": 3456.0, ""order_date"": ""2026-03-13""}}",3528,70948.0,98.0,0,101,0,0.0,0.0,N/A,23.98,19.57,Band A,0.34285714285714286,3540,34,1190,0,0,0,0,10000,3540
FC-001,Beverages,The Coca-Cola Company,FC-Alpha,SKU-00997,"Coca-Cola Zero Coke Soft Drink, 180ml Can",Soft Cola Drinks,2,15,4,VND-029,SLMG BEVERAGES PRIVATE LIMITED - Region Alpha,10000,CASES,540,36,15.0,10859.0,540,"{""sellable"": 540.0, ""contingency"": null, ""pending_putaway"": null, ""under_transfer"": null}",0,0.18,,{},0,0.0,0.0,0,0,0,0.0,0.0,N/A,28.54,22.16,,0.0,540,19,0,0,0,0,0,0,540
FC-001,Beverages,The Coca-Cola Company,FC-Alpha,SKU-00999,"Thums Up Soft Drink, 180ml Can",Soft Cola Drinks,2,15,4,VND-029,SLMG BEVERAGES PRIVATE LIMITED - Region Alpha,10000,CASES,108,36,3.0,2172.0,0,"{""sellable"": null, ""contingency"": null, ""pending_putaway"": null, ""under_transfer"": null}",7,0.18,16/03/26,"{""open_po_1"": {""promise_date"": ""2026-03-17"", ""orderedquantity"": 36.0, ""order_item_amount"": 723.96, ""open_po_cases"": 1.0, ""mrp"": 25.0, ""price_per_unit"": 20.11, ""order_id"": ""PO-00064"", ""po_raising_drr"": 14.0, ""po_raising_total_space"": 108.0, ""po_raising_final_available_space"": 14.0, ""order_date"": ""2026-03-15""}, ""open_po_2"": {""promise_date"": ""2026-03-16"", ""orderedquantity"": 108.0, ""order_item_amount"": 2171.88, ""open_po_cases"": 3.0, ""mrp"": 25.0, ""price_per_unit"": 20.11, ""order_id"": ""PO-00014"", ""po_raising_drr"": 8.0, ""po_raising_total_space"": 108.0, ""po_raising_final_available_space"": 108.0, ""order_date"": ""2026-03-13""}}",144,2896.0,4.0,0,20,0,0.0,0.0,N/A,28.47,22.52,Band C,0.0,144,19,133,0,0,0,0,10000,144
FC-001,Beverages,The Coca-Cola Company,FC-Alpha,SKU-00999,"Thums Up Soft Drink, 180ml Can",Soft Cola Drinks,1,15,4,VND-046,Shree Krishna Enterprises - Region Epsilon,70000,VALUE,108,36,3.0,2160.0,0,"{""sellable"": null, ""contingency"": null, ""pending_putaway"": null, ""under_transfer"": null}",7,0.18,16/03/26,{},144,0.0,0.0,0,20,0,0.0,0.0,N/A,23.14,19.12,Band C,0.0,144,19,133,0,0,0,0,102,144
FC-001,Beverages,The Coca-Cola Company,FC-Alpha,SKU-01064,"Thums Up Soft Drink, 1L Bottle",Soft Cola Drinks,2,30,4,VND-029,SLMG BEVERAGES PRIVATE LIMITED - Region Alpha,10000,CASES,1869,15,125.0,75377.0,16,"{""sellable"": 6.0, ""contingency"": null, ""pending_putaway"": null, ""under_transfer"": null}",234,1.065,16/03/26,"{""open_po_1"": {""promise_date"": ""2026-03-17"", ""orderedquantity"": 375.0, ""order_item_amount"": 15123.75, ""open_po_cases"": 25.0, ""mrp"": 50.0, ""price_per_unit"": 40.33, ""order_id"": ""PO-00064"", ""po_raising_drr"": 408.0, ""po_raising_total_space"": 1869.0, ""po_raising_final_available_space"": 361.0, ""order_date"": ""2026-03-15""}, ""open_po_2"": {""promise_date"": ""2026-03-16"", ""orderedquantity"": 1860.0, ""order_item_amount"": 75013.8, ""open_po_cases"": 124.0, ""mrp"": 50.0, ""price_per_unit"": 40.33, ""order_id"": ""PO-00014"", ""po_raising_drr"": 291.0, ""po_raising_total_space"": 1869.0, ""po_raising_final_available_space"": 1859.0, ""order_date"": ""2026-03-13""}}",2235,90138.0,149.0,0,9,0,0.0,0.0,N/A,49.96,37.15,Band A,0.06837606837606838,2251,34,7956,5705,0,0,381,10000,2251
FC-001,Beverages,The Coca-Cola Company,FC-Alpha,SKU-01070,"Coca-Cola Soft Drink, 1L Bottle",Soft Cola Drinks,2,15,4,VND-029,SLMG BEVERAGES PRIVATE LIMITED - Region Alpha,10000,CASES,600,15,40.0,24198.0,0,"{""sellable"": null, ""contingency"": null, ""pending_putaway"": null, ""under_transfer"": null}",40,1.075,16/03/26,"{""open_po_1"": {""promise_date"": ""2026-03-17"", ""orderedquantity"": 120.0, ""order_item_amount"": 4839.6, ""open_po_cases"": 8.0, ""mrp"": 50.0, ""price_per_unit"": 40.330000000000005, ""order_id"": ""PO-00064"", ""po_raising_drr"": 109.0, ""po_raising_total_space"": 600.0, ""po_raising_final_available_space"": 109.0, ""order_date"": ""2026-03-15""}, ""open_po_2"": {""promise_date"": ""2026-03-16"", ""orderedquantity"": 600.0, ""order_item_amount"": 24198.0, ""open_po_cases"": 40.0, ""mrp"": 50.0, ""price_per_unit"": 40.33, ""order_id"": ""PO-00014"", ""po_raising_drr"": 117.0, ""po_raising_total_space"": 600.0, ""po_raising_final_available_space"": 600.0, ""order_date"": ""2026-03-13""}}",720,29038.0,48.0,0,18,0,0.0,0.0,N/A,47.01,43.72,Band A,0.0,720,19,760,40,0,0,3,10000,720
FC-001,Beverages,Varun Beverages Limited,FC-Alpha,SKU-00088,"Mountain Dew Soft Drink, 300ml Can",Soft Cola Drinks,2,13,4,VND-002,VARUN BEVERAGES LIMITED - Region Beta,10000,CASES,24,24,1.0,758.0,24,"{""sellable"": null, ""contingency"": 24.0, ""pending_putaway"": null, ""under_transfer"": 24.0}",0,0.33,16/03/26,"{""open_po_1"": {""promise_date"": ""2026-03-18"", ""orderedquantity"": 24.0, ""order_item_amount"": 758.4, ""open_po_cases"": 1.0, ""mrp"": 40.0, ""price_per_unit"": 31.599999999999998, ""order_id"": ""PO-00062"", ""po_raising_drr"": 165.0, ""po_raising_total_space"": 24.0, ""po_raising_final_available_space"": 24.0, ""order_date"": ""2026-03-15""}, ""open_po_2"": {""promise_date"": ""2026-03-16"", ""orderedquantity"": 24.0, ""order_item_amount"": 758.4, ""open_po_cases"": 1.0, ""mrp"": 40.0, ""price_per_unit"": 31.599999999999998, ""order_id"": ""PO-00002"", ""po_raising_drr"": 13.0, ""po_raising_total_space"": 24.0, ""po_raising_final_available_space"": 24.0, ""order_date"": ""2026-03-07""}}",48,1517.0,2.0,0,0,0,0.0,0.0,N/A,37.42,29.47,Band C,0.0,72,17,0,0,0,0,0,0,72
FC-001,Beverages,Varun Beverages Limited,FC-Alpha,SKU-00223,"7Up Soft Drink, Zero Sugar, 400ml Bottle",Soft Cola Drinks,2,9,4,VND-004,VARUN BEVERAGES LIMITED - Region Epsilon,10000,CASES,864,30,29.0,14515.0,1018,"{""sellable"": 774.0, ""contingency"": 244.0, ""pending_putaway"": null, ""under_transfer"": null}",60,0.526,16/03/26,"{""open_po_1"": {""promise_date"": ""2026-03-18"", ""orderedquantity"": 150.0, ""order_item_amount"": 2520.0, ""open_po_cases"": 5.0, ""mrp"": 20.0, ""price_per_unit"": 16.8, ""order_id"": ""PO-00061"", ""po_raising_drr"": 345.0, ""po_raising_total_space"": 864.0, ""po_raising_final_available_space"": 146.0, ""order_date"": ""2026-03-15""}, ""open_po_2"": {""promise_date"": ""2026-03-16"", ""orderedquantity"": 300.0, ""order_item_amount"": 5040.0, ""open_po_cases"": 10.0, ""mrp"": 20.0, ""price_per_unit"": 16.8, ""order_id"": ""PO-00001"", ""po_raising_drr"": 50.0, ""po_raising_total_space"": 864.0, ""po_raising_final_available_space"": 314.0, ""order_date"": ""2026-03-07""}}",450,7560.0,15.0,0,24,0,0.0,0.0,N/A,21.19,18.43,Band B,16.966666666666665,1468,13,780,0,0,0,0,10000,1468
FC-001,Beverages,Varun Beverages Limited,FC-Alpha,SKU-00257,"Slice Mango Drink, Rs.10 Tetra Pak",Fruit Drinks,2,8,4,VND-004,VARUN BEVERAGES LIMITED - Region Epsilon,10000,CASES,440,40,11.0,3696.0,0,"{""sellable"": null, ""contingency"": null, ""pending_putaway"": null, ""under_transfer"": null}",23,0.144,16/03/26,"{""open_po_1"": {""promise_date"": ""2026-03-18"", ""orderedquantity"": 80.0, ""order_item_amount"": 672.0, ""open_po_cases"": 2.0, ""mrp"": 10.0, ""price_per_unit"": 8.4, ""order_id"": ""PO-00061"", ""po_raising_drr"": 49.0, ""po_raising_total_space"": 440.0, ""po_raising_final_available_space"": 63.0, ""order_date"": ""2026-03-15""}, ""open_po_2"": {""promise_date"": ""2026-03-16"", ""orderedquantity"": 200.0, ""order_item_amount"": 1680.0, ""open_po_cases"": 5.0, ""mrp"": 10.0, ""price_per_unit"": 8.4, ""order_id"": ""PO-00018"", ""po_raising_drr"": 30.0, ""po_raising_total_space"": 440.0, ""po_raising_final_available_space"": 225.0, ""order_date"": ""2026-03-13""}, ""open_po_3"": {""promise_date"": ""2026-03-16"", ""orderedquantity"": 240.0, ""order_item_amount"": 2016.0, ""open_po_cases"": 6.0, ""mrp"": 10.0, ""price_per_unit"": 8.4, ""order_id"": ""PO-00001"", ""po_raising_drr"": 21.0, ""po_raising_total_space"": 440.0, ""po_raising_final_available_space"": 248.0, ""order_date"": ""2026-03-07""}}",520,4368.0,13.0,0,22,0,0.0,0.0,N/A,10.33,8.21,Band C,0.0,520,12,276,0,0,0,0,10000,520
FC-001,Beverages,Varun Beverages Limited,FC-Alpha,SKU-00454,"Mirinda Soft Drink, 750ml Bottle",Soft Cola Drinks,2,8,4,VND-002,VARUN BEVERAGES LIMITED - Region Beta,10000,CASES,240,24,10.0,7968.0,0,"{""sellable"": null, ""contingency"": null, ""pending_putaway"": null, ""under_transfer"": null}",11,0.82,16/03/26,"{""open_po_1"": {""promise_date"": ""2026-03-18"", ""orderedquantity"": 144.0, ""order_item_amount"": 4780.8, ""open_po_cases"": 6.0, ""mrp"": 40.0, ""price_per_unit"": 33.2, ""order_id"": ""PO-00062"", ""po_raising_drr"": 66.0, ""po_raising_total_space"": 240.0, ""po_raising_final_available_space"": 132.0, ""order_date"": ""2026-03-15""}, ""open_po_2"": {""promise_date"": ""2026-03-16"", ""orderedquantity"": 48.0, ""order_item_amount"": 1593.6, ""open_po_cases"": 2.0, ""mrp"": 40.0, ""price_per_unit"": 33.199999999999996, ""order_id"": ""PO-00016"", ""po_raising_drr"": 16.0, ""po_raising_total_space"": 240.0, ""po_raising_final_available_space"": 56.0, ""order_date"": ""2026-03-13""}, ""open_po_3"": {""promise_date"": ""2026-03-16"", ""orderedquantity"": 168.0, ""order_item_amount"": 5577.6, ""open_po_cases"": 7.0, ""mrp"": 40.0, ""price_per_unit"": 33.2, ""order_id"": ""PO-00002"", ""po_raising_drr"": 16.0, ""po_raising_total_space"": 240.0, ""po_raising_final_available_space"": 184.0, ""order_date"": ""2026-03-07""}}",360,11952.0,15.0,0,32,0,0.0,0.0,N/A,40.03,34.87,Band C,0.0,360,12,132,0,0,0,0,10000,360
FC-001,Beverages,Varun Beverages Limited,FC-Alpha,SKU-00459,"Mountain Dew Soft Drink, Rs.20 Bottle",Soft Cola Drinks,2,8,4,VND-004,VARUN BEVERAGES LIMITED - Region Epsilon,10000,CASES,270,30,9.0,4482.0,0,"{""sellable"": null, ""contingency"": null, ""pending_putaway"": null, ""under_transfer"": null}",60,0.25,16/03/26,"{""open_po_1"": {""promise_date"": ""2026-03-18"", ""orderedquantity"": 180.0, ""order_item_amount"": 2988.0, ""open_po_cases"": 6.0, ""mrp"": 20.0, ""price_per_unit"": 16.6, ""order_id"": ""PO-00061"", ""po_raising_drr"": 90.0, ""po_raising_total_space"": 270.0, ""po_raising_final_available_space"": 180.0, ""order_date"": ""2026-03-15""}, ""open_po_2"": {""promise_date"": ""2026-03-16"", ""orderedquantity"": 270.0, ""order_item_amount"": 4482.0, ""open_po_cases"": 9.0, ""mrp"": 20.0, ""price_per_unit"": 16.6, ""order_id"": ""PO-00018"", ""po_raising_drr"": 80.0, ""po_raising_total_space"": 270.0, ""po_raising_final_available_space"": 270.0, ""order_date"": ""2026-03-13""}}",450,7470.0,15.0,0,7,0,0.0,0.0,N/A,17.31,14.59,Band C,0.0,450,12,720,270,0,0,9,10000,450
FC-001,Beverages,Varun Beverages Limited,FC-Alpha,SKU-00468,"Pepsi Soft Drink, Rs.20 Bottle",Soft Cola Drinks,2,8,4,VND-004,VARUN BEVERAGES LIMITED - Region Epsilon,10000,CASES,690,30,23.0,11454.0,360,"{""sellable"": 330.0, ""contingency"": 30.0, ""pending_putaway"": null, ""under_transfer"": null}",231,0.279,16/03/26,"{""open_po_1"": {""promise_date"": ""2026-03-18"", ""orderedquantity"": 450.0, ""order_item_amount"": 7470.0, ""open_po_cases"": 15.0, ""mrp"": 20.0, ""price_per_unit"": 16.6, ""order_id"": ""PO-00061"", ""po_raising_drr"": 403.0, ""po_raising_total_space"": 690.0, ""po_raising_final_available_space"": 446.0, ""order_date"": ""2026-03-15""}, ""open_po_2"": {""promise_date"": ""2026-03-16"", ""orderedquantity"": 330.0, ""order_item_amount"": 5478.0, ""open_po_cases"": 11.0, ""mrp"": 20.0, ""price_per_unit"": 16.6, ""order_id"": ""PO-00001"", ""po_raising_drr"": 49.0, ""po_raising_total_space"": 690.0, ""po_raising_final_available_space"": 343.0, ""order_date"": ""2026-03-07""}}",780,12948.0,26.0,0,4,0,0.0,0.0,N/A,18.67,17.22,Band B,1.5584415584415585,1140,12,2772,1632,0,0,55,10000,1140
FC-001,Beverages,Varun Beverages Limited,FC-Alpha,SKU-00486,"Mirinda Soft Drink, Rs.20 Bottle",Soft Cola Drinks,2,8,4,VND-004,VARUN BEVERAGES LIMITED - Region Epsilon,10000,CASES,870,30,29.0,14442.0,175,"{""sellable"": 151.0, ""contingency"": null, ""pending_putaway"": 24.0, ""under_transfer"": null}",103,0.24,16/03/26,"{""open_po_1"": {""promise_date"": ""2026-03-18"", ""orderedquantity"": 690.0, ""order_item_amount"": 11454.0, ""open_po_cases"": 23.0, ""mrp"": 20.0, ""price_per_unit"": 16.6, ""order_id"": ""PO-00061"", ""po_raising_drr"": 267.0, ""po_raising_total_space"": 870.0, ""po_raising_final_available_space"": 683.0, ""order_date"": ""2026-03-15""}, ""open_po_2"": {""promise_date"": ""2026-03-16"", ""orderedquantity"": 480.0, ""order_item_amount"": 7968.0, ""open_po_cases"": 16.0, ""mrp"": 20.0, ""price_per_unit"": 16.6, ""order_id"": ""PO-00001"", ""po_raising_drr"": 39.0, ""po_raising_total_space"": 870.0, ""po_raising_final_available_space"": 483.0, ""order_date"": ""2026-03-07""}}",1170,19422.0,39.0,0,13,0,0.0,0.0,N/A,22.45,16.36,Band B,1.6990291262135921,1345,12,1236,0,0,0,0,10000,1345
FC-001,Beverages,Varun Beverages Limited,FC-Alpha,SKU-00493,"Lehar Everess Soda, 750ml Bottle",Soda Water,2,9,4,VND-004,VARUN BEVERAGES LIMITED - Region Epsilon,10000,CASES,960,24,40.0,15168.0,458,"{""sellable"": 447.0, ""contingency"": null, ""pending_putaway"": 11.0, ""under_transfer"": null}",74,0.69,16/03/26,"{""open_po_1"": {""promise_date"": ""2026-03-18"", ""orderedquantity"": 264.0, ""order_item_amount"": 3754.08, ""open_po_cases"": 11.0, ""mrp"": 18.0, ""price_per_unit"": 14.219999999999999, ""order_id"": ""PO-00061"", ""po_raising_drr"": 126.0, ""po_raising_total_space"": 960.0, ""po_raising_final_available_space"": 256.0, ""order_date"": ""2026-03-15""}, ""open_po_2"": {""promise_date"": ""2026-03-16"", ""orderedquantity"": 432.0, ""order_item_amount"": 6825.6, ""open_po_cases"": 18.0, ""mrp"": 20.0, ""price_per_unit"": 15.8, ""order_id"": ""PO-00001"", ""po_raising_drr"": 57.0, ""po_raising_total_space"": 960.0, ""po_raising_final_available_space"": 446.0, ""order_date"": ""2026-03-07""}}",696,10580.0,29.0,0,15,0,0.0,0.0,N/A,18.44,16.21,Band C,6.1891891891891895,1154,13,962,0,0,0,0,10000,1154
FC-001,Beverages,Varun Beverages Limited,FC-Alpha,SKU-00495,"Pepsi Soft Drink, 1.25L Bottle",Soft Cola Drinks,2,13,4,VND-004,VARUN BEVERAGES LIMITED - Region Epsilon,10000,CASES,150,15,10.0,6375.0,0,"{""sellable"": null, ""contingency"": null, ""pending_putaway"": null, ""under_transfer"": null}",41,1.25,16/03/26,"{""open_po_1"": {""promise_date"": ""2026-03-18"", ""orderedquantity"": 150.0, ""order_item_amount"": 6375.0, ""open_po_cases"": 10.0, ""mrp"": 50.0, ""price_per_unit"": 42.5, ""order_id"": ""PO-00061"", ""po_raising_drr"": 73.0, ""po_raising_total_space"": 150.0, ""po_raising_final_available_space"": 150.0, ""order_date"": ""2026-03-15""}, ""open_po_2"": {""promise_date"": ""2026-03-16"", ""orderedquantity"": 30.0, ""order_item_amount"": 1275.0, ""open_po_cases"": 2.0, ""mrp"": 50.0, ""price_per_unit"": 42.5, ""order_id"": ""PO-00001"", ""po_raising_drr"": 8.0, ""po_raising_total_space"": 150.0, ""po_raising_final_available_space"": 41.0, ""order_date"": ""2026-03-07""}}",180,7650.0,12.0,0,4,0,0.0,0.0,N/A,44.67,38.27,Band C,0.0,180,17,697,517,0,0,35,10000,180
FC-001,Beverages,Varun Beverages Limited,FC-Alpha,SKU-00502,"Sting Energy Drink, Rs.20 Bottle",Energy Drinks,2,30,4,VND-004,VARUN BEVERAGES LIMITED - Region Epsilon,10000,CASES,11760,30,392.0,195216.0,2038,"{""sellable"": 2038.0, ""contingency"": null, ""pending_putaway"": null, ""under_transfer"": null}",1412,0.274,16/03/26,"{""open_po_1"": {""promise_date"": ""2026-03-18"", ""orderedquantity"": 7230.0, ""order_item_amount"": 120018.0, ""open_po_cases"": 241.0, ""mrp"": 20.0, ""price_per_unit"": 16.6, ""order_id"": ""PO-00061"", ""po_raising_drr"": 2480.0, ""po_raising_total_space"": 11760.0, ""po_raising_final_available_space"": 7212.0, ""order_date"": ""2026-03-15""}, ""open_po_2"": {""promise_date"": ""2026-03-16"", ""orderedquantity"": 6510.0, ""order_item_amount"": 108066.0, ""open_po_cases"": 217.0, ""mrp"": 20.0, ""price_per_unit"": 16.6, ""order_id"": ""PO-00001"", ""po_raising_drr"": 862.0, ""po_raising_total_space"": 11760.0, ""po_raising_final_available_space"": 6514.0, ""order_date"": ""2026-03-07""}}",13740,228084.0,458.0,0,11,0,0.0,0.0,N/A,19.94,17.78,Band A,1.4433427762039661,15778,34,48008,32230,0,0,1075,10000,15778
FC-001,Beverages,Varun Beverages Limited,FC-Alpha,SKU-00502,"Sting Energy Drink, Rs.20 Bottle",Energy Drinks,1,30,4,VND-046,Shree Krishna Enterprises - Region Epsilon,70000,VALUE,11760,30,392.0,194040.0,2038,"{""sellable"": 2038.0, ""contingency"": null, ""pending_putaway"": null, ""under_transfer"": null}",1412,0.274,16/03/26,{},13740,0.0,0.0,0,11,0,0.0,0.0,N/A,22.91,18.3,Band A,1.4433427762039661,15778,34,48008,32230,0,0,1075,128,15778
FC-001,Beverages,Varun Beverages Limited,FC-Alpha,SKU-00612,"Pepsi Soft Drink, 2.25L Bottle",Soft Cola Drinks,2,8,4,VND-004,VARUN BEVERAGES LIMITED - Region Epsilon,10000,CASES,171,9,19.0,14193.0,0,"{""sellable"": null, ""contingency"": null, ""pending_putaway"": null, ""under_transfer"": null}",11,2.07,16/03/26,"{""open_po_1"": {""promise_date"": ""2026-03-18"", ""orderedquantity"": 27.0, ""order_item_amount"": 2241.0, ""open_po_cases"": 3.0, ""mrp"": 100.0, ""price_per_unit"": 83.0, ""order_id"": ""PO-00061"", ""po_raising_drr"": 12.0, ""po_raising_total_space"": 171.0, ""po_raising_final_available_space"": 24.0, ""order_date"": ""2026-03-15""}, ""open_po_2"": {""promise_date"": ""2026-03-16"", ""orderedquantity"": 171.0, ""order_item_amount"": 14193.0, ""open_po_cases"": 19.0, ""mrp"": 100.0, ""price_per_unit"": 83.0, ""order_id"": ""PO-00001"", ""po_raising_drr"": 9.0, ""po_raising_total_space"": 171.0, ""po_raising_final_available_space"": 171.0, ""order_date"": ""2026-03-07""}}",198,16434.0,22.0,0,18,0,0.0,0.0,N/A,92.26,75.95,Band C,0.0,198,12,132,0,0,0,0,10000,198
FC-001,Beverages,Varun Beverages Limited,FC-Alpha,SKU-00613,"7Up Nimbooz Soft Drink, Real Lemon, 350ml Plastic Bottle",Soft Cola Drinks,2,8,4,VND-004,VARUN BEVERAGES LIMITED - Region Epsilon,10000,CASES,30,30,1.0,580.0,0,"{""sellable"": null, ""contingency"": null, ""pending_putaway"": null, ""under_transfer"": null}",0,0.322,16/03/26,"{""open_po_1"": {""promise_date"": ""2026-03-16"", ""orderedquantity"": 30.0, ""order_item_amount"": 579.6, ""open_po_cases"": 1.0, ""mrp"": 23.0, ""price_per_unit"": 19.32, ""order_id"": ""PO-00018"", ""po_raising_drr"": 0.0, ""po_raising_total_space"": 30.0, ""po_raising_final_available_space"": 30.0, ""order_date"": ""2026-03-13""}}",30,580.0,1.0,0,0,0,0.0,0.0,N/A,24.19,16.98,Band C,0.0,30,12,0,0,0,0,0,0,30
FC-001,Beverages,Varun Beverages Limited,FC-Alpha,SKU-00614,"Pepsi Soft Drink, 750ml Bottle",Soft Cola Drinks,2,8,4,VND-004,VARUN BEVERAGES LIMITED - Region Epsilon,10000,CASES,96,24,4.0,3187.0,0,"{""sellable"": null, ""contingency"": null, ""pending_putaway"": null, ""under_transfer"": null}",0,0.81,16/03/26,"{""open_po_1"": {""promise_date"": ""2026-03-16"", ""orderedquantity"": 24.0, ""order_item_amount"": 796.8, ""open_po_cases"": 1.0, ""mrp"": 40.0, ""price_per_unit"": 33.199999999999996, ""order_id"": ""PO-00001"", ""po_raising_drr"": 1.0, ""po_raising_total_space"": 96.0, ""po_raising_final_available_space"": 31.0, ""order_date"": ""2026-03-07""}, ""open_po_2"": {""promise_date"": ""2026-03-16"", ""orderedquantity"": 72.0, ""order_item_amount"": 2390.4, ""open_po_cases"": 3.0, ""mrp"": 40.0, ""price_per_unit"": 33.2, ""order_id"": ""PO-00018"", ""po_raising_drr"": 0.0, ""po_raising_total_space"": 96.0, ""po_raising_final_available_space"": 72.0, ""order_date"": ""2026-03-13""}}",96,3187.0,4.0,0,0,0,0.0,0.0,N/A,43.14,28.46,Band C,0.0,96,12,0,0,0,0,0,0,96
FC-001,Beverages,Varun Beverages Limited,FC-Alpha,SKU-00615,"Mirinda Soft Drink, 2.25L Bottle",Soft Cola Drinks,2,8,4,VND-004,VARUN BEVERAGES LIMITED - Region Epsilon,10000,CASES,153,9,17.0,12699.0,63,"{""sellable"": 63.0, ""contingency"": null, ""pending_putaway"": null, ""under_transfer"": null}",21,2.41,16/03/26,"{""open_po_1"": {""promise_date"": ""2026-03-16"", ""orderedquantity"": 108.0, ""order_item_amount"": 8964.0, ""open_po_cases"": 12.0, ""mrp"": 100.0, ""price_per_unit"": 83.0, ""order_id"": ""PO-00001"", ""po_raising_drr"": 12.0, ""po_raising_total_space"": 153.0, ""po_raising_final_available_space"": 111.0, ""order_date"": ""2026-03-07""}}",108,8964.0,12.0,0,8,0,0.0,0.0,N/A,92.13,86.54,Band C,3.0,171,12,252,81,0,0,9,10000,171
FC-001,Beverages,Varun Beverages Limited,FC-Alpha,SKU-00994,"Pepsi Soft Drink, 300ml Can",Soft Cola Drinks,2,13,4,VND-002,VARUN BEVERAGES LIMITED - Region Beta,10000,CASES,120,24,5.0,3792.0,0,"{""sellable"": null, ""contingency"": null, ""pending_putaway"": null, ""under_transfer"": null}",15,0.33,16/03/26,"{""open_po_1"": {""promise_date"": ""2026-03-16"", ""orderedquantity"": 120.0, ""order_item_amount"": 3792.0, ""open_po_cases"": 5.0, ""mrp"": 40.0, ""price_per_unit"": 31.6, ""order_id"": ""PO-00002"", ""po_raising_drr"": 14.0, ""po_raising_total_space"": 120.0, ""po_raising_final_available_space"": 120.0, ""order_date"": ""2026-03-07""}}",120,3792.0,5.0,0,8,0,0.0,0.0,N/A,42.74,32.62,Band C,0.0,120,17,255,135,0,0,6,10000,120
FC-001,"Biscuit, Confectionary & Snacks",Anmol Industries Ltd,FC-Alpha,SKU-00141,"Anmol Kream Cake, Mixed Fruit, 15g Pack",Cakes,7,25,5,VND-010,ANMOL INDUSTRIES LIMITED - Region Zeta,300000,VALUE,1720,80,22.0,6226.0,1356,"{""sellable"": 1356.0, ""contingency"": null, ""pending_putaway"": null, ""under_transfer"": null}",96,0.015,23/03/26,"{""open_po_1"": {""promise_date"": ""2026-03-23"", ""orderedquantity"": 640.0, ""order_item_amount"": 2316.8, ""open_po_cases"": 5.333333333333333, ""mrp"": 5.0, ""price_per_unit"": 3.62, ""order_id"": ""PO-00050"", ""po_raising_drr"": 88.0, ""po_raising_total_space"": 1720.0, ""po_raising_final_available_space"": 732.0, ""order_date"": ""2026-03-14""}}",640,2317.0,5.0,0,20,0,0.0,0.0,N/A,4.8,3.67,Band A,14.125,1996,30,2880,884,0,0,12,1022,1996
FC-001,"Biscuit, Confectionary & Snacks",Anmol Industries Ltd,FC-Alpha,SKU-00142,"Anmol Kream Cake, Choco Double, 15g Pack",Cakes,7,25,5,VND-010,ANMOL INDUSTRIES LIMITED - Region Zeta,300000,VALUE,1560,120,13.0,5912.0,489,"{""sellable"": 423.0, ""contingency"": 66.0, ""pending_putaway"": null, ""under_transfer"": 66.0}",76,0.015,23/03/26,"{""open_po_1"": {""promise_date"": ""2026-03-23"", ""orderedquantity"": 840.0, ""order_item_amount"": 3183.6, ""open_po_cases"": 7.0, ""mrp"": 5.0, ""price_per_unit"": 3.79, ""order_id"": ""PO-00050"", ""po_raising_drr"": 89.0, ""po_raising_total_space"": 1560.0, ""po_raising_final_available_space"": 919.0, ""order_date"": ""2026-03-14""}}",840,3184.0,7.0,120,19,1,418.8,0.0018,FAIL,5.2,3.49,Band A,6.434210526315789,1329,30,2280,951,231,1,8,717,1449
FC-001,"Biscuit, Confectionary & Snacks",Anmol Industries Ltd,FC-Alpha,SKU-00143,"Anmol Flavoured Cake, Pineapple, 30g Pack",Cakes,7,25,5,VND-010,ANMOL INDUSTRIES LIMITED - Region Zeta,300000,VALUE,960,60,16.0,7114.0,438,"{""sellable"": 414.0, ""contingency"": null, ""pending_putaway"": 1.0, ""under_transfer"": null}",61,0.04,23/03/26,"{""open_po_1"": {""promise_date"": ""2026-03-23"", ""orderedquantity"": 840.0, ""order_item_amount"": 6224.4, ""open_po_cases"": 14.0, ""mrp"": 10.0, ""price_per_unit"": 7.409999999999999, ""order_id"": ""PO-00050"", ""po_raising_drr"": 59.0, ""po_raising_total_space"": 960.0, ""po_raising_final_available_space"": 887.0, ""order_date"": ""2026-03-14""}}",840,6224.0,14.0,0,20,0,0.0,0.0,N/A,10.4,7.17,Band A,7.180327868852459,1278,30,1830,552,0,0,10,698,1278
FC-001,"Biscuit, Confectionary & Snacks",Anmol Industries Ltd,FC-Alpha,SKU-00144,"Anmol Flavoured Cake, Fruit, 30g Pack",Cakes,7,25,5,VND-010,ANMOL INDUSTRIES LIMITED - Region Zeta,300000,VALUE,720,60,12.0,5335.0,546,"{""sellable"": 126.0, ""contingency"": 420.0, ""pending_putaway"": null, ""under_transfer"": 360.0}",120,0.03,23/03/26,"{""open_po_1"": {""promise_date"": ""2026-03-23"", ""orderedquantity"": 300.0, ""order_item_amount"": 2223.0, ""open_po_cases"": 5.0, ""mrp"": 10.0, ""price_per_unit"": 7.41, ""order_id"": ""PO-00050"", ""po_raising_drr"": 78.0, ""po_raising_total_space"": 720.0, ""po_raising_final_available_space"": 336.0, ""order_date"": ""2026-03-14""}}",300,2223.0,5.0,0,7,0,0.0,0.0,N/A,10.11,7.62,Band A,4.55,846,30,3600,2754,0,0,46,657,846
FC-001,"Biscuit, Confectionary & Snacks",Anmol Industries Ltd,FC-Alpha,SKU-00145,"Anmol Flavoured Cake, Chocolate, 30g Pack",Cakes,7,25,5,VND-010,ANMOL INDUSTRIES LIMITED - Region Zeta,300000,VALUE,4200,60,70.0,28392.0,1699,"{""sellable"": 936.0, ""contingency"": 745.0, ""pending_putaway"": 6.0, ""under_transfer"": 745.0}",252,0.035,23/03/26,"{""open_po_1"": {""promise_date"": ""2026-03-23"", ""orderedquantity"": 3540.0, ""order_item_amount"": 23930.4, ""open_po_cases"": 59.0, ""mrp"": 10.0, ""price_per_unit"": 6.760000000000001, ""order_id"": ""PO-00050"", ""po_raising_drr"": 237.0, ""po_raising_total_space"": 4200.0, ""po_raising_final_available_space"": 3583.0, ""order_date"": ""2026-03-14""}}",3540,23930.0,59.0,0,20,0,0.0,0.0,N/A,8.77,6.75,Band A,6.742063492063492,5239,30,7560,2321,0,0,39,741,5239
FC-001,"Biscuit, Confectionary & Snacks",Anmol Industries Ltd,FC-Alpha,SKU-00146,"Anmol Flavoured Cake, Milk & Vanilla, 30g Pack",Cakes,7,25,5,VND-010,ANMOL INDUSTRIES LIMITED - Region Zeta,300000,VALUE,1260,60,21.0,9778.0,78,"{""sellable"": 63.0, ""contingency"": null, ""pending_putaway"": 5.0, ""under_transfer"": null}",70,0.03,23/03/26,"{""open_po_1"": {""promise_date"": ""2026-03-23"", ""orderedquantity"": 1260.0, ""order_item_amount"": 9777.6, ""open_po_cases"": 21.0, ""mrp"": 10.0, ""price_per_unit"": 7.760000000000001, ""order_id"": ""PO-00050"", ""po_raising_drr"": 77.0, ""po_raising_total_space"": 1260.0, ""po_raising_final_available_space"": 1260.0, ""order_date"": ""2026-03-14""}}",1260,9778.0,21.0,0,19,0,0.0,0.0,N/A,11.01,8.9,Band A,1.1142857142857143,1338,30,2100,762,0,0,13,562,1338
FC-001,"Biscuit, Confectionary & Snacks",Anmol Industries Ltd,FC-Alpha,SKU-00219,"Anmol Kream Cake, Choco Vanilla, 15g Pack",Cakes,7,25,5,VND-010,ANMOL INDUSTRIES LIMITED - Region Zeta,300000,VALUE,6000,120,50.0,22740.0,3336,"{""sellable"": 2076.0, ""contingency"": 1200.0, ""pending_putaway"": 36.0, ""under_transfer"": 1200.0}",412,0.015,23/03/26,"{""open_po_1"": {""promise_date"": ""2026-03-23"", ""orderedquantity"": 6000.0, ""order_item_amount"": 22740.0, ""open_po_cases"": 50.0, ""mrp"": 5.0, ""price_per_unit"": 3.79, ""order_id"": ""PO-00050"", ""po_raising_drr"": 487.0, ""po_raising_total_space"": 6000.0, ""po_raising_final_available_space"": 6000.0, ""order_date"": ""2026-03-14""}}",6000,22740.0,50.0,0,22,0,0.0,0.0,N/A,4.73,3.38,Band A,8.097087378640778,9336,30,12360,3024,0,0,26,740,9336
FC-001,"Biscuit, Confectionary & Snacks",Anmol Industries Ltd,FC-Alpha,SKU-00220,"Anmol Kream Cake, Orange, 15g Pack",Cakes,7,23,5,VND-010,ANMOL INDUSTRIES LIMITED - Region Zeta,300000,VALUE,481,120,4.0,1823.0,168,"{""sellable"": 168.0, ""contingency"": null, ""pending_putaway"": null, ""under_transfer"": null}",117,0.015,23/03/26,"{""open_po_1"": {""promise_date"": ""2026-03-23"", ""orderedquantity"": 481.0, ""order_item_amount"": 1822.99, ""open_po_cases"": 4.008333333333334, ""mrp"": 5.0, ""price_per_unit"": 3.79, ""order_id"": ""PO-00050"", ""po_raising_drr"": 129.0, ""po_raising_total_space"": 481.0, ""po_raising_final_available_space"": 481.0, ""order_date"": ""2026-03-14""}}",481,1823.0,4.0,0,5,0,0.0,0.0,N/A,4.53,4.01,Band B,1.435897435897436,649,28,3276,2627,0,0,22,624,649
FC-001,"Biscuit, Confectionary & Snacks",Anmol Industries Ltd,FC-Alpha,SKU-00397,"Anmol Butter Bake Biscuits, 50g Pack",Cookies,7,23,5,VND-010,ANMOL INDUSTRIES LIMITED - Region Zeta,300000,VALUE,80,60,1.0,565.0,2,"{""sellable"": 2.0, ""contingency"": null, ""pending_putaway"": null, ""under_transfer"": null}",15,0.07,23/03/26,"{""open_po_1"": {""promise_date"": ""2026-03-23"", ""orderedquantity"": 40.0, ""order_item_amount"": 282.4, ""open_po_cases"": 1.0, ""mrp"": 9.0, ""price_per_unit"": 7.06, ""order_id"": ""PO-00050"", ""po_raising_drr"": 0.0, ""po_raising_total_space"": 80.0, ""po_raising_final_available_space"": 48.0, ""order_date"": ""2026-03-14""}}",40,282.0,1.0,0,2,0,0.0,0.0,N/A,9.25,6.91,Band C,0.13333333333333333,42,28,420,378,38,0,7,724,42
FC-001,"Biscuit, Confectionary & Snacks",Anmol Industries Ltd,FC-Alpha,SKU-00398,"Anmol Bakers Bix Biscuits, Jeera, 40g Pack",Cookies,7,25,5,VND-010,ANMOL INDUSTRIES LIMITED - Region Zeta,300000,VALUE,14040,144,98.0,50825.0,1013,"{""sellable"": 1013.0, ""contingency"": null, ""pending_putaway"": null, ""under_transfer"": null}",692,0.04,23/03/26,"{""open_po_1"": {""promise_date"": ""2026-03-23"", ""orderedquantity"": 14040.0, ""order_item_amount"": 50824.8, ""open_po_cases"": 117.0, ""mrp"": 5.0, ""price_per_unit"": 3.62, ""order_id"": ""PO-00050"", ""po_raising_drr"": 810.0, ""po_raising_total_space"": 14040.0, ""po_raising_final_available_space"": 14040.0, ""order_date"": ""2026-03-14""}}",14040,50825.0,117.0,0,21,0,0.0,0.0,N/A,5.27,3.86,Band A,1.4638728323699421,15053,30,20760,5707,0,0,40,540,15053
FC-001,"Biscuit, Confectionary & Snacks",Anmol Industries Ltd,FC-Alpha,SKU-00399,"Anmol 2 in 1 Sweety & Salty Biscuits, 54g Pack",Crackers & Sweet Biscuits,7,23,5,VND-010,ANMOL INDUSTRIES LIMITED - Region Zeta,300000,VALUE,210,40,5.0,1483.0,0,"{""sellable"": null, ""contingency"": null, ""pending_putaway"": null, ""under_transfer"": null}",60,0.054,23/03/26,"{""open_po_1"": {""promise_date"": ""2026-03-23"", ""orderedquantity"": 210.0, ""order_item_amount"": 1482.6, ""open_po_cases"": 5.25, ""mrp"": 10.0, ""price_per_unit"": 7.06, ""order_id"": ""PO-00050"", ""po_raising_drr"": 24.0, ""po_raising_total_space"": 210.0, ""po_raising_final_available_space"": 210.0, ""order_date"": ""2026-03-14""}}",210,1483.0,5.0,0,3,0,0.0,0.0,N/A,8.55,7.47,Band C,0.0,210,28,1680,1470,0,0,37,1005,210
FC-001,"Biscuit, Confectionary & Snacks",Anmol Industries Ltd,FC-Alpha,SKU-00401,"Anmol Yummy Sandwich Cream Biscuits, Orange, 40g Pack",Cream Biscuits,7,25,5,VND-010,ANMOL INDUSTRIES LIMITED - Region Zeta,300000,VALUE,1440,144,10.0,4968.0,472,"{""sellable"": 472.0, ""contingency"": null, ""pending_putaway"": null, ""under_transfer"": null}",53,0.04,23/03/26,"{""open_po_1"": {""promise_date"": ""2026-03-23"", ""orderedquantity"": 1440.0, ""order_item_amount"": 4968.0, ""open_po_cases"": 10.0, ""mrp"": 5.0, ""price_per_unit"": 3.45, ""order_id"": ""PO-00050"", ""po_raising_drr"": 106.0, ""po_raising_total_space"": 1440.0, ""po_raising_final_available_space"": 1440.0, ""order_date"": ""2026-03-14""}}",1440,4968.0,10.0,0,36,0,0.0,0.0,N/A,5.02,3.96,Band B,8.90566037735849,1912,30,1590,0,0,0,0,527,1912
FC-001,"Biscuit, Confectionary & Snacks",Anmol Industries Ltd,FC-Alpha,SKU-00402,"Anmol Yummy Sandwich Cream Biscuits, Milk, 40g Pack",Cream Biscuits,7,25,5,VND-010,ANMOL INDUSTRIES LIMITED - Region Zeta,300000,VALUE,3024,144,21.0,11461.0,1572,"{""sellable"": 1572.0, ""contingency"": null, ""pending_putaway"": null, ""under_transfer"": null}",53,0.035,,{},0,0.0,0.0,1440,56,10,4852.8,0.0504,FAIL,4.59,3.37,Band B,29.660377358490567,1572,30,1590,18,1452,10,1,619,3012
FC-001,"Biscuit, Confectionary & Snacks",Anmol Industries Ltd,FC-Alpha,SKU-00854,"Anmol Butter Bake Biscuits, 135g Pack",Cookies,7,23,5,VND-010,ANMOL INDUSTRIES LIMITED - Region Zeta,300000,VALUE,40,20,2.0,647.0,60,"{""sellable"": null, ""contingency"": 60.0, ""pending_putaway"": null, ""under_transfer"": null}",10,0.14,23/03/26,"{""open_po_1"": {""promise_date"": ""2026-03-23"", ""orderedquantity"": 40.0, ""order_item_amount"": 646.8, ""open_po_cases"": 2.0, ""mrp"": 20.0, ""price_per_unit"": 16.169999999999998, ""order_id"": ""PO-00050"", ""po_raising_drr"": 16.0, ""po_raising_total_space"": 40.0, ""po_raising_final_available_space"": 40.0, ""order_date"": ""2026-03-14""}}",40,647.0,2.0,0,10,0,0.0,0.0,N/A,20.87,14.25,Band C,6.0,100,28,280,180,0,0,9,1053,100
FC-001,"Biscuit, Confectionary & Snacks",Anmol Industries Ltd,FC-Alpha,SKU-00859,"Anmol 2 in 1 Sweety & Salty Biscuits, 31.5g Pack",Crackers & Sweet Biscuits,7,25,5,VND-010,ANMOL INDUSTRIES LIMITED - Region Zeta,300000,VALUE,1728,144,12.0,6255.0,0,"{""sellable"": null, ""contingency"": null, ""pending_putaway"": null, ""under_transfer"": null}",112,0.036,23/03/26,"{""open_po_1"": {""promise_date"": ""2026-03-23"", ""orderedquantity"": 1728.0, ""order_item_amount"": 6255.36, ""open_po_cases"": 12.0, ""mrp"": 5.0, ""price_per_unit"": 3.6199999999999997, ""order_id"": ""PO-00050"", ""po_raising_drr"": 137.0, ""po_raising_total_space"": 1728.0, ""po_raising_final_available_space"": 1728.0, ""order_date"": ""2026-03-14""}}",1728,6255.0,12.0,0,15,0,0.0,0.0,N/A,4.51,3.86,Band B,0.0,1728,30,3360,1632,0,0,12,540,1728
FC-001,"Biscuit, Confectionary & Snacks",Anmol Industries Ltd,FC-Alpha,SKU-00867,"Anmol Snack It Biscuits, Crunchy Salted, 60g Pack",Crackers & Sweet Biscuits,7,25,5,VND-010,ANMOL INDUSTRIES LIMITED - Region Zeta,300000,VALUE,1410,60,24.0,9955.0,1715,"{""sellable"": 5.0, ""contingency"": 1710.0, ""pending_putaway"": null, ""under_transfer"": 505.0}",31,0.07,,{},0,0.0,0.0,0,55,0,0.0,0.0,N/A,10.57,7.23,Band A,55.32258064516129,1715,30,930,0,0,0,0,692,1715
FC-001,"Biscuit, Confectionary & Snacks",Anmol Industries Ltd,FC-Alpha,SKU-00875,"Anmol Romanzo Choco Filled Cookies, 75g Box",Cookies,7,23,5,VND-010,ANMOL INDUSTRIES LIMITED - Region Zeta,300000,VALUE,200,20,10.0,5618.0,65,"{""sellable"": 65.0, ""contingency"": null, ""pending_putaway"": null, ""under_transfer"": null}",0,0.082,23/03/26,"{""open_po_1"": {""promise_date"": ""2026-03-23"", ""orderedquantity"": 120.0, ""order_item_amount"": 3370.8, ""open_po_cases"": 6.0, ""mrp"": 40.0, ""price_per_unit"": 28.09, ""order_id"": ""PO-00050"", ""po_raising_drr"": 0.0, ""po_raising_total_space"": 200.0, ""po_raising_final_available_space"": 135.0, ""order_date"": ""2026-03-14""}}",120,3371.0,6.0,0,0,0,0.0,0.0,N/A,38.64,26.19,Band C,0.0,185,28,0,0,15,0,0,0,185
FC-001,"Biscuit, Confectionary & Snacks",Anmol Industries Ltd,FC-Alpha,SKU-00876,"Anmol Marie Plus Biscuits, 64g Pack",Marie Biscuits,7,23,5,VND-010,ANMOL INDUSTRIES LIMITED - Region Zeta,300000,VALUE,80,60,1.0,573.0,0,"{""sellable"": null, ""contingency"": null, ""pending_putaway"": null, ""under_transfer"": null}",17,0.072,23/03/26,"{""open_po_1"": {""promise_date"": ""2026-03-23"", ""orderedquantity"": 80.0, ""order_item_amount"": 572.8, ""open_po_cases"": 2.0, ""mrp"": 10.0, ""price_per_unit"": 7.159999999999999, ""order_id"": ""PO-00050"", ""po_raising_drr"": 11.0, ""po_raising_total_space"": 80.0, ""po_raising_final_available_space"": 80.0, ""order_date"": ""2026-03-14""}}",80,573.0,2.0,0,4,0,0.0,0.0,N/A,11.31,6.26,Band C,0.0,80,28,476,396,0,0,7,799,80
FC-001,"Biscuit, Confectionary & Snacks",Anmol Industries Ltd,FC-Alpha,SKU-00877,"Anmol Yummy Sandwich Cream Biscuits, Chocolate, 28g Pack",Cream Biscuits,7,23,5,VND-010,ANMOL INDUSTRIES LIMITED - Region Zeta,300000,VALUE,3888,144,27.0,14736.0,2974,"{""sellable"": 2875.0, ""contingency"": null, ""pending_putaway"": null, ""under_transfer"": null}",13,0.028,,{},0,0.0,0.0,864,295,6,2868.48,0.0242,FAIL,4.46,3.32,Band B,228.76923076923077,2974,28,364,0,914,6,0,628,3838
FC-001,"Biscuit, Confectionary & Snacks",Anmol Industries Ltd,FC-Alpha,SKU-00880,"Anmol Milk Made Biscuits, 30g Pack",Milk Biscuits,7,23,5,VND-010,ANMOL INDUSTRIES LIMITED - Region Zeta,300000,VALUE,6480,144,45.0,23458.0,5272,"{""sellable"": 5042.0, ""contingency"": 58.0, ""pending_putaway"": 172.0, ""under_transfer"": 58.0}",185,0.04,,{},0,0.0,0.0,1152,34,8,4665.6,0.0461,FAIL,4.29,4.05,Band A,28.497297297297298,5272,28,5180,0,1208,8,0,515,6424
FC-001,"Biscuit, Confectionary & Snacks",Anmol Industries Ltd,FC-Alpha,SKU-00881,"Anmol Dream Lite Biscuits, Salty Butterly Crunch, Premium, 30g Pack",Crackers & Sweet Biscuits,7,25,5,VND-010,ANMOL INDUSTRIES LIMITED - Region Zeta,300000,VALUE,15264,144,106.0,63040.0,4719,"{""sellable"": 4703.0, ""contingency"": null, ""pending_putaway"": 16.0, ""under_transfer"": null}",691,0.03,23/03/26,"{""open_po_1"": {""promise_date"": ""2026-03-23"", ""orderedquantity"": 11952.0, ""order_item_amount"": 49361.76, ""open_po_cases"": 83.0, ""mrp"": 5.0, ""price_per_unit"": 4.13, ""order_id"": ""PO-00050"", ""po_raising_drr"": 887.0, ""po_raising_total_space"": 15264.0, ""po_raising_final_available_space"": 12070.0, ""order_date"": ""2026-03-14""}}",11952,49362.0,83.0,0,24,0,0.0,0.0,N/A,4.42,3.75,Band A,6.829232995658466,16671,30,20730,4059,0,0,29,556,16671
FC-001,"Biscuit, Confectionary & Snacks",Anmol Industries Ltd,FC-Alpha,SKU-00882,"Anmol Snack It Biscuits, Crunchy Salted, 30g Pack",Crackers & Sweet Biscuits,7,23,5,VND-010,ANMOL INDUSTRIES LIMITED - Region Zeta,300000,VALUE,10512,144,73.0,38053.0,14131,"{""sellable"": 4992.0, ""contingency"": 9004.0, ""pending_putaway"": 24.0, ""under_transfer"": 2616.0}",934,0.03,,{},0,0.0,0.0,0,15,0,0.0,0.0,N/A,5.64,3.43,Band A,15.129550321199144,14131,28,26152,12021,0,0,84,608,14131
FC-001,"Biscuit, Confectionary & Snacks",Anmol Industries Ltd,FC-Alpha,SKU-00883,"Anmol Marie Plus Biscuits, 32g Pack",Marie Biscuits,7,25,5,VND-010,ANMOL INDUSTRIES LIMITED - Region Zeta,300000,VALUE,4752,144,33.0,17202.0,1776,"{""sellable"": 744.0, ""contingency"": 1008.0, ""pending_putaway"": 24.0, ""under_transfer"": 1008.0}",497,0.032,23/03/26,"{""open_po_1"": {""promise_date"": ""2026-03-23"", ""orderedquantity"": 3744.0, ""order_item_amount"": 13553.28, ""open_po_cases"": 26.0, ""mrp"": 5.0, ""price_per_unit"": 3.62, ""order_id"": ""PO-00050"", ""po_raising_drr"": 298.0, ""po_raising_total_space"": 4752.0, ""po_raising_final_available_space"": 3787.0, ""order_date"": ""2026-03-14""}}",3744,13553.0,26.0,0,11,0,0.0,0.0,N/A,5.57,3.32,Band A,3.573440643863179,5520,30,14910,9390,0,0,66,628,5520
FC-001,"Biscuit, Confectionary & Snacks",Anmol Industries Ltd,FC-Alpha,SKU-00884,"Anmol Hit & Run Choco Chips Cookies, 30g Pack",Cookies,7,25,5,VND-010,ANMOL INDUSTRIES LIMITED - Region Zeta,300000,VALUE,5616,144,39.0,20330.0,4196,"{""sellable"": 4100.0, ""contingency"": null, ""pending_putaway"": 96.0, ""under_transfer"": null}",253,0.03,23/03/26,"{""open_po_1"": {""promise_date"": ""2026-03-23"", ""orderedquantity"": 2592.0, ""order_item_amount"": 9383.04, ""open_po_cases"": 18.0, ""mrp"": 5.0, ""price_per_unit"": 3.6200000000000006, ""order_id"": ""PO-00050"", ""po_raising_drr"": 255.0, ""po_raising_total_space"": 5616.0, ""po_raising_final_available_space"": 2688.0, ""order_date"": ""2026-03-14""}}",2592,9383.0,18.0,0,26,0,0.0,0.0,N/A,4.64,3.46,Band A,16.58498023715415,6788,30,7590,802,0,0,6,603,6788
FC-001,"Biscuit, Confectionary & Snacks",Anmol Industries Ltd,FC-Alpha,SKU-00885,"Anmol Butter Bake Biscuits, 32g Pack",Cookies,7,25,5,VND-010,ANMOL INDUSTRIES LIMITED - Region Zeta,300000,VALUE,9072,144,63.0,34383.0,1972,"{""sellable"": 1940.0, ""contingency"": null, ""pending_putaway"": 12.0, ""under_transfer"": null}",507,0.037,23/03/26,"{""open_po_1"": {""promise_date"": ""2026-03-23"", ""orderedquantity"": 8640.0, ""order_item_amount"": 32745.6, ""open_po_cases"": 60.0, ""mrp"": 5.0, ""price_per_unit"": 3.79, ""order_id"": ""PO-00050"", ""po_raising_drr"": 489.0, ""po_raising_total_space"": 9072.0, ""po_raising_final_available_space"": 8748.0, ""order_date"": ""2026-03-14""}}",8640,32746.0,60.0,0,20,0,0.0,0.0,N/A,5.24,3.3,Band A,3.8895463510848125,10612,30,15210,4598,0,0,32,632,10612
FC-001,"Biscuit, Confectionary & Snacks",Anmol Industries Ltd,FC-Alpha,SKU-00886,"Anmol Yummy Sandwich Cream Biscuits, Elaichi, 35g Pack",Cream Biscuits,7,25,5,VND-010,ANMOL INDUSTRIES LIMITED - Region Zeta,300000,VALUE,3168,144,22.0,12007.0,5,"{""sellable"": 5.0, ""contingency"": null, ""pending_putaway"": null, ""under_transfer"": null}",37,0.035,23/03/26,"{""open_po_1"": {""promise_date"": ""2026-03-23"", ""orderedquantity"": 3168.0, ""order_item_amount"": 12006.72, ""open_po_cases"": 22.0, ""mrp"": 5.0, ""price_per_unit"": 3.7899999999999996, ""order_id"": ""PO-00050"", ""po_raising_drr"": 39.0, ""po_raising_total_space"": 3168.0, ""po_raising_final_available_space"": 3168.0, ""order_date"": ""2026-03-14""}}",3168,12007.0,22.0,0,85,0,0.0,0.0,N/A,5.48,3.81,Band B,0.13513513513513514,3173,30,1110,0,0,0,0,547,3173
FC-001,"Biscuit, Confectionary & Snacks",Anmol Industries Ltd,FC-Alpha,SKU-00887,"Anmol Mazaa Sandwich Cream Biscuits, Lemon, 30g Pack",Cream Biscuits,7,25,5,VND-010,ANMOL INDUSTRIES LIMITED - Region Zeta,300000,VALUE,5616,144,39.0,20330.0,1907,"{""sellable"": 1883.0, ""contingency"": null, ""pending_putaway"": 24.0, ""under_transfer"": null}",128,0.038,23/03/26,"{""open_po_1"": {""promise_date"": ""2026-03-23"", ""orderedquantity"": 4320.0, ""order_item_amount"": 15638.4, ""open_po_cases"": 30.0, ""mrp"": 5.0, ""price_per_unit"": 3.62, ""order_id"": ""PO-00050"", ""po_raising_drr"": 145.0, ""po_raising_total_space"": 5616.0, ""po_raising_final_available_space"": 4461.0, ""order_date"": ""2026-03-14""}}",4320,15638.0,30.0,0,48,0,0.0,0.0,N/A,5.08,3.15,Band A,14.8984375,6227,30,3840,0,0,0,0,662,6227
FC-001,"Biscuit, Confectionary & Snacks",Britannia Industries Limited,FC-Alpha,SKU-00008,"Britannia Cake Gobbles 100% Veg, Fruity Fun, 55g Pack",Cakes,2,15,4,VND-013,BRITANNIA INDUSTRIES LIMITED - Region Epsilon,10000,CASES,420,60,7.0,8900.0,0,"{""sellable"": null, ""contingency"": null, ""pending_putaway"": null, ""under_transfer"": null}",0,0.0,,{},0,0.0,0.0,0,0,0,0.0,0.0,N/A,25.22,23.1,,0.0,0,19,0,0,420,7,0,0,0
FC-001,"Biscuit, Confectionary & Snacks",Britannia Industries Limited,FC-Alpha,SKU-00009,"Britannia Cake Gobbles 100% Veg, Choco Chill, 55g Pack",Cakes,2,15,4,VND-013,BRITANNIA INDUSTRIES LIMITED - Region Epsilon,10000,CASES,420,60,7.0,8900.0,0,"{""sellable"": null, ""contingency"": null, ""pending_putaway"": null, ""under_transfer"": null}",0,0.0,,{},0,0.0,0.0,0,0,0,0.0,0.0,N/A,23.06,19.5,,0.0,0,19,0,0,420,7,0,0,0
FC-001,"Biscuit, Confectionary & Snacks",Britannia Industries Limited,FC-Alpha,SKU-00107,"Britannia Cake Gobbles, Fruity Fun, 28g Pack",Cakes,2,15,5,VND-013,BRITANNIA INDUSTRIES LIMITED - Region Epsilon,10000,CASES,2880,72,40.0,21974.0,58,"{""sellable"": 28.0, ""contingency"": null, ""pending_putaway"": 30.0, ""under_transfer"": null}",145,0.028,16/03/26,{},3312,0.0,0.0,0,23,0,0.0,0.0,N/A,8.78,7.72,Band A,0.4,3370,20,2900,0,0,0,0,10000,3370
FC-001,"Biscuit, Confectionary & Snacks",Britannia Industries Limited,FC-Alpha,SKU-00107,"Britannia Cake Gobbles, Fruity Fun, 28g Pack",Cakes,1,15,5,VND-025,S R SALES - Region Alpha,120000,VALUE,2880,72,40.0,23933.0,58,"{""sellable"": 28.0, ""contingency"": null, ""pending_putaway"": 30.0, ""under_transfer"": null}",145,0.028,16/03/26,"{""open_po_1"": {""promise_date"": ""2026-03-18"", ""orderedquantity"": 1224.0, ""order_item_amount"": 10171.44, ""open_po_cases"": 17.0, ""mrp"": 15.0, ""price_per_unit"": 8.31, ""order_id"": ""PO-00041"", ""po_raising_drr"": 145.0, ""po_raising_total_space"": 2880.0, ""po_raising_final_available_space"": 1950.0, ""order_date"": ""2026-03-16""}}",3312,27919.0,46.0,0,23,0,0.0,0.0,N/A,16.79,9.26,Band A,0.4,3370,20,2900,0,0,0,0,180,3370
FC-001,"Biscuit, Confectionary & Snacks",Britannia Industries Limited,FC-Alpha,SKU-00107,"Britannia Cake Gobbles, Fruity Fun, 28g Pack",Cakes,3,15,5,VND-028,PRAMOD ENTERPRIES - Region Alpha,200000,VALUE,2880,72,40.0,24480.0,58,"{""sellable"": 28.0, ""contingency"": null, ""pending_putaway"": 30.0, ""under_transfer"": null}",145,0.028,16/03/26,"{""open_po_1"": {""promise_date"": ""2026-03-16"", ""orderedquantity"": 720.0, ""order_item_amount"": 6120.0, ""open_po_cases"": 10.0, ""mrp"": 10.0, ""price_per_unit"": 8.5, ""order_id"": ""PO-00030"", ""po_raising_drr"": 189.0, ""po_raising_total_space"": 2880.0, ""po_raising_final_available_space"": 714.0, ""order_date"": ""2026-03-12""}, ""open_po_2"": {""promise_date"": ""2026-03-16"", ""orderedquantity"": 432.0, ""order_item_amount"": 3672.0, ""open_po_cases"": 6.0, ""mrp"": 10.0, ""price_per_unit"": 8.5, ""order_id"": ""PO-00006"", ""po_raising_drr"": 198.0, ""po_raising_total_space"": 2880.0, ""po_raising_final_available_space"": 714.0, ""order_date"": ""2026-03-10""}, ""open_po_3"": {""promise_date"": null, ""orderedquantity"": 936.0, ""order_item_amount"": 7956.0, ""open_po_cases"": 13.0, ""mrp"": 10.0, ""price_per_unit"": 8.5, ""order_id"": ""PO-00037"", ""po_raising_drr"": 145.0, ""po_raising_total_space"": 2880.0, ""po_raising_final_available_space"": 871.0, ""order_date"": ""2026-03-16""}}",3312,27919.0,46.0,0,23,0,0.0,0.0,N/A,11.2,8.88,Band A,0.4,3370,20,2900,0,0,0,0,313,3370
FC-001,"Biscuit, Confectionary & Snacks",Britannia Industries Limited,FC-Alpha,SKU-00215,"Britannia Good Day Cashew Almond Cookies, 200g Pack",Cookies,2,15,4,VND-013,BRITANNIA INDUSTRIES LIMITED - Region Epsilon,10000,CASES,380,20,19.0,14493.0,133,"{""sellable"": 133.0, ""contingency"": null, ""pending_putaway"": null, ""under_transfer"": null}",22,0.21,16/03/26,{},300,0.0,0.0,0,19,0,0.0,0.0,N/A,46.8,38.52,Band B,6.045454545454546,433,19,418,0,0,0,0,10000,433
FC-001,"Biscuit, Confectionary & Snacks",Britannia Industries Limited,FC-Alpha,SKU-00215,"Britannia Good Day Cashew Almond Cookies, 200g Pack",Cookies,1,15,4,VND-025,S R SALES - Region Alpha,120000,VALUE,380,20,19.0,11039.0,133,"{""sellable"": 133.0, ""contingency"": null, ""pending_putaway"": null, ""under_transfer"": null}",22,0.21,16/03/26,"{""open_po_1"": {""promise_date"": ""2026-03-18"", ""orderedquantity"": 20.0, ""order_item_amount"": 581.0, ""open_po_cases"": 1.0, ""mrp"": 35.0, ""price_per_unit"": 29.05, ""order_id"": ""PO-00041"", ""po_raising_drr"": 22.0, ""po_raising_total_space"": 380.0, ""po_raising_final_available_space"": 85.0, ""order_date"": ""2026-03-16""}}",300,10133.0,15.0,0,19,0,0.0,0.0,N/A,33.31,27.52,Band B,6.045454545454546,433,19,418,0,0,0,0,219,433
FC-001,"Biscuit, Confectionary & Snacks",Britannia Industries Limited,FC-Alpha,SKU-00215,"Britannia Good Day Cashew Almond Cookies, 200g Pack",Cookies,3,15,4,VND-028,PRAMOD ENTERPRIES - Region Alpha,200000,VALUE,380,20,19.0,13072.0,133,"{""sellable"": 133.0, ""contingency"": null, ""pending_putaway"": null, ""under_transfer"": null}",22,0.21,16/03/26,"{""open_po_1"": {""promise_date"": ""2026-03-16"", ""orderedquantity"": 60.0, ""order_item_amount"": 2064.0, ""open_po_cases"": 3.0, ""mrp"": 40.0, ""price_per_unit"": 34.4, ""order_id"": ""PO-00022"", ""po_raising_drr"": 15.0, ""po_raising_total_space"": 380.0, ""po_raising_final_available_space"": 206.0, ""order_date"": ""2026-03-11""}, ""open_po_2"": {""promise_date"": ""2026-03-16"", ""orderedquantity"": 80.0, ""order_item_amount"": 2752.0, ""open_po_cases"": 4.0, ""mrp"": 40.0, ""price_per_unit"": 34.4, ""order_id"": ""PO-00030"", ""po_raising_drr"": 29.0, ""po_raising_total_space"": 380.0, ""po_raising_final_available_space"": 70.0, ""order_date"": ""2026-03-12""}, ""open_po_3"": {""promise_date"": null, ""orderedquantity"": 40.0, ""order_item_amount"": 1376.0, ""open_po_cases"": 2.0, ""mrp"": 40.0, ""price_per_unit"": 34.4, ""order_id"": ""PO-00037"", ""po_raising_drr"": 22.0, ""po_raising_total_space"": 380.0, ""po_raising_final_available_space"": 27.0, ""order_date"": ""2026-03-16""}}",300,10133.0,15.0,0,19,0,0.0,0.0,N/A,38.19,32.68,Band B,6.045454545454546,433,19,418,0,0,0,0,306,433
FC-001,"Biscuit, Confectionary & Snacks",Britannia Industries Limited,FC-Alpha,SKU-00215,"Britannia Good Day Cashew Almond Cookies, 200g Pack",Cookies,3,15,4,VND-036,PANKAJ ENTERPRISES - Region Alpha,200000,VALUE,380,20,19.0,12768.0,133,"{""sellable"": 133.0, ""contingency"": null, ""pending_putaway"": null, ""under_transfer"": null}",22,0.21,16/03/26,"{""open_po_1"": {""promise_date"": ""2026-03-17"", ""orderedquantity"": 60.0, ""order_item_amount"": 2016.0, ""open_po_cases"": 3.0, ""mrp"": 40.0, ""price_per_unit"": 33.6, ""order_id"": ""PO-00043"", ""po_raising_drr"": 22.0, ""po_raising_total_space"": 380.0, ""po_raising_final_available_space"": 63.0, ""order_date"": ""2026-03-16""}, ""open_po_2"": {""promise_date"": ""2026-03-16"", ""orderedquantity"": 40.0, ""order_item_amount"": 1344.0, ""open_po_cases"": 2.0, ""mrp"": 40.0, ""price_per_unit"": 33.6, ""order_id"": ""PO-00024"", ""po_raising_drr"": 29.0, ""po_raising_total_space"": 380.0, ""po_raising_final_available_space"": 44.0, ""order_date"": ""2026-03-12""}}",300,10133.0,15.0,0,19,0,0.0,0.0,N/A,42.71,35.31,Band B,6.045454545454546,433,19,418,0,0,0,0,284,433
FC-001,"Biscuit, Confectionary & Snacks",Britannia Industries Limited,FC-Alpha,SKU-00283,"Britannia Cake Gobbles, Fruity Fun, 90g Pack",Cakes,2,15,4,VND-013,BRITANNIA INDUSTRIES LIMITED - Region Epsilon,10000,CASES,420,60,7.0,8900.0,3,"{""sellable"": 3.0, ""contingency"": null, ""pending_putaway"": null, ""under_transfer"": null}",1,0.092,16/03/26,{},60,0.0,0.0,300,363,5,7299.0,0.0276,FAIL,27.98,24.33,Band C,3.0,63,19,19,0,357,5,0,10000,363
FC-001,"Biscuit, Confectionary & Snacks",Britannia Industries Limited,FC-Alpha,SKU-00283,"Britannia Cake Gobbles, Fruity Fun, 90g Pack",Cakes,3,15,4,VND-028,PRAMOD ENTERPRIES - Region Alpha,200000,VALUE,420,60,7.0,8035.0,3,"{""sellable"": 3.0, ""contingency"": null, ""pending_putaway"": null, ""under_transfer"": null}",1,0.092,16/03/26,"{""open_po_1"": {""promise_date"": ""2026-03-16"", ""orderedquantity"": 60.0, ""order_item_amount"": 1147.8, ""open_po_cases"": 1.0, ""mrp"": 22.5, ""price_per_unit"": 19.13, ""order_id"": ""PO-00006"", ""po_raising_drr"": 3.0, ""po_raising_total_space"": 420.0, ""po_raising_final_available_space"": 420.0, ""order_date"": ""2026-03-10""}}",60,1148.0,1.0,300,363,5,6018.0,0.0276,FAIL,25.11,20.06,Band C,3.0,63,19,19,0,357,5,0,167,363
FC-001,"Biscuit, Confectionary & Snacks",Britannia Industries Limited,FC-Alpha,SKU-00291,"Britannia Treat Croissant Cocoa Creme Roll, 47g Pack",Cakes,2,15,4,VND-013,BRITANNIA INDUSTRIES LIMITED - Region Epsilon,10000,CASES,380,20,19.0,6437.0,59,"{""sellable"": 59.0, ""contingency"": null, ""pending_putaway"": null, ""under_transfer"": null}",18,0.045,16/03/26,{},100,0.0,0.0,220,21,11,3790.6,0.0099,FAIL,21.68,17.23,Band B,3.2777777777777777,159,19,342,183,221,11,10,10000,379
FC-001,"Biscuit, Confectionary & Snacks",Britannia Industries Limited,FC-Alpha,SKU-00291,"Britannia Treat Croissant Cocoa Creme Roll, 47g Pack",Cakes,3,15,4,VND-028,PRAMOD ENTERPRIES - Region Alpha,200000,VALUE,380,20,19.0,6422.0,59,"{""sellable"": 59.0, ""contingency"": null, ""pending_putaway"": null, ""under_transfer"": null}",18,0.045,16/03/26,"{""open_po_1"": {""promise_date"": ""2026-03-16"", ""orderedquantity"": 100.0, ""order_item_amount"": 1690.0, ""open_po_cases"": 5.0, ""mrp"": 20.0, ""price_per_unit"": 16.9, ""order_id"": ""PO-00006"", ""po_raising_drr"": 20.0, ""po_raising_total_space"": 380.0, ""po_raising_final_available_space"": 155.0, ""order_date"": ""2026-03-10""}}",100,1690.0,5.0,220,21,11,3975.4,0.0099,FAIL,20.85,18.07,Band B,3.2777777777777777,159,19,342,183,221,11,10,554,379
FC-001,"Biscuit, Confectionary & Snacks",Britannia Industries Limited,FC-Alpha,SKU-00375,"Britannia Tiger Krunch Biscuits, Chocochips, 27g Pack",Cookies,2,15,4,VND-013,BRITANNIA INDUSTRIES LIMITED - Region Epsilon,10000,CASES,1260,180,7.0,5330.0,564,"{""sellable"": 560.0, ""contingency"": null, ""pending_putaway"": null, ""under_transfer"": null}",109,0.035,16/03/26,{},900,0.0,0.0,0,13,0,0.0,0.0,N/A,4.38,4.19,Band C,5.174311926605505,1464,19,2071,607,0,0,4,10000,1464
FC-001,"Biscuit, Confectionary & Snacks",Britannia Industries Limited,FC-Alpha,SKU-00375,"Britannia Tiger Krunch Biscuits, Chocochips, 27g Pack",Cookies,3,15,4,VND-028,PRAMOD ENTERPRIES - Region Alpha,200000,VALUE,1260,180,7.0,5317.0,564,"{""sellable"": 560.0, ""contingency"": null, ""pending_putaway"": null, ""under_transfer"": null}",109,0.035,16/03/26,"{""open_po_1"": {""promise_date"": ""2026-03-16"", ""orderedquantity"": 360.0, ""order_item_amount"": 1519.2, ""open_po_cases"": 2.0, ""mrp"": 5.0, ""price_per_unit"": 4.22, ""order_id"": ""PO-00006"", ""po_raising_drr"": 114.0, ""po_raising_total_space"": 1260.0, ""po_raising_final_available_space"": 334.0, ""order_date"": ""2026-03-10""}, ""open_po_2"": {""promise_date"": null, ""orderedquantity"": 540.0, ""order_item_amount"": 2278.8, ""open_po_cases"": 3.0, ""mrp"": 5.0, ""price_per_unit"": 4.220000000000001, ""order_id"": ""PO-00037"", ""po_raising_drr"": 109.0, ""po_raising_total_space"": 1260.0, ""po_raising_final_available_space"": 623.0, ""order_date"": ""2026-03-16""}}",900,3798.0,5.0,0,13,0,0.0,0.0,N/A,4.49,3.66,Band C,5.174311926605505,1464,19,2071,607,0,0,4,304,1464
FC-001,"Biscuit, Confectionary & Snacks",Britannia Industries Limited,FC-Alpha,SKU-00384,"Britannia 50 50 Time Pass, Classic Salted, 63.5g Pack",Crackers & Sweet Biscuits,2,15,4,VND-013,BRITANNIA INDUSTRIES LIMITED - Region Epsilon,10000,CASES,1224,72,17.0,10380.0,12,"{""sellable"": null, ""contingency"": null, ""pending_putaway"": null, ""under_transfer"": null}",41,0.072,16/03/26,{},792,0.0,0.0,360,28,5,3110.4,0.0259,FAIL,11.2,8.64,Band B,0.2926829268292683,804,19,779,0,420,5,0,10000,1164
FC-001,"Biscuit, Confectionary & Snacks",Britannia Industries Limited,FC-Alpha,SKU-00384,"Britannia 50 50 Time Pass, Classic Salted, 63.5g Pack",Crackers & Sweet Biscuits,3,15,4,VND-028,PRAMOD ENTERPRIES - Region Alpha,200000,VALUE,1224,72,17.0,9425.0,12,"{""sellable"": null, ""contingency"": null, ""pending_putaway"": null, ""under_transfer"": null}",41,0.072,16/03/26,"{""open_po_1"": {""promise_date"": ""2026-03-16"", ""orderedquantity"": 792.0, ""order_item_amount"": 6098.4, ""open_po_cases"": 11.0, ""mrp"": 9.0, ""price_per_unit"": 7.699999999999999, ""order_id"": ""PO-00030"", ""po_raising_drr"": 36.0, ""po_raising_total_space"": 1224.0, ""po_raising_final_available_space"": 1224.0, ""order_date"": ""2026-03-12""}}",792,6098.0,11.0,360,28,5,3153.6,0.0259,FAIL,9.29,8.76,Band B,0.2926829268292683,804,19,779,0,420,5,0,318,1164
FC-001,"Biscuit, Confectionary & Snacks",Britannia Industries Limited,FC-Alpha,SKU-00412,"Britannia Tiger Kreemz Biscuits, Orange, 30.2g Pack",Cream Biscuits,2,15,4,VND-013,BRITANNIA INDUSTRIES LIMITED - Region Epsilon,10000,CASES,2880,144,20.0,12211.0,0,"{""sellable"": null, ""contingency"": null, ""pending_putaway"": null, ""under_transfer"": null}",0,0.0,16/03/26,{},288,0.0,0.0,0,0,0,0.0,0.0,N/A,4.26,3.83,,0.0,288,19,0,0,2592,18,0,0,288
FC-001,"Biscuit, Confectionary & Snacks",Britannia Industries Limited,FC-Alpha,SKU-00412,"Britannia Tiger Kreemz Biscuits, Orange, 30.2g Pack",Cream Biscuits,1,15,4,VND-033,BAJRANG TRADERS - Region Alpha,150000,VALUE,2880,144,20.0,12326.0,0,"{""sellable"": null, ""contingency"": null, ""pending_putaway"": null, ""under_transfer"": null}",0,0.0,16/03/26,"{""open_po_1"": {""promise_date"": ""2026-03-17"", ""orderedquantity"": 144.0, ""order_item_amount"": 616.32, ""open_po_cases"": 1.0, ""mrp"": 5.0, ""price_per_unit"": 4.28, ""order_id"": ""PO-00042"", ""po_raising_drr"": 0.0, ""po_raising_total_space"": 2880.0, ""po_raising_final_available_space"": 2736.0, ""order_date"": ""2026-03-16""}, ""open_po_2"": {""promise_date"": ""2026-03-16"", ""orderedquantity"": 144.0, ""order_item_amount"": 616.32, ""open_po_cases"": 1.0, ""mrp"": 5.0, ""price_per_unit"": 4.28, ""order_id"": ""PO-00023"", ""po_raising_drr"": 0.0, ""po_raising_total_space"": 2880.0, ""po_raising_final_available_space"": 144.0, ""order_date"": ""2026-03-12""}}",288,1233.0,2.0,0,0,0,0.0,0.0,N/A,5.2,4.52,,0.0,288,19,0,0,2592,18,0,0,288
FC-001,"Biscuit, Confectionary & Snacks",Britannia Industries Limited,FC-Alpha,SKU-00414,"Britannia 50 50 Sweet and Salty Biscuit, 188g Pack",Crackers & Sweet Biscuits,2,15,4,VND-013,BRITANNIA INDUSTRIES LIMITED - Region Epsilon,10000,CASES,684,36,19.0,20287.0,220,"{""sellable"": 214.0, ""contingency"": null, ""pending_putaway"": 6.0, ""under_transfer"": null}",22,0.215,16/03/26,{},180,0.0,0.0,252,29,7,6804.0,0.0542,FAIL,36.72,27.0,Band B,10.0,400,19,418,18,284,7,1,10000,652
FC-001,"Biscuit, Confectionary & Snacks",Britannia Industries Limited,FC-Alpha,SKU-00414,"Britannia 50 50 Sweet and Salty Biscuit, 188g Pack",Crackers & Sweet Biscuits,3,15,4,VND-028,PRAMOD ENTERPRIES - Region Alpha,200000,VALUE,684,36,19.0,20472.0,220,"{""sellable"": 214.0, ""contingency"": null, ""pending_putaway"": 6.0, ""under_transfer"": null}",22,0.215,16/03/26,"{""open_po_1"": {""promise_date"": ""2026-03-16"", ""orderedquantity"": 180.0, ""order_item_amount"": 5387.4, ""open_po_cases"": 5.0, ""mrp"": 35.0, ""price_per_unit"": 29.93, ""order_id"": ""PO-00030"", ""po_raising_drr"": 22.0, ""po_raising_total_space"": 684.0, ""po_raising_final_available_space"": 424.0, ""order_date"": ""2026-03-12""}}",180,5387.0,5.0,252,29,7,7623.0,0.0542,FAIL,34.79,30.25,Band B,10.0,400,19,418,18,284,7,1,184,652
FC-001,"Biscuit, Confectionary & Snacks",Britannia Industries Limited,FC-Alpha,SKU-00562,"Britannia Nice Time Biscuits, 143g Pack",Crackers & Sweet Biscuits,2,15,4,VND-013,BRITANNIA INDUSTRIES LIMITED - Region Epsilon,10000,CASES,200,40,5.0,3898.0,3,"{""sellable"": 2.0, ""contingency"": null, ""pending_putaway"": null, ""under_transfer"": null}",8,0.162,16/03/26,{},200,0.0,0.0,0,25,0,0.0,0.0,N/A,20.66,17.13,Band C,0.375,203,19,152,0,0,0,0,10000,203
FC-001,"Biscuit, Confectionary & Snacks",Britannia Industries Limited,FC-Alpha,SKU-00562,"Britannia Nice Time Biscuits, 143g Pack",Crackers & Sweet Biscuits,1,15,4,VND-025,S R SALES - Region Alpha,120000,VALUE,200,40,5.0,4150.0,3,"{""sellable"": 2.0, ""contingency"": null, ""pending_putaway"": null, ""under_transfer"": null}",8,0.162,16/03/26,{},200,0.0,0.0,0,25,0,0.0,0.0,N/A,25.37,20.44,Band C,0.375,203,19,152,0,0,0,0,147,203
FC-001,"Biscuit, Confectionary & Snacks",Britannia Industries Limited,FC-Alpha,SKU-00562,"Britannia Nice Time Biscuits, 143g Pack",Crackers & Sweet Biscuits,3,15,4,VND-028,PRAMOD ENTERPRIES - Region Alpha,200000,VALUE,200,40,5.0,3870.0,3,"{""sellable"": 2.0, ""contingency"": null, ""pending_putaway"": null, ""under_transfer"": null}",8,0.162,16/03/26,"{""open_po_1"": {""promise_date"": ""2026-03-16"", ""orderedquantity"": 40.0, ""order_item_amount"": 774.0, ""open_po_cases"": 1.0, ""mrp"": 22.5, ""price_per_unit"": 19.35, ""order_id"": ""PO-00022"", ""po_raising_drr"": 11.0, ""po_raising_total_space"": 200.0, ""po_raising_final_available_space"": 73.0, ""order_date"": ""2026-03-11""}, ""open_po_2"": {""promise_date"": ""2026-03-16"", ""orderedquantity"": 120.0, ""order_item_amount"": 2322.0, ""open_po_cases"": 3.0, ""mrp"": 22.5, ""price_per_unit"": 19.35, ""order_id"": ""PO-00006"", ""po_raising_drr"": 11.0, ""po_raising_total_space"": 200.0, ""po_raising_final_available_space"": 172.0, ""order_date"": ""2026-03-10""}}",200,3936.0,5.0,0,25,0,0.0,0.0,N/A,23.8,20.84,Band C,0.375,203,19,152,0,0,0,0,240,203
FC-001,"Biscuit, Confectionary & Snacks",Britannia Industries Limited,FC-Alpha,SKU-00562,"Britannia Nice Time Biscuits, 143g Pack",Crackers & Sweet Biscuits,3,15,4,VND-036,PANKAJ ENTERPRISES - Region Alpha,200000,VALUE,200,40,5.0,4200.0,3,"{""sellable"": 2.0, ""contingency"": null, ""pending_putaway"": null, ""under_transfer"": null}",8,0.162,16/03/26,"{""open_po_1"": {""promise_date"": ""2026-03-16"", ""orderedquantity"": 40.0, ""order_item_amount"": 840.0, ""open_po_cases"": 1.0, ""mrp"": 25.0, ""price_per_unit"": 21.0, ""order_id"": ""PO-00017"", ""po_raising_drr"": 8.0, ""po_raising_total_space"": 200.0, ""po_raising_final_available_space"": 41.0, ""order_date"": ""2026-03-13""}}",200,3936.0,5.0,0,25,0,0.0,0.0,N/A,26.14,20.04,Band C,0.375,203,19,152,0,0,0,0,250,203
FC-001,"Biscuit, Confectionary & Snacks",Britannia Industries Limited,FC-Alpha,SKU-00564,"Britannia Good Day Butter Cookies, 30g Pack",Cookies,2,15,4,VND-013,BRITANNIA INDUSTRIES LIMITED - Region Epsilon,10000,CASES,2340,180,13.0,9898.0,2543,"{""sellable"": 11.0, ""contingency"": null, ""pending_putaway"": 2532.0, ""under_transfer"": null}",68,0.032,,{},0,0.0,0.0,0,37,0,0.0,0.0,N/A,4.59,4.44,Band C,37.39705882352941,2543,19,1292,0,0,0,0,10000,2543
FC-001,"Biscuit, Confectionary & Snacks",Britannia Industries Limited,FC-Alpha,SKU-00564,"Britannia Good Day Butter Cookies, 30g Pack",Cookies,3,15,4,VND-028,PRAMOD ENTERPRIES - Region Alpha,200000,VALUE,2340,180,13.0,10062.0,2543,"{""sellable"": 11.0, ""contingency"": null, ""pending_putaway"": 2532.0, ""under_transfer"": null}",68,0.032,,{},0,0.0,0.0,0,37,0,0.0,0.0,N/A,5.32,4.68,Band C,37.39705882352941,2543,19,1292,0,0,0,0,238,2543
FC-001,"Biscuit, Confectionary & Snacks",Britannia Industries Limited,FC-Alpha,SKU-00565,"Britannia Good Day Butter Cookies, 53g Pack",Cookies,2,17,4,VND-013,BRITANNIA INDUSTRIES LIMITED - Region Epsilon,10000,CASES,3690,90,41.0,31291.0,727,"{""sellable"": 571.0, ""contingency"": null, ""pending_putaway"": 116.0, ""under_transfer"": null}",281,0.066,16/03/26,{},4140,0.0,0.0,0,17,0,0.0,0.0,N/A,11.01,9.57,Band A,2.587188612099644,4867,21,5901,1034,0,0,12,10000,4867
FC-001,"Biscuit, Confectionary & Snacks",Britannia Industries Limited,FC-Alpha,SKU-00565,"Britannia Good Day Butter Cookies, 53g Pack",Cookies,1,17,4,VND-025,S R SALES - Region Alpha,120000,VALUE,3690,90,41.0,30664.0,727,"{""sellable"": 571.0, ""contingency"": null, ""pending_putaway"": 116.0, ""under_transfer"": null}",281,0.066,16/03/26,"{""open_po_1"": {""promise_date"": ""2026-03-18"", ""orderedquantity"": 1170.0, ""order_item_amount"": 9722.7, ""open_po_cases"": 13.0, ""mrp"": 10.0, ""price_per_unit"": 8.31, ""order_id"": ""PO-00041"", ""po_raising_drr"": 281.0, ""po_raising_total_space"": 3690.0, ""po_raising_final_available_space"": 1475.0, ""order_date"": ""2026-03-16""}}",4140,34995.0,46.0,0,17,0,0.0,0.0,N/A,9.48,7.65,Band A,2.587188612099644,4867,21,5901,1034,0,0,12,175,4867
FC-001,"Biscuit, Confectionary & Snacks",Britannia Industries Limited,FC-Alpha,SKU-00565,"Britannia Good Day Butter Cookies, 53g Pack",Cookies,3,17,4,VND-028,PRAMOD ENTERPRIES - Region Alpha,200000,VALUE,3690,90,41.0,31734.0,727,"{""sellable"": 571.0, ""contingency"": null, ""pending_putaway"": 116.0, ""under_transfer"": null}",281,0.066,16/03/26,"{""open_po_1"": {""promise_date"": ""2026-03-16"", ""orderedquantity"": 630.0, ""order_item_amount"": 5418.0, ""open_po_cases"": 7.0, ""mrp"": 10.0, ""price_per_unit"": 8.6, ""order_id"": ""PO-00030"", ""po_raising_drr"": 281.0, ""po_raising_total_space"": 3690.0, ""po_raising_final_available_space"": 621.0, ""order_date"": ""2026-03-12""}, ""open_po_2"": {""promise_date"": ""2026-03-16"", ""orderedquantity"": 450.0, ""order_item_amount"": 3870.0, ""open_po_cases"": 5.0, ""mrp"": 10.0, ""price_per_unit"": 8.6, ""order_id"": ""PO-00022"", ""po_raising_drr"": 272.0, ""po_raising_total_space"": 3690.0, ""po_raising_final_available_space"": 471.0, ""order_date"": ""2026-03-11""}, ""open_po_3"": {""promise_date"": ""2026-03-16"", ""orderedquantity"": 540.0, ""order_item_amount"": 4644.0, ""open_po_cases"": 6.0, ""mrp"": 10.0, ""price_per_unit"": 8.6, ""order_id"": ""PO-00006"", ""po_raising_drr"": 274.0, ""po_raising_total_space"": 3690.0, ""po_raising_final_available_space"": 625.0, ""order_date"": ""2026-03-10""}}",4140,34995.0,46.0,0,17,0,0.0,0.0,N/A,10.74,8.34,Band A,2.587188612099644,4867,21,5901,1034,0,0,12,267,4867
FC-001,"Biscuit, Confectionary & Snacks",Britannia Industries Limited,FC-Alpha,SKU-00565,"Britannia Good Day Butter Cookies, 53g Pack",Cookies,3,17,4,VND-036,PANKAJ ENTERPRISES - Region Alpha,200000,VALUE,3690,90,41.0,30996.0,727,"{""sellable"": 571.0, ""contingency"": null, ""pending_putaway"": 116.0, ""under_transfer"": null}",281,0.066,16/03/26,"{""open_po_1"": {""promise_date"": ""2026-03-17"", ""orderedquantity"": 1170.0, ""order_item_amount"": 9828.0, ""open_po_cases"": 13.0, ""mrp"": 10.0, ""price_per_unit"": 8.4, ""order_id"": ""PO-00043"", ""po_raising_drr"": 281.0, ""po_raising_total_space"": 3690.0, ""po_raising_final_available_space"": 1194.0, ""order_date"": ""2026-03-16""}, ""open_po_2"": {""promise_date"": ""2026-03-16"", ""orderedquantity"": 90.0, ""order_item_amount"": 756.0, ""open_po_cases"": 1.0, ""mrp"": 10.0, ""price_per_unit"": 8.4, ""order_id"": ""PO-00024"", ""po_raising_drr"": 281.0, ""po_raising_total_space"": 3690.0, ""po_raising_final_available_space"": 119.0, ""order_date"": ""2026-03-12""}, ""open_po_3"": {""promise_date"": ""2026-03-16"", ""orderedquantity"": 90.0, ""order_item_amount"": 756.0, ""open_po_cases"": 1.0, ""mrp"": 10.0, ""price_per_unit"": 8.4, ""order_id"": ""PO-00017"", ""po_raising_drr"": 325.0, ""po_raising_total_space"": 3690.0, ""po_raising_final_available_space"": 315.0, ""order_date"": ""2026-03-13""}}",4140,34995.0,46.0,0,17,0,0.0,0.0,N/A,10.45,7.52,Band A,2.587188612099644,4867,21,5901,1034,0,0,12,296,4867
FC-001,"Biscuit, Confectionary & Snacks",Britannia Industries Limited,FC-Alpha,SKU-00566,"Britannia Bourbon The Original, 50g Pack",Cream Biscuits,2,18,4,VND-013,BRITANNIA INDUSTRIES LIMITED - Region Epsilon,10000,CASES,7280,140,52.0,61734.0,694,"{""sellable"": 654.0, ""contingency"": null, ""pending_putaway"": 40.0, ""under_transfer"": null}",495,0.062,16/03/26,{},6440,0.0,0.0,140,14,1,1362.2,0.0087,FAIL,11.05,9.73,Band A,1.402020202020202,7134,22,10890,3756,146,1,27,10000,7274
FC-001,"Biscuit, Confectionary & Snacks",Britannia Industries Limited,FC-Alpha,SKU-00566,"Britannia Bourbon The Original, 50g Pack",Cream Biscuits,3,18,4,VND-028,PRAMOD ENTERPRIES - Region Alpha,200000,VALUE,7280,140,52.0,62608.0,694,"{""sellable"": 654.0, ""contingency"": null, ""pending_putaway"": 40.0, ""under_transfer"": null}",495,0.062,16/03/26,"{""open_po_1"": {""promise_date"": ""2026-03-16"", ""orderedquantity"": 980.0, ""order_item_amount"": 8428.0, ""open_po_cases"": 7.0, ""mrp"": 10.0, ""price_per_unit"": 8.6, ""order_id"": ""PO-00022"", ""po_raising_drr"": 480.0, ""po_raising_total_space"": 7280.0, ""po_raising_final_available_space"": 1008.0, ""order_date"": ""2026-03-11""}, ""open_po_2"": {""promise_date"": ""2026-03-16"", ""orderedquantity"": 1680.0, ""order_item_amount"": 14448.0, ""open_po_cases"": 12.0, ""mrp"": 10.0, ""price_per_unit"": 8.6, ""order_id"": ""PO-00006"", ""po_raising_drr"": 475.0, ""po_raising_total_space"": 7280.0, ""po_raising_final_available_space"": 1893.0, ""order_date"": ""2026-03-10""}, ""open_po_3"": {""promise_date"": ""2026-03-16"", ""orderedquantity"": 980.0, ""order_item_amount"": 8428.0, ""open_po_cases"": 7.0, ""mrp"": 10.0, ""price_per_unit"": 8.6, ""order_id"": ""PO-00030"", ""po_raising_drr"": 500.0, ""po_raising_total_space"": 7280.0, ""po_raising_final_available_space"": 1286.0, ""order_date"": ""2026-03-12""}}",6440,54824.0,46.0,140,14,1,1358.0,0.0087,FAIL,10.47,9.7,Band A,1.402020202020202,7134,22,10890,3756,146,1,27,148,7274
FC-001,"Biscuit, Confectionary & Snacks",Britannia Industries Limited,FC-Alpha,SKU-00566,"Britannia Bourbon The Original, 50g Pack",Cream Biscuits,3,18,4,VND-036,PANKAJ ENTERPRISES - Region Alpha,200000,VALUE,7280,140,52.0,61152.0,694,"{""sellable"": 654.0, ""contingency"": null, ""pending_putaway"": 40.0, ""under_transfer"": null}",495,0.062,16/03/26,"{""open_po_1"": {""promise_date"": ""2026-03-17"", ""orderedquantity"": 1680.0, ""order_item_amount"": 14112.0, ""open_po_cases"": 12.0, ""mrp"": 10.0, ""price_per_unit"": 8.4, ""order_id"": ""PO-00043"", ""po_raising_drr"": 495.0, ""po_raising_total_space"": 7280.0, ""po_raising_final_available_space"": 1766.0, ""order_date"": ""2026-03-16""}, ""open_po_2"": {""promise_date"": ""2026-03-16"", ""orderedquantity"": 980.0, ""order_item_amount"": 8232.0, ""open_po_cases"": 7.0, ""mrp"": 10.0, ""price_per_unit"": 8.4, ""order_id"": ""PO-00024"", ""po_raising_drr"": 500.0, ""po_raising_total_space"": 7280.0, ""po_raising_final_available_space"": 1266.0, ""order_date"": ""2026-03-12""}, ""open_po_3"": {""promise_date"": ""2026-03-16"", ""orderedquantity"": 140.0, ""order_item_amount"": 1176.0, ""open_po_cases"": 1.0, ""mrp"": 10.0, ""price_per_unit"": 8.4, ""order_id"": ""PO-00017"", ""po_raising_drr"": 493.0, ""po_raising_total_space"": 7280.0, ""po_raising_final_available_space"": 165.0, ""order_date"": ""2026-03-13""}}",6440,54824.0,46.0,140,14,1,1190.0,0.0087,FAIL,10.2,8.5,Band A,1.402020202020202,7134,22,10890,3756,146,1,27,169,7274
FC-001,"Biscuit, Confectionary & Snacks",Britannia Industries Limited,FC-Alpha,SKU-00567,"Britannia 50 50 Sweet and Salty Biscuit, 62.89g Pack",Crackers & Sweet Biscuits,2,17,4,VND-013,BRITANNIA INDUSTRIES LIMITED - Region Epsilon,10000,CASES,3132,108,29.0,26559.0,568,"{""sellable"": 556.0, ""contingency"": null, ""pending_putaway"": null, ""under_transfer"": null}",195,0.086,16/03/26,{},2916,0.0,0.0,0,17,0,0.0,0.0,N/A,10.75,9.35,Band A,2.9128205128205127,3484,21,4095,611,0,0,6,10000,3484
FC-001,"Biscuit, Confectionary & Snacks",Britannia Industries Limited,FC-Alpha,SKU-00567,"Britannia 50 50 Sweet and Salty Biscuit, 62.89g Pack",Crackers & Sweet Biscuits,3,17,4,VND-028,PRAMOD ENTERPRIES - Region Alpha,200000,VALUE,3132,108,29.0,26779.0,568,"{""sellable"": 556.0, ""contingency"": null, ""pending_putaway"": null, ""under_transfer"": null}",195,0.086,16/03/26,"{""open_po_1"": {""promise_date"": ""2026-03-19"", ""orderedquantity"": 2268.0, ""order_item_amount"": 19391.4, ""open_po_cases"": 21.0, ""mrp"": 10.0, ""price_per_unit"": 8.55, ""order_id"": ""PO-00037"", ""po_raising_drr"": 195.0, ""po_raising_total_space"": 3132.0, ""po_raising_final_available_space"": 2453.0, ""order_date"": ""2026-03-16""}, ""open_po_2"": {""promise_date"": ""2026-03-16"", ""orderedquantity"": 216.0, ""order_item_amount"": 1846.8, ""open_po_cases"": 2.0, ""mrp"": 10.0, ""price_per_unit"": 8.549999999999999, ""order_id"": ""PO-00022"", ""po_raising_drr"": 236.0, ""po_raising_total_space"": 3132.0, ""po_raising_final_available_space"": 177.0, ""order_date"": ""2026-03-11""}, ""open_po_3"": {""promise_date"": ""2026-03-16"", ""orderedquantity"": 432.0, ""order_item_amount"": 3693.6, ""open_po_cases"": 4.0, ""mrp"": 10.0, ""price_per_unit"": 8.549999999999999, ""order_id"": ""PO-00006"", ""po_raising_drr"": 238.0, ""po_raising_total_space"": 3132.0, ""po_raising_final_available_space"": 417.0, ""order_date"": ""2026-03-10""}}",2916,24932.0,27.0,0,17,0,0.0,0.0,N/A,9.6,8.6,Band A,2.9128205128205127,3484,21,4095,611,0,0,6,216,3484
FC-001,"Biscuit, Confectionary & Snacks",Britannia Industries Limited,FC-Alpha,SKU-00568,"Britannia 50 50 Sweet and Salty Biscuit, 5Rs Pack",Crackers & Sweet Biscuits,2,17,4,VND-013,BRITANNIA INDUSTRIES LIMITED - Region Epsilon,10000,CASES,4320,144,30.0,18274.0,178,"{""sellable"": 147.0, ""contingency"": null, ""pending_putaway"": 12.0, ""under_transfer"": 17.0}",213,0.05,16/03/26,{},4320,0.0,0.0,0,21,0,0.0,0.0,N/A,4.65,4.39,Band A,0.8356807511737089,4498,21,4473,0,0,0,0,10000,4498
FC-001,"Biscuit, Confectionary & Snacks",Britannia Industries Limited,FC-Alpha,SKU-00568,"Britannia 50 50 Sweet and Salty Biscuit, 5Rs Pack",Crackers & Sweet Biscuits,3,17,4,VND-028,PRAMOD ENTERPRIES - Region Alpha,200000,VALUE,4320,144,30.0,18490.0,178,"{""sellable"": 147.0, ""contingency"": null, ""pending_putaway"": 12.0, ""under_transfer"": 17.0}",213,0.05,16/03/26,"{""open_po_1"": {""promise_date"": ""2026-03-19"", ""orderedquantity"": 3312.0, ""order_item_amount"": 14175.36, ""open_po_cases"": 23.0, ""mrp"": 5.0, ""price_per_unit"": 4.28, ""order_id"": ""PO-00037"", ""po_raising_drr"": 213.0, ""po_raising_total_space"": 4320.0, ""po_raising_final_available_space"": 3759.0, ""order_date"": ""2026-03-16""}, ""open_po_2"": {""promise_date"": ""2026-03-16"", ""orderedquantity"": 288.0, ""order_item_amount"": 1232.64, ""open_po_cases"": 2.0, ""mrp"": 5.0, ""price_per_unit"": 4.28, ""order_id"": ""PO-00022"", ""po_raising_drr"": 321.0, ""po_raising_total_space"": 4320.0, ""po_raising_final_available_space"": 460.0, ""order_date"": ""2026-03-11""}, ""open_po_3"": {""promise_date"": ""2026-03-16"", ""orderedquantity"": 576.0, ""order_item_amount"": 2465.28, ""open_po_cases"": 4.0, ""mrp"": 5.0, ""price_per_unit"": 4.28, ""order_id"": ""PO-00006"", ""po_raising_drr"": 312.0, ""po_raising_total_space"": 4320.0, ""po_raising_final_available_space"": 502.0, ""order_date"": ""2026-03-10""}, ""open_po_4"": {""promise_date"": ""2026-03-16"", ""orderedquantity"": 144.0, ""order_item_amount"": 616.32, ""open_po_cases"": 1.0, ""mrp"": 5.0, ""price_per_unit"": 4.28, ""order_id"": ""PO-00030"", ""po_raising_drr"": 353.0, ""po_raising_total_space"": 4320.0, ""po_raising_final_available_space"": 1038.0, ""order_date"": ""2026-03-12""}}",4320,18490.0,30.0,0,21,0,0.0,0.0,N/A,4.62,3.75,Band A,0.8356807511737089,4498,21,4473,0,0,0,0,371,4498
FC-001,"Biscuit, Confectionary & Snacks",Britannia Industries Limited,FC-Alpha,SKU-00579,"Britannia Marie Gold Biscuits, 68g Pack",Marie Biscuits,2,17,4,VND-013,BRITANNIA INDUSTRIES LIMITED - Region Epsilon,10000,CASES,5376,96,56.0,45588.0,1196,"{""sellable"": 1183.0, ""contingency"": null, ""pending_putaway"": null, ""under_transfer"": null}",412,0.07,16/03/26,{},5664,0.0,0.0,0,16,0,0.0,0.0,N/A,11.42,9.13,Band A,2.9029126213592233,6860,21,8652,1792,0,0,19,10000,6860
FC-001,"Biscuit, Confectionary & Snacks",Britannia Industries Limited,FC-Alpha,SKU-00579,"Britannia Marie Gold Biscuits, 68g Pack",Marie Biscuits,1,17,4,VND-025,S R SALES - Region Alpha,120000,VALUE,5376,48,112.0,44675.0,1196,"{""sellable"": 1183.0, ""contingency"": null, ""pending_putaway"": null, ""under_transfer"": null}",412,0.07,16/03/26,"{""open_po_1"": {""promise_date"": ""2026-03-18"", ""orderedquantity"": 1680.0, ""order_item_amount"": 13960.8, ""open_po_cases"": 35.0, ""mrp"": 10.0, ""price_per_unit"": 8.309999999999999, ""order_id"": ""PO-00041"", ""po_raising_drr"": 412.0, ""po_raising_total_space"": 5376.0, ""po_raising_final_available_space"": 1865.0, ""order_date"": ""2026-03-16""}}",5664,48200.0,118.0,0,16,0,0.0,0.0,N/A,9.68,7.38,Band A,2.9029126213592233,6860,21,8652,1792,0,0,38,339,6860
FC-001,"Biscuit, Confectionary & Snacks",Britannia Industries Limited,FC-Alpha,SKU-00579,"Britannia Marie Gold Biscuits, 68g Pack",Marie Biscuits,3,17,4,VND-028,PRAMOD ENTERPRIES - Region Alpha,200000,VALUE,5376,48,112.0,46341.0,1196,"{""sellable"": 1183.0, ""contingency"": null, ""pending_putaway"": null, ""under_transfer"": null}",412,0.07,16/03/26,"{""open_po_1"": {""promise_date"": ""2026-03-16"", ""orderedquantity"": 912.0, ""order_item_amount"": 7861.44, ""open_po_cases"": 19.0, ""mrp"": 10.0, ""price_per_unit"": 8.62, ""order_id"": ""PO-00030"", ""po_raising_drr"": 429.0, ""po_raising_total_space"": 5376.0, ""po_raising_final_available_space"": 904.0, ""order_date"": ""2026-03-12""}, ""open_po_2"": {""promise_date"": ""2026-03-16"", ""orderedquantity"": 144.0, ""order_item_amount"": 1241.28, ""open_po_cases"": 3.0, ""mrp"": 10.0, ""price_per_unit"": 8.62, ""order_id"": ""PO-00022"", ""po_raising_drr"": 418.0, ""po_raising_total_space"": 5376.0, ""po_raising_final_available_space"": 636.0, ""order_date"": ""2026-03-11""}, ""open_po_3"": {""promise_date"": ""2026-03-16"", ""orderedquantity"": 1152.0, ""order_item_amount"": 9930.24, ""open_po_cases"": 24.0, ""mrp"": 10.0, ""price_per_unit"": 8.62, ""order_id"": ""PO-00006"", ""po_raising_drr"": 418.0, ""po_raising_total_space"": 5376.0, ""po_raising_final_available_space"": 1117.0, ""order_date"": ""2026-03-10""}}",5664,48200.0,118.0,0,16,0,0.0,0.0,N/A,11.18,9.46,Band A,2.9029126213592233,6860,21,8652,1792,0,0,38,441,6860
FC-001,"Biscuit, Confectionary & Snacks",Britannia Industries Limited,FC-Alpha,SKU-00579,"Britannia Marie Gold Biscuits, 68g Pack",Marie Biscuits,3,17,4,VND-036,PANKAJ ENTERPRISES - Region Alpha,200000,VALUE,5376,48,112.0,46234.0,1196,"{""sellable"": 1183.0, ""contingency"": null, ""pending_putaway"": null, ""under_transfer"": null}",412,0.07,16/03/26,"{""open_po_1"": {""promise_date"": ""2026-03-17"", ""orderedquantity"": 1440.0, ""order_item_amount"": 12384.0, ""open_po_cases"": 30.0, ""mrp"": 10.0, ""price_per_unit"": 8.6, ""order_id"": ""PO-00043"", ""po_raising_drr"": 412.0, ""po_raising_total_space"": 5376.0, ""po_raising_final_available_space"": 1453.0, ""order_date"": ""2026-03-16""}, ""open_po_2"": {""promise_date"": ""2026-03-16"", ""orderedquantity"": 336.0, ""order_item_amount"": 2822.4, ""open_po_cases"": 7.0, ""mrp"": 10.0, ""price_per_unit"": 8.4, ""order_id"": ""PO-00024"", ""po_raising_drr"": 429.0, ""po_raising_total_space"": 5376.0, ""po_raising_final_available_space"": 382.0, ""order_date"": ""2026-03-12""}}",5664,48200.0,118.0,0,16,0,0.0,0.0,N/A,10.39,9.33,Band A,2.9029126213592233,6860,21,8652,1792,0,0,38,447,6860
FC-001,"Biscuit, Confectionary & Snacks",Britannia Industries Limited,FC-Alpha,SKU-00580,"Britannia Marie Gold Biscuits, 5Rs Pack",Marie Biscuits,2,17,4,VND-013,BRITANNIA INDUSTRIES LIMITED - Region Epsilon,10000,CASES,20592,144,143.0,87104.0,3493,"{""sellable"": 2329.0, ""contingency"": null, ""pending_putaway"": null, ""under_transfer"": null}",1252,0.035,16/03/26,{},20592,0.0,0.0,0,19,0,0.0,0.0,N/A,5.44,4.49,Band A,2.7899361022364215,24085,21,26292,2207,0,0,16,10000,24085
FC-001,"Biscuit, Confectionary & Snacks",Britannia Industries Limited,FC-Alpha,SKU-00580,"Britannia Marie Gold Biscuits, 5Rs Pack",Marie Biscuits,3,17,4,VND-028,PRAMOD ENTERPRIES - Region Alpha,200000,VALUE,20592,144,143.0,88752.0,3493,"{""sellable"": 2329.0, ""contingency"": null, ""pending_putaway"": null, ""under_transfer"": null}",1252,0.035,16/03/26,"{""open_po_1"": {""promise_date"": ""2026-03-16"", ""orderedquantity"": 3456.0, ""order_item_amount"": 14895.36, ""open_po_cases"": 24.0, ""mrp"": 5.0, ""price_per_unit"": 4.3100000000000005, ""order_id"": ""PO-00030"", ""po_raising_drr"": 1305.0, ""po_raising_total_space"": 20592.0, ""po_raising_final_available_space"": 4420.0, ""order_date"": ""2026-03-12""}, ""open_po_2"": {""promise_date"": ""2026-03-16"", ""orderedquantity"": 1872.0, ""order_item_amount"": 8068.32, ""open_po_cases"": 13.0, ""mrp"": 5.0, ""price_per_unit"": 4.31, ""order_id"": ""PO-00022"", ""po_raising_drr"": 1256.0, ""po_raising_total_space"": 20592.0, ""po_raising_final_available_space"": 3105.0, ""order_date"": ""2026-03-11""}, ""open_po_3"": {""promise_date"": ""2026-03-16"", ""orderedquantity"": 864.0, ""order_item_amount"": 3723.84, ""open_po_cases"": 6.0, ""mrp"": 5.0, ""price_per_unit"": 4.3100000000000005, ""order_id"": ""PO-00006"", ""po_raising_drr"": 1253.0, ""po_raising_total_space"": 20592.0, ""po_raising_final_available_space"": 1541.0, ""order_date"": ""2026-03-10""}, ""open_po_4"": {""promise_date"": null, ""orderedquantity"": 14400.0, ""order_item_amount"": 62064.0, ""open_po_cases"": 100.0, ""mrp"": 5.0, ""price_per_unit"": 4.31, ""order_id"": ""PO-00037"", ""po_raising_drr"": 1252.0, ""po_raising_total_space"": 20592.0, ""po_raising_final_available_space"": 15203.0, ""order_date"": ""2026-03-16""}}",20592,88752.0,143.0,0,19,0,0.0,0.0,N/A,5.0,3.71,Band A,2.7899361022364215,24085,21,26292,2207,0,0,16,375,24085
FC-001,"Biscuit, Confectionary & Snacks",Britannia Industries Limited,FC-Alpha,SKU-00581,"Britannia Milk Bikis Milk Cream Biscuits, 200g Pack",Cream Biscuits,2,15,4,VND-013,BRITANNIA INDUSTRIES LIMITED - Region Epsilon,10000,CASES,90,30,3.0,3813.0,5,"{""sellable"": 4.0, ""contingency"": null, ""pending_putaway"": 1.0, ""under_transfer"": null}",2,0.2,16/03/26,{},60,0.0,0.0,0,32,0,0.0,0.0,N/A,51.15,39.87,Band C,2.5,65,19,38,0,25,0,0,10000,65
FC-001,"Biscuit, Confectionary & Snacks",Britannia Industries Limited,FC-Alpha,SKU-00581,"Britannia Milk Bikis Milk Cream Biscuits, 200g Pack",Cream Biscuits,3,15,4,VND-028,PRAMOD ENTERPRIES - Region Alpha,200000,VALUE,90,30,3.0,3848.0,5,"{""sellable"": 4.0, ""contingency"": null, ""pending_putaway"": 1.0, ""under_transfer"": null}",2,0.2,16/03/26,{},60,0.0,0.0,0,32,0,0.0,0.0,N/A,49.89,39.71,Band C,2.5,65,19,38,0,25,0,0,168,65
FC-001,"Biscuit, Confectionary & Snacks",Britannia Industries Limited,FC-Alpha,SKU-00581,"Britannia Milk Bikis Milk Cream Biscuits, 200g Pack",Cream Biscuits,3,15,4,VND-036,PANKAJ ENTERPRISES - Region Alpha,200000,VALUE,90,30,3.0,4158.0,5,"{""sellable"": 4.0, ""contingency"": null, ""pending_putaway"": 1.0, ""under_transfer"": null}",2,0.2,16/03/26,"{""open_po_1"": {""promise_date"": ""2026-03-16"", ""orderedquantity"": 30.0, ""order_item_amount"": 1386.0, ""open_po_cases"": 1.0, ""mrp"": 55.0, ""price_per_unit"": 46.2, ""order_id"": ""PO-00024"", ""po_raising_drr"": 1.0, ""po_raising_total_space"": 90.0, ""po_raising_final_available_space"": 78.0, ""order_date"": ""2026-03-12""}, ""open_po_2"": {""promise_date"": ""2026-03-16"", ""orderedquantity"": 30.0, ""order_item_amount"": 1386.0, ""open_po_cases"": 1.0, ""mrp"": 55.0, ""price_per_unit"": 46.2, ""order_id"": ""PO-00017"", ""po_raising_drr"": 1.0, ""po_raising_total_space"": 90.0, ""po_raising_final_available_space"": 59.0, ""order_date"": ""2026-03-13""}}",60,2772.0,2.0,0,32,0,0.0,0.0,N/A,49.97,44.26,Band C,2.5,65,19,38,0,25,0,0,151,65
FC-001,"Biscuit, Confectionary & Snacks",Britannia Industries Limited,FC-Alpha,SKU-00582,"Britannia Little Hearts Classic, 26g Pack",Crackers & Sweet Biscuits,2,17,4,VND-013,BRITANNIA INDUSTRIES LIMITED - Region Epsilon,10000,CASES,1440,120,12.0,12211.0,266,"{""sellable"": 246.0, ""contingency"": null, ""pending_putaway"": 20.0, ""under_transfer"": null}",65,0.032,16/03/26,{},720,0.0,0.0,360,20,3,2674.8,0.0115,FAIL,10.67,7.43,Band B,4.092307692307692,986,21,1365,379,454,3,4,10000,1346
FC-001,"Biscuit, Confectionary & Snacks",Britannia Industries Limited,FC-Alpha,SKU-00582,"Britannia Little Hearts Classic, 26g Pack",Crackers & Sweet Biscuits,3,17,4,VND-028,PRAMOD ENTERPRIES - Region Alpha,200000,VALUE,1440,120,12.0,12456.0,266,"{""sellable"": 246.0, ""contingency"": null, ""pending_putaway"": 20.0, ""under_transfer"": null}",65,0.032,16/03/26,"{""open_po_1"": {""promise_date"": ""2026-03-16"", ""orderedquantity"": 720.0, ""order_item_amount"": 6228.0, ""open_po_cases"": 6.0, ""mrp"": 10.0, ""price_per_unit"": 8.65, ""order_id"": ""PO-00006"", ""po_raising_drr"": 70.0, ""po_raising_total_space"": 1440.0, ""po_raising_final_available_space"": 894.0, ""order_date"": ""2026-03-10""}}",720,6228.0,6.0,360,20,3,3520.8,0.0115,FAIL,11.25,9.78,Band B,4.092307692307692,986,21,1365,379,454,3,4,171,1346
FC-001,"Biscuit, Confectionary & Snacks",Britannia Industries Limited,FC-Alpha,SKU-00583,"Britannia NutriChoice Digestive Biscuits, Hi Fibre, 100g Pack",Digestive Biscuits,2,15,4,VND-013,BRITANNIA INDUSTRIES LIMITED - Region Epsilon,10000,CASES,288,72,4.0,6100.0,0,"{""sellable"": null, ""contingency"": null, ""pending_putaway"": null, ""under_transfer"": null}",27,0.104,16/03/26,{},288,0.0,0.0,0,10,0,0.0,0.0,N/A,24.75,21.52,Band C,0.0,288,19,513,225,0,0,4,10000,288
FC-001,"Biscuit, Confectionary & Snacks",Britannia Industries Limited,FC-Alpha,SKU-00583,"Britannia NutriChoice Digestive Biscuits, Hi Fibre, 100g Pack",Digestive Biscuits,3,15,4,VND-028,PRAMOD ENTERPRIES - Region Alpha,200000,VALUE,288,72,4.0,6192.0,0,"{""sellable"": null, ""contingency"": null, ""pending_putaway"": null, ""under_transfer"": null}",27,0.104,16/03/26,"{""open_po_1"": {""promise_date"": ""2026-03-16"", ""orderedquantity"": 144.0, ""order_item_amount"": 3096.0, ""open_po_cases"": 2.0, ""mrp"": 25.0, ""price_per_unit"": 21.5, ""order_id"": ""PO-00022"", ""po_raising_drr"": 18.0, ""po_raising_total_space"": 288.0, ""po_raising_final_available_space"": 195.0, ""order_date"": ""2026-03-11""}, ""open_po_2"": {""promise_date"": ""2026-03-16"", ""orderedquantity"": 72.0, ""order_item_amount"": 1548.0, ""open_po_cases"": 1.0, ""mrp"": 25.0, ""price_per_unit"": 21.5, ""order_id"": ""PO-00006"", ""po_raising_drr"": 16.0, ""po_raising_total_space"": 288.0, ""po_raising_final_available_space"": 101.0, ""order_date"": ""2026-03-10""}}",288,6156.0,4.0,0,10,0,0.0,0.0,N/A,26.09,20.25,Band C,0.0,288,19,513,225,0,0,4,138,288
FC-001,"Biscuit, Confectionary & Snacks",Britannia Industries Limited,FC-Alpha,SKU-00583,"Britannia NutriChoice Digestive Biscuits, Hi Fibre, 100g Pack",Digestive Biscuits,3,15,4,VND-036,PANKAJ ENTERPRISES - Region Alpha,200000,VALUE,288,72,4.0,6048.0,0,"{""sellable"": null, ""contingency"": null, ""pending_putaway"": null, ""under_transfer"": null}",27,0.104,16/03/26,"{""open_po_1"": {""promise_date"": ""2026-03-17"", ""orderedquantity"": 72.0, ""order_item_amount"": 1512.0, ""open_po_cases"": 1.0, ""mrp"": 25.0, ""price_per_unit"": 21.0, ""order_id"": ""PO-00043"", ""po_raising_drr"": 27.0, ""po_raising_total_space"": 288.0, ""po_raising_final_available_space"": 99.0, ""order_date"": ""2026-03-16""}}",288,6156.0,4.0,0,10,0,0.0,0.0,N/A,22.58,20.35,Band C,0.0,288,19,513,225,0,0,4,137,288
FC-001,"Biscuit, Confectionary & Snacks",Britannia Industries Limited,FC-Alpha,SKU-00584,"Britannia NutriChoice Digestive Biscuits, Hi Fibre, 250g Box",Digestive Biscuits,2,15,4,VND-013,BRITANNIA INDUSTRIES LIMITED - Region Epsilon,10000,CASES,200,40,5.0,10168.0,33,"{""sellable"": 1.0, ""contingency"": null, ""pending_putaway"": 32.0, ""under_transfer"": null}",9,0.26,16/03/26,{},200,0.0,0.0,0,25,0,0.0,0.0,N/A,67.93,50.03,Band B,3.6666666666666665,233,19,171,0,0,0,0,10000,233
FC-001,"Biscuit, Confectionary & Snacks",Britannia Industries Limited,FC-Alpha,SKU-00584,"Britannia NutriChoice Digestive Biscuits, Hi Fibre, 250g Box",Digestive Biscuits,3,15,4,VND-028,PRAMOD ENTERPRIES - Region Alpha,200000,VALUE,200,40,5.0,10260.0,33,"{""sellable"": 1.0, ""contingency"": null, ""pending_putaway"": 32.0, ""under_transfer"": null}",9,0.26,16/03/26,"{""open_po_1"": {""promise_date"": ""2026-03-16"", ""orderedquantity"": 80.0, ""order_item_amount"": 4104.0, ""open_po_cases"": 2.0, ""mrp"": 60.0, ""price_per_unit"": 51.3, ""order_id"": ""PO-00030"", ""po_raising_drr"": 9.0, ""po_raising_total_space"": 200.0, ""po_raising_final_available_space"": 115.0, ""order_date"": ""2026-03-12""}}",200,10152.0,5.0,0,25,0,0.0,0.0,N/A,68.17,52.85,Band B,3.6666666666666665,233,19,171,0,0,0,0,95,233
FC-001,"Biscuit, Confectionary & Snacks",Britannia Industries Limited,FC-Alpha,SKU-00584,"Britannia NutriChoice Digestive Biscuits, Hi Fibre, 250g Box",Digestive Biscuits,3,15,4,VND-036,PANKAJ ENTERPRISES - Region Alpha,200000,VALUE,200,40,5.0,10080.0,33,"{""sellable"": 1.0, ""contingency"": null, ""pending_putaway"": 32.0, ""under_transfer"": null}",9,0.26,16/03/26,"{""open_po_1"": {""promise_date"": ""2026-03-16"", ""orderedquantity"": 80.0, ""order_item_amount"": 4032.0, ""open_po_cases"": 2.0, ""mrp"": 60.0, ""price_per_unit"": 50.4, ""order_id"": ""PO-00024"", ""po_raising_drr"": 9.0, ""po_raising_total_space"": 200.0, ""po_raising_final_available_space"": 165.0, ""order_date"": ""2026-03-12""}, ""open_po_2"": {""promise_date"": ""2026-03-16"", ""orderedquantity"": 40.0, ""order_item_amount"": 2016.0, ""open_po_cases"": 1.0, ""mrp"": 60.0, ""price_per_unit"": 50.4, ""order_id"": ""PO-00017"", ""po_raising_drr"": 10.0, ""po_raising_total_space"": 200.0, ""po_raising_final_available_space"": 60.0, ""order_date"": ""2026-03-13""}}",200,10152.0,5.0,0,25,0,0.0,0.0,N/A,67.47,50.64,Band B,3.6666666666666665,233,19,171,0,0,0,0,99,233
FC-001,"Biscuit, Confectionary & Snacks",Britannia Industries Limited,FC-Alpha,SKU-00585,"Britannia Tiger Kreemz, Choco, 33.4g Pack",Cream Biscuits,2,15,4,VND-013,BRITANNIA INDUSTRIES LIMITED - Region Epsilon,10000,CASES,2880,144,20.0,12211.0,0,"{""sellable"": null, ""contingency"": null, ""pending_putaway"": null, ""under_transfer"": null}",0,0.0,16/03/26,{},288,0.0,0.0,0,0,0,0.0,0.0,N/A,4.81,4.77,,0.0,288,19,0,0,2592,18,0,0,288
FC-001,"Biscuit, Confectionary & Snacks",Britannia Industries Limited,FC-Alpha,SKU-00585,"Britannia Tiger Kreemz, Choco, 33.4g Pack",Cream Biscuits,1,15,4,VND-033,BAJRANG TRADERS - Region Alpha,150000,VALUE,2880,144,20.0,12326.0,0,"{""sellable"": null, ""contingency"": null, ""pending_putaway"": null, ""under_transfer"": null}",0,0.0,16/03/26,"{""open_po_1"": {""promise_date"": ""2026-03-17"", ""orderedquantity"": 144.0, ""order_item_amount"": 616.32, ""open_po_cases"": 1.0, ""mrp"": 5.0, ""price_per_unit"": 4.28, ""order_id"": ""PO-00042"", ""po_raising_drr"": 0.0, ""po_raising_total_space"": 2880.0, ""po_raising_final_available_space"": 2736.0, ""order_date"": ""2026-03-16""}, ""open_po_2"": {""promise_date"": ""2026-03-16"", ""orderedquantity"": 144.0, ""order_item_amount"": 616.32, ""open_po_cases"": 1.0, ""mrp"": 5.0, ""price_per_unit"": 4.28, ""order_id"": ""PO-00023"", ""po_raising_drr"": 0.0, ""po_raising_total_space"": 2880.0, ""po_raising_final_available_space"": 144.0, ""order_date"": ""2026-03-12""}}",288,1233.0,2.0,0,0,0,0.0,0.0,N/A,4.92,4.28,,0.0,288,19,0,0,2592,18,0,0,288
FC-001,"Biscuit, Confectionary & Snacks",Britannia Industries Limited,FC-Alpha,SKU-00586,"Britannia Tiger Glucose Biscuits, 42.7g Pack",Glucose Biscuits,2,15,4,VND-013,BRITANNIA INDUSTRIES LIMITED - Region Epsilon,10000,CASES,864,144,6.0,3655.0,0,"{""sellable"": null, ""contingency"": null, ""pending_putaway"": null, ""under_transfer"": null}",18,0.0448,16/03/26,{},288,0.0,0.0,576,48,4,2793.6,0.0258,FAIL,5.64,4.85,Band C,0.0,288,19,342,54,576,4,1,10000,864
FC-001,"Biscuit, Confectionary & Snacks",Britannia Industries Limited,FC-Alpha,SKU-00586,"Britannia Tiger Glucose Biscuits, 42.7g Pack",Glucose Biscuits,3,15,4,VND-028,PRAMOD ENTERPRIES - Region Alpha,200000,VALUE,864,144,6.0,3698.0,0,"{""sellable"": null, ""contingency"": null, ""pending_putaway"": null, ""under_transfer"": null}",18,0.0448,16/03/26,"{""open_po_1"": {""promise_date"": ""2026-03-16"", ""orderedquantity"": 144.0, ""order_item_amount"": 616.32, ""open_po_cases"": 1.0, ""mrp"": 5.0, ""price_per_unit"": 4.28, ""order_id"": ""PO-00022"", ""po_raising_drr"": 15.0, ""po_raising_total_space"": 864.0, ""po_raising_final_available_space"": 735.0, ""order_date"": ""2026-03-11""}, ""open_po_2"": {""promise_date"": ""2026-03-16"", ""orderedquantity"": 144.0, ""order_item_amount"": 616.32, ""open_po_cases"": 1.0, ""mrp"": 5.0, ""price_per_unit"": 4.28, ""order_id"": ""PO-00006"", ""po_raising_drr"": 13.0, ""po_raising_total_space"": 864.0, ""po_raising_final_available_space"": 864.0, ""order_date"": ""2026-03-10""}}",288,1233.0,2.0,576,48,4,2724.48,0.0258,FAIL,4.89,4.73,Band C,0.0,288,19,342,54,576,4,1,294,864
FC-001,"Biscuit, Confectionary & Snacks",Britannia Industries Limited,FC-Alpha,SKU-00587,"Britannia Tiger Glucose Biscuits, 28.6g Pack",Glucose Biscuits,2,15,4,VND-013,BRITANNIA INDUSTRIES LIMITED - Region Epsilon,10000,CASES,4536,216,21.0,11521.0,26,"{""sellable"": 24.0, ""contingency"": null, ""pending_putaway"": null, ""under_transfer"": null}",456,0.034,16/03/26,{},3888,0.0,0.0,432,9,2,1002.24,0.0147,FAIL,3.42,2.32,Band B,0.05701754385964912,3914,19,8664,4750,622,2,22,10000,4346
FC-001,"Biscuit, Confectionary & Snacks",Britannia Industries Limited,FC-Alpha,SKU-00587,"Britannia Tiger Glucose Biscuits, 28.6g Pack",Glucose Biscuits,3,15,4,VND-028,PRAMOD ENTERPRIES - Region Alpha,200000,VALUE,4536,216,21.0,9707.0,26,"{""sellable"": 24.0, ""contingency"": null, ""pending_putaway"": null, ""under_transfer"": null}",456,0.034,16/03/26,"{""open_po_1"": {""promise_date"": ""2026-03-16"", ""orderedquantity"": 3240.0, ""order_item_amount"": 6933.6, ""open_po_cases"": 15.0, ""mrp"": 2.5, ""price_per_unit"": 2.14, ""order_id"": ""PO-00030"", ""po_raising_drr"": 932.0, ""po_raising_total_space"": 4536.0, ""po_raising_final_available_space"": 4536.0, ""order_date"": ""2026-03-12""}, ""open_po_2"": {""promise_date"": ""2026-03-16"", ""orderedquantity"": 648.0, ""order_item_amount"": 1386.72, ""open_po_cases"": 3.0, ""mrp"": 2.5, ""price_per_unit"": 2.14, ""order_id"": ""PO-00022"", ""po_raising_drr"": 220.0, ""po_raising_total_space"": 4536.0, ""po_raising_final_available_space"": 2504.0, ""order_date"": ""2026-03-11""}}",3888,8320.0,18.0,432,9,2,1045.44,0.0147,FAIL,2.85,2.42,Band B,0.05701754385964912,3914,19,8664,4750,622,2,22,383,4346
FC-001,"Biscuit, Confectionary & Snacks",Britannia Industries Limited,FC-Alpha,SKU-00627,"Britannia Treat Jim Jam Biscuits, 57g Pack",Cream Biscuits,2,17,4,VND-013,BRITANNIA INDUSTRIES LIMITED - Region Epsilon,10000,CASES,6600,120,55.0,55968.0,1542,"{""sellable"": 1533.0, ""contingency"": null, ""pending_putaway"": 9.0, ""under_transfer"": null}",733,0.057,16/03/26,{},6600,0.0,0.0,0,11,0,0.0,0.0,N/A,11.06,7.5,Band A,2.1036834924965895,8142,21,15393,7251,0,0,61,10000,8142
FC-001,"Biscuit, Confectionary & Snacks",Britannia Industries Limited,FC-Alpha,SKU-00627,"Britannia Treat Jim Jam Biscuits, 57g Pack",Cream Biscuits,3,17,4,VND-028,PRAMOD ENTERPRIES - Region Alpha,200000,VALUE,6600,120,55.0,56760.0,1542,"{""sellable"": 1533.0, ""contingency"": null, ""pending_putaway"": 9.0, ""under_transfer"": null}",733,0.057,16/03/26,"{""open_po_1"": {""promise_date"": ""2026-03-16"", ""orderedquantity"": 1560.0, ""order_item_amount"": 13416.0, ""open_po_cases"": 13.0, ""mrp"": 10.0, ""price_per_unit"": 8.6, ""order_id"": ""PO-00022"", ""po_raising_drr"": 443.0, ""po_raising_total_space"": 6600.0, ""po_raising_final_available_space"": 1557.0, ""order_date"": ""2026-03-11""}, ""open_po_2"": {""promise_date"": ""2026-03-16"", ""orderedquantity"": 1080.0, ""order_item_amount"": 9288.0, ""open_po_cases"": 9.0, ""mrp"": 10.0, ""price_per_unit"": 8.6, ""order_id"": ""PO-00030"", ""po_raising_drr"": 512.0, ""po_raising_total_space"": 6600.0, ""po_raising_final_available_space"": 1188.0, ""order_date"": ""2026-03-12""}, ""open_po_3"": {""promise_date"": null, ""orderedquantity"": 3960.0, ""order_item_amount"": 34056.0, ""open_po_cases"": 33.0, ""mrp"": 10.0, ""price_per_unit"": 8.6, ""order_id"": ""PO-00037"", ""po_raising_drr"": 733.0, ""po_raising_total_space"": 6600.0, ""po_raising_final_available_space"": 4626.0, ""order_date"": ""2026-03-16""}}",6600,56760.0,55.0,0,11,0,0.0,0.0,N/A,10.83,9.42,Band A,2.1036834924965895,8142,21,15393,7251,0,0,61,177,8142
FC-001,"Biscuit, Confectionary & Snacks",Britannia Industries Limited,FC-Alpha,SKU-00688,"Britannia Tiger Kreemz Biscuits, Elaichi, 33.4g Pack",Cream Biscuits,2,15,4,VND-013,BRITANNIA INDUSTRIES LIMITED - Region Epsilon,10000,CASES,2880,144,20.0,12211.0,0,"{""sellable"": null, ""contingency"": null, ""pending_putaway"": null, ""under_transfer"": null}",0,0.0,16/03/26,{},288,0.0,0.0,0,0,0,0.0,0.0,N/A,4.83,4.09,,0.0,288,19,0,0,2592,18,0,0,288
FC-001,"Biscuit, Confectionary & Snacks",Britannia Industries Limited,FC-Alpha,SKU-00688,"Britannia Tiger Kreemz Biscuits, Elaichi, 33.4g Pack",Cream Biscuits,1,15,4,VND-033,BAJRANG TRADERS - Region Alpha,150000,VALUE,2880,144,20.0,12326.0,0,"{""sellable"": null, ""contingency"": null, ""pending_putaway"": null, ""under_transfer"": null}",0,0.0,16/03/26,"{""open_po_1"": {""promise_date"": ""2026-03-17"", ""orderedquantity"": 144.0, ""order_item_amount"": 616.32, ""open_po_cases"": 1.0, ""mrp"": 5.0, ""price_per_unit"": 4.28, ""order_id"": ""PO-00042"", ""po_raising_drr"": 0.0, ""po_raising_total_space"": 2880.0, ""po_raising_final_available_space"": 2736.0, ""order_date"": ""2026-03-16""}, ""open_po_2"": {""promise_date"": ""2026-03-16"", ""orderedquantity"": 144.0, ""order_item_amount"": 616.32, ""open_po_cases"": 1.0, ""mrp"": 5.0, ""price_per_unit"": 4.28, ""order_id"": ""PO-00023"", ""po_raising_drr"": 0.0, ""po_raising_total_space"": 2880.0, ""po_raising_final_available_space"": 144.0, ""order_date"": ""2026-03-12""}}",288,1233.0,2.0,0,0,0,0.0,0.0,N/A,5.53,4.77,,0.0,288,19,0,0,2592,18,0,0,288
FC-001,"Biscuit, Confectionary & Snacks",Britannia Industries Limited,FC-Alpha,SKU-00689,"Britannia Good Day Chocochip Cookies, 39g Pack",Cookies,2,15,4,VND-013,BRITANNIA INDUSTRIES LIMITED - Region Epsilon,10000,CASES,360,72,5.0,3053.0,172,"{""sellable"": 172.0, ""contingency"": null, ""pending_putaway"": null, ""under_transfer"": null}",23,0.04,16/03/26,{},216,0.0,0.0,0,16,0,0.0,0.0,N/A,9.45,9.42,Band C,7.478260869565218,388,19,437,49,0,0,1,10000,388
FC-001,"Biscuit, Confectionary & Snacks",Britannia Industries Limited,FC-Alpha,SKU-00689,"Britannia Good Day Chocochip Cookies, 39g Pack",Cookies,3,15,4,VND-028,PRAMOD ENTERPRIES - Region Alpha,200000,VALUE,360,72,5.0,3035.0,172,"{""sellable"": 172.0, ""contingency"": null, ""pending_putaway"": null, ""under_transfer"": null}",23,0.04,16/03/26,"{""open_po_1"": {""promise_date"": ""2026-03-16"", ""orderedquantity"": 72.0, ""order_item_amount"": 606.96, ""open_po_cases"": 1.0, ""mrp"": 10.0, ""price_per_unit"": 8.43, ""order_id"": ""PO-00030"", ""po_raising_drr"": 16.0, ""po_raising_total_space"": 360.0, ""po_raising_final_available_space"": 120.0, ""order_date"": ""2026-03-12""}, ""open_po_2"": {""promise_date"": null, ""orderedquantity"": 144.0, ""order_item_amount"": 1213.92, ""open_po_cases"": 2.0, ""mrp"": 10.0, ""price_per_unit"": 8.43, ""order_id"": ""PO-00037"", ""po_raising_drr"": 23.0, ""po_raising_total_space"": 360.0, ""po_raising_final_available_space"": 138.0, ""order_date"": ""2026-03-16""}}",216,1821.0,3.0,0,16,0,0.0,0.0,N/A,10.58,9.2,Band C,7.478260869565218,388,19,437,49,0,0,1,302,388
FC-001,"Biscuit, Confectionary & Snacks",Britannia Industries Limited,FC-Alpha,SKU-00690,"Britannia Toastea Premium Bake Rusk, 50g Pack",Rusks,2,17,4,VND-013,BRITANNIA INDUSTRIES LIMITED - Region Epsilon,10000,CASES,4416,64,69.0,37404.0,467,"{""sellable"": 455.0, ""contingency"": null, ""pending_putaway"": 12.0, ""under_transfer"": null}",364,0.06,16/03/26,{},4800,0.0,0.0,0,14,0,0.0,0.0,N/A,10.17,9.21,Band A,1.282967032967033,5267,21,7644,2377,0,0,38,10000,5267
FC-001,"Biscuit, Confectionary & Snacks",Britannia Industries Limited,FC-Alpha,SKU-00690,"Britannia Toastea Premium Bake Rusk, 50g Pack",Rusks,1,17,4,VND-025,S R SALES - Region Alpha,120000,VALUE,4416,64,69.0,36697.0,467,"{""sellable"": 455.0, ""contingency"": null, ""pending_putaway"": 12.0, ""under_transfer"": null}",364,0.06,16/03/26,"{""open_po_1"": {""promise_date"": ""2026-03-18"", ""orderedquantity"": 1088.0, ""order_item_amount"": 9041.28, ""open_po_cases"": 17.0, ""mrp"": 10.0, ""price_per_unit"": 8.31, ""order_id"": ""PO-00041"", ""po_raising_drr"": 364.0, ""po_raising_total_space"": 4416.0, ""po_raising_final_available_space"": 1110.0, ""order_date"": ""2026-03-16""}}",4800,40728.0,75.0,0,14,0,0.0,0.0,N/A,11.31,7.82,Band A,1.282967032967033,5267,21,7644,2377,0,0,38,240,5267
FC-001,"Biscuit, Confectionary & Snacks",Britannia Industries Limited,FC-Alpha,SKU-00690,"Britannia Toastea Premium Bake Rusk, 50g Pack",Rusks,3,17,4,VND-028,PRAMOD ENTERPRIES - Region Alpha,200000,VALUE,4416,64,69.0,37757.0,467,"{""sellable"": 455.0, ""contingency"": null, ""pending_putaway"": 12.0, ""under_transfer"": null}",364,0.06,16/03/26,"{""open_po_1"": {""promise_date"": ""2026-03-16"", ""orderedquantity"": 192.0, ""order_item_amount"": 1641.6, ""open_po_cases"": 3.0, ""mrp"": 10.0, ""price_per_unit"": 8.549999999999999, ""order_id"": ""PO-00022"", ""po_raising_drr"": 453.0, ""po_raising_total_space"": 4416.0, ""po_raising_final_available_space"": 596.0, ""order_date"": ""2026-03-11""}, ""open_po_2"": {""promise_date"": ""2026-03-16"", ""orderedquantity"": 1408.0, ""order_item_amount"": 12038.4, ""open_po_cases"": 22.0, ""mrp"": 10.0, ""price_per_unit"": 8.549999999999999, ""order_id"": ""PO-00006"", ""po_raising_drr"": 446.0, ""po_raising_total_space"": 4416.0, ""po_raising_final_available_space"": 1350.0, ""order_date"": ""2026-03-10""}, ""open_po_3"": {""promise_date"": ""2026-03-16"", ""orderedquantity"": 832.0, ""order_item_amount"": 7113.6, ""open_po_cases"": 13.0, ""mrp"": 10.0, ""price_per_unit"": 8.55, ""order_id"": ""PO-00030"", ""po_raising_drr"": 525.0, ""po_raising_total_space"": 4416.0, ""po_raising_final_available_space"": 1060.0, ""order_date"": ""2026-03-12""}}",4800,40728.0,75.0,0,14,0,0.0,0.0,N/A,10.59,7.48,Band A,1.282967032967033,5267,21,7644,2377,0,0,38,418,5267
FC-001,"Biscuit, Confectionary & Snacks",Britannia Industries Limited,FC-Alpha,SKU-00690,"Britannia Toastea Premium Bake Rusk, 50g Pack",Rusks,3,17,4,VND-036,PANKAJ ENTERPRISES - Region Alpha,200000,VALUE,4416,64,69.0,37978.0,467,"{""sellable"": 455.0, ""contingency"": null, ""pending_putaway"": 12.0, ""under_transfer"": null}",364,0.06,16/03/26,"{""open_po_1"": {""promise_date"": ""2026-03-17"", ""orderedquantity"": 704.0, ""order_item_amount"": 6054.4, ""open_po_cases"": 11.0, ""mrp"": 10.0, ""price_per_unit"": 8.6, ""order_id"": ""PO-00043"", ""po_raising_drr"": 364.0, ""po_raising_total_space"": 4416.0, ""po_raising_final_available_space"": 746.0, ""order_date"": ""2026-03-16""}, ""open_po_2"": {""promise_date"": ""2026-03-16"", ""orderedquantity"": 576.0, ""order_item_amount"": 4838.4, ""open_po_cases"": 9.0, ""mrp"": 10.0, ""price_per_unit"": 8.399999999999999, ""order_id"": ""PO-00017"", ""po_raising_drr"": 582.0, ""po_raising_total_space"": 4416.0, ""po_raising_final_available_space"": 615.0, ""order_date"": ""2026-03-13""}}",4800,40728.0,75.0,0,14,0,0.0,0.0,N/A,10.21,8.35,Band A,1.282967032967033,5267,21,7644,2377,0,0,38,375,5267
FC-001,"Biscuit, Confectionary & Snacks",Britannia Industries Limited,FC-Alpha,SKU-00691,"Britannia Toastea Milk Atta Rusk, 182g Pack",Rusks,2,15,4,VND-013,BRITANNIA INDUSTRIES LIMITED - Region Epsilon,10000,CASES,128,32,4.0,3796.0,63,"{""sellable"": 63.0, ""contingency"": null, ""pending_putaway"": null, ""under_transfer"": null}",8,0.197,16/03/26,{},64,0.0,0.0,0,15,0,0.0,0.0,N/A,30.77,26.76,Band C,7.875,127,19,152,25,1,0,1,10000,127
FC-001,"Biscuit, Confectionary & Snacks",Britannia Industries Limited,FC-Alpha,SKU-00691,"Britannia Toastea Milk Atta Rusk, 182g Pack",Rusks,3,15,4,VND-028,PRAMOD ENTERPRIES - Region Alpha,200000,VALUE,128,32,4.0,4378.0,63,"{""sellable"": 63.0, ""contingency"": null, ""pending_putaway"": null, ""under_transfer"": null}",8,0.197,16/03/26,"{""open_po_1"": {""promise_date"": ""2026-03-16"", ""orderedquantity"": 32.0, ""order_item_amount"": 1094.4, ""open_po_cases"": 1.0, ""mrp"": 40.0, ""price_per_unit"": 34.2, ""order_id"": ""PO-00030"", ""po_raising_drr"": 17.0, ""po_raising_total_space"": 128.0, ""po_raising_final_available_space"": 99.0, ""order_date"": ""2026-03-12""}, ""open_po_2"": {""promise_date"": null, ""orderedquantity"": 32.0, ""order_item_amount"": 1094.4, ""open_po_cases"": 1.0, ""mrp"": 40.0, ""price_per_unit"": 34.2, ""order_id"": ""PO-00037"", ""po_raising_drr"": 8.0, ""po_raising_total_space"": 128.0, ""po_raising_final_available_space"": 54.0, ""order_date"": ""2026-03-16""}}",64,2189.0,2.0,0,15,0,0.0,0.0,N/A,41.38,36.2,Band C,7.875,127,19,152,25,1,0,1,173,127
FC-001,"Biscuit, Confectionary & Snacks",Britannia Industries Limited,FC-Alpha,SKU-00692,"Britannia Toastea Premium Bake Rusk, 183g Pack",Rusks,2,17,4,VND-013,BRITANNIA INDUSTRIES LIMITED - Region Epsilon,10000,CASES,800,32,25.0,27120.0,185,"{""sellable"": 135.0, ""contingency"": null, ""pending_putaway"": 48.0, ""under_transfer"": null}",97,0.217,16/03/26,{},864,0.0,0.0,0,10,0,0.0,0.0,N/A,45.88,32.33,Band A,1.907216494845361,1049,21,2037,988,0,0,31,10000,1049
FC-001,"Biscuit, Confectionary & Snacks",Britannia Industries Limited,FC-Alpha,SKU-00692,"Britannia Toastea Premium Bake Rusk, 183g Pack",Rusks,3,17,4,VND-028,PRAMOD ENTERPRIES - Region Alpha,200000,VALUE,800,32,25.0,27360.0,185,"{""sellable"": 135.0, ""contingency"": null, ""pending_putaway"": 48.0, ""under_transfer"": null}",97,0.217,16/03/26,"{""open_po_1"": {""promise_date"": ""2026-03-16"", ""orderedquantity"": 32.0, ""order_item_amount"": 1094.4, ""open_po_cases"": 1.0, ""mrp"": 40.0, ""price_per_unit"": 34.2, ""order_id"": ""PO-00022"", ""po_raising_drr"": 39.0, ""po_raising_total_space"": 800.0, ""po_raising_final_available_space"": 227.0, ""order_date"": ""2026-03-11""}, ""open_po_2"": {""promise_date"": ""2026-03-16"", ""orderedquantity"": 160.0, ""order_item_amount"": 5472.0, ""open_po_cases"": 5.0, ""mrp"": 40.0, ""price_per_unit"": 34.2, ""order_id"": ""PO-00030"", ""po_raising_drr"": 50.0, ""po_raising_total_space"": 800.0, ""po_raising_final_available_space"": 130.0, ""order_date"": ""2026-03-12""}, ""open_po_3"": {""promise_date"": null, ""orderedquantity"": 224.0, ""order_item_amount"": 7660.8, ""open_po_cases"": 7.0, ""mrp"": 40.0, ""price_per_unit"": 34.2, ""order_id"": ""PO-00037"", ""po_raising_drr"": 97.0, ""po_raising_total_space"": 800.0, ""po_raising_final_available_space"": 197.0, ""order_date"": ""2026-03-16""}}",864,29459.0,27.0,0,10,0,0.0,0.0,N/A,44.94,39.08,Band A,1.907216494845361,1049,21,2037,988,0,0,31,160,1049
FC-001,"Biscuit, Confectionary & Snacks",Britannia Industries Limited,FC-Alpha,SKU-00692,"Britannia Toastea Premium Bake Rusk, 183g Pack",Rusks,3,17,4,VND-036,PANKAJ ENTERPRISES - Region Alpha,200000,VALUE,800,32,25.0,27520.0,185,"{""sellable"": 135.0, ""contingency"": null, ""pending_putaway"": 48.0, ""under_transfer"": null}",97,0.217,16/03/26,"{""open_po_1"": {""promise_date"": ""2026-03-17"", ""orderedquantity"": 224.0, ""order_item_amount"": 7705.6, ""open_po_cases"": 7.0, ""mrp"": 40.0, ""price_per_unit"": 34.4, ""order_id"": ""PO-00043"", ""po_raising_drr"": 97.0, ""po_raising_total_space"": 800.0, ""po_raising_final_available_space"": 227.0, ""order_date"": ""2026-03-16""}, ""open_po_2"": {""promise_date"": ""2026-03-16"", ""orderedquantity"": 224.0, ""order_item_amount"": 7526.4, ""open_po_cases"": 7.0, ""mrp"": 40.0, ""price_per_unit"": 33.6, ""order_id"": ""PO-00024"", ""po_raising_drr"": 50.0, ""po_raising_total_space"": 800.0, ""po_raising_final_available_space"": 250.0, ""order_date"": ""2026-03-12""}}",864,29459.0,27.0,0,10,0,0.0,0.0,N/A,40.22,35.85,Band A,1.907216494845361,1049,21,2037,988,0,0,31,175,1049
FC-001,"Biscuit, Confectionary & Snacks",Britannia Industries Limited,FC-Alpha,SKU-00852,"Britannia NutriChoice Thin Arrowroot Biscuits, 300g Pack",Digestive Biscuits,2,15,4,VND-013,BRITANNIA INDUSTRIES LIMITED - Region Epsilon,10000,CASES,384,16,24.0,13018.0,13,"{""sellable"": 13.0, ""contingency"": null, ""pending_putaway"": null, ""under_transfer"": null}",17,0.292,16/03/26,{},400,0.0,0.0,0,24,0,0.0,0.0,N/A,44.53,37.18,Band B,0.7647058823529411,413,19,323,0,0,0,0,10000,413
FC-001,"Biscuit, Confectionary & Snacks",Britannia Industries Limited,FC-Alpha,SKU-00852,"Britannia NutriChoice Thin Arrowroot Biscuits, 300g Pack",Digestive Biscuits,3,15,4,VND-028,PRAMOD ENTERPRIES - Region Alpha,200000,VALUE,384,16,24.0,14895.0,13,"{""sellable"": 13.0, ""contingency"": null, ""pending_putaway"": null, ""under_transfer"": null}",17,0.292,16/03/26,"{""open_po_1"": {""promise_date"": ""2026-03-16"", ""orderedquantity"": 160.0, ""order_item_amount"": 6206.4, ""open_po_cases"": 10.0, ""mrp"": 45.0, ""price_per_unit"": 38.79, ""order_id"": ""PO-00030"", ""po_raising_drr"": 17.0, ""po_raising_total_space"": 384.0, ""po_raising_final_available_space"": 151.0, ""order_date"": ""2026-03-12""}}",400,15278.0,25.0,0,24,0,0.0,0.0,N/A,48.25,34.51,Band B,0.7647058823529411,413,19,323,0,0,0,0,363,413
FC-001,"Biscuit, Confectionary & Snacks",Britannia Industries Limited,FC-Alpha,SKU-00852,"Britannia NutriChoice Thin Arrowroot Biscuits, 300g Pack",Digestive Biscuits,3,15,4,VND-036,PANKAJ ENTERPRISES - Region Alpha,200000,VALUE,384,16,24.0,14515.0,13,"{""sellable"": 13.0, ""contingency"": null, ""pending_putaway"": null, ""under_transfer"": null}",17,0.292,16/03/26,"{""open_po_1"": {""promise_date"": ""2026-03-16"", ""orderedquantity"": 240.0, ""order_item_amount"": 9072.0, ""open_po_cases"": 15.0, ""mrp"": 45.0, ""price_per_unit"": 37.8, ""order_id"": ""PO-00024"", ""po_raising_drr"": 17.0, ""po_raising_total_space"": 384.0, ""po_raising_final_available_space"": 340.0, ""order_date"": ""2026-03-12""}}",400,15278.0,25.0,0,24,0,0.0,0.0,N/A,47.66,41.91,Band B,0.7647058823529411,413,19,323,0,0,0,0,299,413
FC-001,"Biscuit, Confectionary & Snacks",Britannia Industries Limited,FC-Alpha,SKU-00910,"Britannia 50 50 Gol Maal Light Cracker with Kala Jeera Twist, 170g Pack",Crackers & Sweet Biscuits,2,15,4,VND-013,BRITANNIA INDUSTRIES LIMITED - Region Epsilon,10000,CASES,144,36,4.0,3660.0,21,"{""sellable"": 21.0, ""contingency"": null, ""pending_putaway"": null, ""under_transfer"": null}",5,0.18,16/03/26,{},108,0.0,0.0,0,25,0,0.0,0.0,N/A,31.82,28.64,Band C,4.2,129,19,95,0,15,0,0,10000,129
FC-001,"Biscuit, Confectionary & Snacks",Britannia Industries Limited,FC-Alpha,SKU-00910,"Britannia 50 50 Gol Maal Light Cracker with Kala Jeera Twist, 170g Pack",Crackers & Sweet Biscuits,3,15,4,VND-028,PRAMOD ENTERPRIES - Region Alpha,200000,VALUE,144,36,4.0,3694.0,21,"{""sellable"": 21.0, ""contingency"": null, ""pending_putaway"": null, ""under_transfer"": null}",5,0.18,16/03/26,"{""open_po_1"": {""promise_date"": ""2026-03-16"", ""orderedquantity"": 72.0, ""order_item_amount"": 1846.8, ""open_po_cases"": 2.0, ""mrp"": 30.0, ""price_per_unit"": 25.65, ""order_id"": ""PO-00030"", ""po_raising_drr"": 10.0, ""po_raising_total_space"": 144.0, ""po_raising_final_available_space"": 99.0, ""order_date"": ""2026-03-12""}, ""open_po_2"": {""promise_date"": ""2026-03-16"", ""orderedquantity"": 36.0, ""order_item_amount"": 923.4, ""open_po_cases"": 1.0, ""mrp"": 30.0, ""price_per_unit"": 25.65, ""order_id"": ""PO-00022"", ""po_raising_drr"": 7.0, ""po_raising_total_space"": 144.0, ""po_raising_final_available_space"": 77.0, ""order_date"": ""2026-03-11""}}",108,2770.0,3.0,0,25,0,0.0,0.0,N/A,28.74,25.55,Band C,4.2,129,19,95,0,15,0,0,218,129
FC-001,"Biscuit, Confectionary & Snacks",Britannia Industries Limited,FC-Alpha,SKU-00970,"Britannia Good Day Cashew Almond Cookies, 53g Pack",Cookies,2,17,4,VND-013,BRITANNIA INDUSTRIES LIMITED - Region Epsilon,10000,CASES,2520,90,28.0,21370.0,682,"{""sellable"": 37.0, ""contingency"": null, ""pending_putaway"": 645.0, ""under_transfer"": null}",118,0.063,16/03/26,{},1584,0.0,0.0,180,20,2,1575.0,0.0113,FAIL,9.38,8.75,Band A,5.779661016949152,2266,21,2478,212,254,2,3,10000,2446
FC-001,"Biscuit, Confectionary & Snacks",Britannia Industries Limited,FC-Alpha,SKU-00970,"Britannia Good Day Cashew Almond Cookies, 53g Pack",Cookies,3,17,4,VND-028,PRAMOD ENTERPRIES - Region Alpha,200000,VALUE,2520,72,35.0,21672.0,682,"{""sellable"": 37.0, ""contingency"": null, ""pending_putaway"": 645.0, ""under_transfer"": null}",118,0.063,16/03/26,"{""open_po_1"": {""promise_date"": ""2026-03-16"", ""orderedquantity"": 648.0, ""order_item_amount"": 5572.8, ""open_po_cases"": 7.2, ""mrp"": 10.0, ""price_per_unit"": 8.6, ""order_id"": ""PO-00022"", ""po_raising_drr"": 128.0, ""po_raising_total_space"": 2520.0, ""po_raising_final_available_space"": 927.0, ""order_date"": ""2026-03-11""}, ""open_po_2"": {""promise_date"": ""2026-03-16"", ""orderedquantity"": 432.0, ""order_item_amount"": 3715.2, ""open_po_cases"": 4.8, ""mrp"": 10.0, ""price_per_unit"": 8.6, ""order_id"": ""PO-00006"", ""po_raising_drr"": 117.0, ""po_raising_total_space"": 2520.0, ""po_raising_final_available_space"": 1037.0, ""order_date"": ""2026-03-10""}, ""open_po_3"": {""promise_date"": ""2026-03-16"", ""orderedquantity"": 144.0, ""order_item_amount"": 1238.4, ""open_po_cases"": 1.6, ""mrp"": 10.0, ""price_per_unit"": 8.600000000000001, ""order_id"": ""PO-00030"", ""po_raising_drr"": 126.0, ""po_raising_total_space"": 2520.0, ""po_raising_final_available_space"": 547.0, ""order_date"": ""2026-03-12""}, ""open_po_4"": {""promise_date"": null, ""orderedquantity"": 360.0, ""order_item_amount"": 3096.0, ""open_po_cases"": 4.0, ""mrp"": 10.0, ""price_per_unit"": 8.6, ""order_id"": ""PO-00037"", ""po_raising_drr"": 118.0, ""po_raising_total_space"": 2520.0, ""po_raising_final_available_space"": 817.0, ""order_date"": ""2026-03-16""}}",1584,13622.0,18.0,216,21,3,2004.48,0.0136,FAIL,10.93,9.28,Band A,5.779661016949152,2266,21,2478,212,254,3,3,300,2482
FC-001,"Biscuit, Confectionary & Snacks",Britannia Industries Limited,FC-Alpha,SKU-00985,"Britannia Marie Gold Biscuits, 300g Pack",Marie Biscuits,2,17,4,VND-013,BRITANNIA INDUSTRIES LIMITED - Region Epsilon,10000,CASES,2540,20,127.0,86106.0,142,"{""sellable"": 80.0, ""contingency"": 2.0, ""pending_putaway"": 60.0, ""under_transfer"": 2.0}",202,0.3,16/03/26,{},2960,0.0,0.0,0,15,0,0.0,0.0,N/A,43.72,30.59,Band A,0.7029702970297029,3102,21,4242,1140,0,0,57,10000,3102
FC-001,"Biscuit, Confectionary & Snacks",Britannia Industries Limited,FC-Alpha,SKU-00985,"Britannia Marie Gold Biscuits, 300g Pack",Marie Biscuits,1,17,4,VND-025,S R SALES - Region Alpha,120000,VALUE,2540,20,127.0,84328.0,142,"{""sellable"": 80.0, ""contingency"": 2.0, ""pending_putaway"": 60.0, ""under_transfer"": 2.0}",202,0.3,16/03/26,"{""open_po_1"": {""promise_date"": ""2026-03-18"", ""orderedquantity"": 1780.0, ""order_item_amount"": 59096.0, ""open_po_cases"": 89.0, ""mrp"": 40.0, ""price_per_unit"": 33.2, ""order_id"": ""PO-00041"", ""po_raising_drr"": 202.0, ""po_raising_total_space"": 2540.0, ""po_raising_final_available_space"": 1981.0, ""order_date"": ""2026-03-16""}}",2960,99688.0,148.0,0,15,0,0.0,0.0,N/A,44.4,33.23,Band A,0.7029702970297029,3102,21,4242,1140,0,0,57,181,3102
FC-001,"Biscuit, Confectionary & Snacks",Britannia Industries Limited,FC-Alpha,SKU-00985,"Britannia Marie Gold Biscuits, 300g Pack",Marie Biscuits,3,17,4,VND-028,PRAMOD ENTERPRIES - Region Alpha,200000,VALUE,2540,20,127.0,87376.0,142,"{""sellable"": 80.0, ""contingency"": 2.0, ""pending_putaway"": 60.0, ""under_transfer"": 2.0}",202,0.3,16/03/26,"{""open_po_1"": {""promise_date"": ""2026-03-19"", ""orderedquantity"": 420.0, ""order_item_amount"": 14448.0, ""open_po_cases"": 21.0, ""mrp"": 40.0, ""price_per_unit"": 34.4, ""order_id"": ""PO-00037"", ""po_raising_drr"": 202.0, ""po_raising_total_space"": 2540.0, ""po_raising_final_available_space"": 403.0, ""order_date"": ""2026-03-16""}, ""open_po_2"": {""promise_date"": ""2026-03-16"", ""orderedquantity"": 120.0, ""order_item_amount"": 4128.0, ""open_po_cases"": 6.0, ""mrp"": 40.0, ""price_per_unit"": 34.4, ""order_id"": ""PO-00022"", ""po_raising_drr"": 99.0, ""po_raising_total_space"": 2540.0, ""po_raising_final_available_space"": 1000.0, ""order_date"": ""2026-03-11""}, ""open_po_3"": {""promise_date"": ""2026-03-16"", ""orderedquantity"": 360.0, ""order_item_amount"": 12384.0, ""open_po_cases"": 18.0, ""mrp"": 40.0, ""price_per_unit"": 34.4, ""order_id"": ""PO-00006"", ""po_raising_drr"": 98.0, ""po_raising_total_space"": 2540.0, ""po_raising_final_available_space"": 1185.0, ""order_date"": ""2026-03-10""}, ""open_po_4"": {""promise_date"": ""2026-03-16"", ""orderedquantity"": 280.0, ""order_item_amount"": 9632.0, ""open_po_cases"": 14.0, ""mrp"": 40.0, ""price_per_unit"": 34.4, ""order_id"": ""PO-00030"", ""po_raising_drr"": 100.0, ""po_raising_total_space"": 2540.0, ""po_raising_final_available_space"": 1117.0, ""order_date"": ""2026-03-12""}}",2960,99688.0,148.0,0,15,0,0.0,0.0,N/A,44.96,33.35,Band A,0.7029702970297029,3102,21,4242,1140,0,0,57,300,3102
FC-001,"Biscuit, Confectionary & Snacks",Britannia Industries Limited,FC-Alpha,SKU-00995,"Britannia Good Day Butter Cookies, 200g Pack",Cookies,2,17,4,VND-013,BRITANNIA INDUSTRIES LIMITED - Region Epsilon,10000,CASES,700,20,35.0,21357.0,421,"{""sellable"": 376.0, ""contingency"": 14.0, ""pending_putaway"": null, ""under_transfer"": 45.0}",37,0.21,16/03/26,{},380,0.0,0.0,0,21,0,0.0,0.0,N/A,36.12,27.27,Band A,11.378378378378379,801,21,777,0,0,0,0,10000,801
FC-001,"Biscuit, Confectionary & Snacks",Britannia Industries Limited,FC-Alpha,SKU-00995,"Britannia Good Day Butter Cookies, 200g Pack",Cookies,1,17,4,VND-025,S R SALES - Region Alpha,120000,VALUE,700,20,35.0,20335.0,421,"{""sellable"": 376.0, ""contingency"": 14.0, ""pending_putaway"": null, ""under_transfer"": 45.0}",37,0.21,16/03/26,{},380,0.0,0.0,0,21,0,0.0,0.0,N/A,35.02,27.9,Band A,11.378378378378379,801,21,777,0,0,0,0,216,801
FC-001,"Biscuit, Confectionary & Snacks",Britannia Industries Limited,FC-Alpha,SKU-00995,"Britannia Good Day Butter Cookies, 200g Pack",Cookies,3,17,4,VND-028,PRAMOD ENTERPRIES - Region Alpha,200000,VALUE,700,20,35.0,24080.0,421,"{""sellable"": 376.0, ""contingency"": 14.0, ""pending_putaway"": null, ""under_transfer"": 45.0}",37,0.21,16/03/26,"{""open_po_1"": {""promise_date"": ""2026-03-16"", ""orderedquantity"": 100.0, ""order_item_amount"": 3440.0, ""open_po_cases"": 5.0, ""mrp"": 40.0, ""price_per_unit"": 34.4, ""order_id"": ""PO-00022"", ""po_raising_drr"": 83.0, ""po_raising_total_space"": 700.0, ""po_raising_final_available_space"": 100.0, ""order_date"": ""2026-03-11""}, ""open_po_2"": {""promise_date"": ""2026-03-16"", ""orderedquantity"": 120.0, ""order_item_amount"": 4128.0, ""open_po_cases"": 6.0, ""mrp"": 40.0, ""price_per_unit"": 34.4, ""order_id"": ""PO-00006"", ""po_raising_drr"": 67.0, ""po_raising_total_space"": 700.0, ""po_raising_final_available_space"": 104.0, ""order_date"": ""2026-03-10""}, ""open_po_3"": {""promise_date"": ""2026-03-16"", ""orderedquantity"": 160.0, ""order_item_amount"": 5504.0, ""open_po_cases"": 8.0, ""mrp"": 40.0, ""price_per_unit"": 34.4, ""order_id"": ""PO-00030"", ""po_raising_drr"": 80.0, ""po_raising_total_space"": 700.0, ""po_raising_final_available_space"": 156.0, ""order_date"": ""2026-03-12""}}",380,13072.0,19.0,0,21,0,0.0,0.0,N/A,43.58,29.94,Band A,11.378378378378379,801,21,777,0,0,0,0,335,801
FC-001,"Biscuit, Confectionary & Snacks",Britannia Industries Limited,FC-Alpha,SKU-00995,"Britannia Good Day Butter Cookies, 200g Pack",Cookies,3,17,4,VND-036,PANKAJ ENTERPRISES - Region Alpha,200000,VALUE,700,20,35.0,23520.0,421,"{""sellable"": 376.0, ""contingency"": 14.0, ""pending_putaway"": null, ""under_transfer"": 45.0}",37,0.21,16/03/26,{},380,0.0,0.0,0,21,0,0.0,0.0,N/A,41.8,28.82,Band A,11.378378378378379,801,21,777,0,0,0,0,347,801
FC-001,"Biscuit, Confectionary & Snacks",Britannia Industries Limited,FC-Alpha,SKU-01013,"Britannia Milk Bikis 100% Atta Biscuit, 67g Pack",Milk Biscuits,2,15,4,VND-013,BRITANNIA INDUSTRIES LIMITED - Region Epsilon,10000,CASES,3120,96,33.0,26458.0,2609,"{""sellable"": 2489.0, ""contingency"": null, ""pending_putaway"": null, ""under_transfer"": 120.0}",13,0.072,,{},0,0.0,0.0,480,237,5,3624.0,0.0346,FAIL,10.61,7.55,Band C,200.69230769230768,2609,19,247,0,511,5,0,10000,3089
FC-001,"Biscuit, Confectionary & Snacks",Britannia Industries Limited,FC-Alpha,SKU-01013,"Britannia Milk Bikis 100% Atta Biscuit, 67g Pack",Milk Biscuits,3,15,4,VND-028,PRAMOD ENTERPRIES - Region Alpha,200000,VALUE,3120,96,33.0,26520.0,2609,"{""sellable"": 2489.0, ""contingency"": null, ""pending_putaway"": null, ""under_transfer"": 120.0}",13,0.072,,{},0,0.0,0.0,480,237,5,4646.4,0.0346,FAIL,10.89,9.68,Band C,200.69230769230768,2609,19,247,0,511,5,0,216,3089
FC-001,"Biscuit, Confectionary & Snacks",Britannia Industries Limited,FC-Alpha,SKU-01014,"Britannia Milk Bikis 100% Atta Biscuit, 33.5g Pack",Milk Biscuits,2,19,4,VND-013,BRITANNIA INDUSTRIES LIMITED - Region Epsilon,10000,CASES,23400,168,139.0,98982.0,11758,"{""sellable"": 7366.0, ""contingency"": 4032.0, ""pending_putaway"": 336.0, ""under_transfer"": 4032.0}",1506,0.044,16/03/26,{},14544,0.0,0.0,0,17,0,0.0,0.0,N/A,5.59,4.29,Band A,7.807436918990704,26302,23,34638,8336,0,0,50,10000,26302
FC-001,"Biscuit, Confectionary & Snacks",Britannia Industries Limited,FC-Alpha,SKU-01014,"Britannia Milk Bikis 100% Atta Biscuit, 33.5g Pack",Milk Biscuits,3,19,4,VND-028,PRAMOD ENTERPRIES - Region Alpha,200000,VALUE,23400,144,163.0,99450.0,11758,"{""sellable"": 7366.0, ""contingency"": 4032.0, ""pending_putaway"": 336.0, ""under_transfer"": 4032.0}",1506,0.044,16/03/26,"{""open_po_1"": {""promise_date"": ""2026-03-16"", ""orderedquantity"": 4896.0, ""order_item_amount"": 20808.0, ""open_po_cases"": 29.142857142857142, ""mrp"": 5.0, ""price_per_unit"": 4.25, ""order_id"": ""PO-00006"", ""po_raising_drr"": 1862.0, ""po_raising_total_space"": 23400.0, ""po_raising_final_available_space"": 6676.0, ""order_date"": ""2026-03-10""}, ""open_po_2"": {""promise_date"": null, ""orderedquantity"": 9648.0, ""order_item_amount"": 41004.0, ""open_po_cases"": 57.42857142857143, ""mrp"": 5.0, ""price_per_unit"": 4.25, ""order_id"": ""PO-00037"", ""po_raising_drr"": 1506.0, ""po_raising_total_space"": 23400.0, ""po_raising_final_available_space"": 9710.0, ""order_date"": ""2026-03-16""}}",14544,61812.0,87.0,0,17,0,0.0,0.0,N/A,5.57,4.84,Band A,7.807436918990704,26302,23,34638,8336,0,0,58,287,26302
FC-001,"Biscuit, Confectionary & Snacks",Gujarat Co-operative Milk Marketing Federation Ltd,FC-Alpha,SKU-00221,"Amul Bindaaz Coated Wafer Layers, Chocolate, 900g Jar (75Pcs x 12g)",Wafers,2,10,4,VND-011,SHRI KRISHNA MURARI ENTERPRISES - Region Epsilon,120000,VALUE,6,6,1.0,1830.0,0,"{""sellable"": null, ""contingency"": null, ""pending_putaway"": null, ""under_transfer"": null}",0,1.078,02/03/26,"{""open_po_1"": {""promise_date"": ""2026-03-02"", ""orderedquantity"": 6.0, ""order_item_amount"": 1829.58, ""open_po_cases"": 1.0, ""mrp"": 375.0, ""price_per_unit"": 304.93, ""order_id"": ""PO-00009"", ""po_raising_drr"": 0.0, ""po_raising_total_space"": 12.0, ""po_raising_final_available_space"": 12.0, ""order_date"": ""2026-02-27""}}",6,1830.0,1.0,0,0,0,0.0,0.0,N/A,361.0,298.75,,0.0,6,14,0,0,0,0,0,0,6
FC-001,Personal Care,Dabur India Limited,FC-Alpha,SKU-00671,"Dabur Red Toothpaste, 100g Box",Toothpaste,5,14,4,VND-054,DABUR INDIA LIMITED - Region Epsilon,30000,VALUE,144,72,2.0,8754.0,106,"{""sellable"": 106.0, ""contingency"": null, ""pending_putaway"": null, ""under_transfer"": null}",0,0.12,,{},0,0.0,0.0,0,0,0,0.0,0.0,N/A,71.87,52.55,,0.0,106,18,0,0,38,0,0,0,106
FC-001,"Biscuit, Confectionary & Snacks",Haldiram Snacks Pvt Ltd,FC-Alpha,SKU-00147,"Haldiram's Bhujia, 16g Pack",Namkeens,3,16,4,VND-036,PANKAJ ENTERPRISES - Region Alpha,200000,VALUE,4032,504,8.0,16531.0,951,"{""sellable"": 951.0, ""contingency"": null, ""pending_putaway"": null, ""under_transfer"": null}",614,0.018,17/03/26,{},2520,0.0,0.0,504,6,1,2071.44,0.0091,FAIL,5.12,4.11,Band A,1.5488599348534202,3471,20,12280,8809,561,1,18,97,3975
FC-001,Personal Care,Dabur India Limited,FC-Alpha,SKU-00672,"Dabur Red Toothpaste, 200g Box",Toothpaste,5,14,4,VND-054,DABUR INDIA LIMITED - Region Epsilon,30000,VALUE,72,36,2.0,8564.0,0,"{""sellable"": null, ""contingency"": null, ""pending_putaway"": null, ""under_transfer"": null}",2,0.235,19/03/26,"{""open_po_1"": {""promise_date"": ""2026-03-19"", ""orderedquantity"": 36.0, ""order_item_amount"": 4281.84, ""open_po_cases"": 1.0, ""mrp"": 135.0, ""price_per_unit"": 118.94, ""order_id"": ""PO-00053"", ""po_raising_drr"": 2.0, ""po_raising_total_space"": 72.0, ""po_raising_final_available_space"": 72.0, ""order_date"": ""2026-03-14""}}",36,4282.0,1.0,36,36,1,4102.2,0.0085,FAIL,130.85,113.95,Band B,0.0,36,18,36,0,36,1,0,8,72
FC-001,"Biscuit, Confectionary & Snacks",Haldiram Snacks Pvt Ltd,FC-Alpha,SKU-00261,"Haldiram's Nagpur Khatta Meetha Mixture, 25g Pack",Mixtures,3,16,4,VND-036,PANKAJ ENTERPRISES - Region Alpha,200000,VALUE,1008,504,2.0,4133.0,3,"{""sellable"": 3.0, ""contingency"": null, ""pending_putaway"": null, ""under_transfer"": null}",308,0.027,17/03/26,{},1008,0.0,0.0,0,3,0,0.0,0.0,N/A,4.95,3.61,Band B,0.00974025974025974,1011,20,6160,5149,0,0,11,110,1011
FC-001,Personal Care,Dabur India Limited,FC-Alpha,SKU-00733,"Dabur Lal Tooth Powder, 150g Bottle",Tooth Powder,5,16,5,VND-054,DABUR INDIA LIMITED - Region Epsilon,30000,VALUE,120,60,2.0,10467.0,86,"{""sellable"": 86.0, ""contingency"": null, ""pending_putaway"": null, ""under_transfer"": null}",1,0.183,,{},0,0.0,0.0,0,86,0,0.0,0.0,N/A,114.05,99.17,Band C,86.0,86,21,21,0,34,0,0,6,86
FC-001,Personal Care,Dabur India Limited,FC-Alpha,SKU-00734,"Dabur Vatika Health Shampoo, Henna & Amla, 180ml Bottle",Shampoo,5,16,5,VND-054,DABUR INDIA LIMITED - Region Epsilon,30000,VALUE,24,24,1.0,2770.0,0,"{""sellable"": null, ""contingency"": null, ""pending_putaway"": null, ""under_transfer"": null}",2,0.217,19/03/26,"{""open_po_1"": {""promise_date"": ""2026-03-19"", ""orderedquantity"": 24.0, ""order_item_amount"": 2770.08, ""open_po_cases"": 1.0, ""mrp"": 131.0, ""price_per_unit"": 115.42, ""order_id"": ""PO-00053"", ""po_raising_drr"": 2.0, ""po_raising_total_space"": 24.0, ""po_raising_final_available_space"": 24.0, ""order_date"": ""2026-03-14""}}",24,2770.0,1.0,0,12,0,0.0,0.0,N/A,150.02,115.43,Band C,0.0,24,21,42,18,0,0,1,11,24
FC-001,Personal Care,Dabur India Limited,FC-Alpha,SKU-00758,"Dabur Red Toothpaste, 18g Box",Toothpaste,5,14,4,VND-054,DABUR INDIA LIMITED - Region Epsilon,30000,VALUE,576,288,2.0,4375.0,47,"{""sellable"": 36.0, ""contingency"": null, ""pending_putaway"": 11.0, ""under_transfer"": null}",66,0.027,19/03/26,"{""open_po_1"": {""promise_date"": ""2026-03-19"", ""orderedquantity"": 288.0, ""order_item_amount"": 2185.92, ""open_po_cases"": 1.0, ""mrp"": 9.0, ""price_per_unit"": 7.59, ""order_id"": ""PO-00053"", ""po_raising_drr"": 91.0, ""po_raising_total_space"": 576.0, ""po_raising_final_available_space"": 576.0, ""order_date"": ""2026-03-14""}}",288,2186.0,1.0,0,5,0,0.0,0.0,N/A,8.76,7.44,Band C,0.7121212121212122,335,18,1188,853,241,0,3,15,335
FC-001,Personal Care,Dabur India Limited,FC-Alpha,SKU-00759,"Dabur Gulabari Premium Rose Water, 59ml Bottle",Face Toner,5,14,4,VND-054,DABUR INDIA LIMITED - Region Epsilon,30000,VALUE,192,96,2.0,4987.0,20,"{""sellable"": 14.0, ""contingency"": null, ""pending_putaway"": 6.0, ""under_transfer"": null}",19,0.07,19/03/26,"{""open_po_1"": {""promise_date"": ""2026-03-19"", ""orderedquantity"": 96.0, ""order_item_amount"": 2493.12, ""open_po_cases"": 1.0, ""mrp"": 30.0, ""price_per_unit"": 25.97, ""order_id"": ""PO-00053"", ""po_raising_drr"": 9.0, ""po_raising_total_space"": 192.0, ""po_raising_final_available_space"": 154.0, ""order_date"": ""2026-03-14""}, ""open_po_2"": {""promise_date"": null, ""orderedquantity"": 96.0, ""order_item_amount"": 2493.12, ""open_po_cases"": 1.0, ""mrp"": 30.0, ""price_per_unit"": 25.97, ""order_id"": ""PO-00036"", ""po_raising_drr"": 19.0, ""po_raising_total_space"": 192.0, ""po_raising_final_available_space"": 134.0, ""order_date"": ""2026-03-16""}}",192,4986.0,2.0,0,11,0,0.0,0.0,N/A,33.55,25.64,Band B,1.0526315789473684,212,18,342,130,0,0,2,13,212
FC-001,Personal Care,Dabur India Limited,FC-Alpha,SKU-00777,"Dabur Sarson Amla Hair Oil, 70ml Bottle",Hair Oil,5,14,4,VND-054,DABUR INDIA LIMITED - Region Epsilon,30000,VALUE,288,168,2.0,4567.0,6,"{""sellable"": 6.0, ""contingency"": null, ""pending_putaway"": null, ""under_transfer"": null}",46,0.08,19/03/26,"{""open_po_1"": {""promise_date"": ""2026-03-19"", ""orderedquantity"": 168.0, ""order_item_amount"": 2664.48, ""open_po_cases"": 1.0, ""mrp"": 18.0, ""price_per_unit"": 15.86, ""order_id"": ""PO-00053"", ""po_raising_drr"": 35.0, ""po_raising_total_space"": 288.0, ""po_raising_final_available_space"": 288.0, ""order_date"": ""2026-03-14""}, ""open_po_2"": {""promise_date"": null, ""orderedquantity"": 168.0, ""order_item_amount"": 2664.48, ""open_po_cases"": 1.0, ""mrp"": 18.0, ""price_per_unit"": 15.86, ""order_id"": ""PO-00036"", ""po_raising_drr"": 46.0, ""po_raising_total_space"": 288.0, ""po_raising_final_available_space"": 212.0, ""order_date"": ""2026-03-16""}}",336,5329.0,2.0,0,7,0,0.0,0.0,N/A,16.54,14.47,Band C,0.13043478260869565,342,18,828,486,0,0,3,13,342
FC-001,Personal Care,Dabur India Limited,FC-Alpha,SKU-00851,"Dabur Gulabari Face Cleanser, 100ml Bottle",Face Toner,5,16,5,VND-054,DABUR INDIA LIMITED - Region Epsilon,30000,VALUE,36,36,1.0,3140.0,26,"{""sellable"": 21.0, ""contingency"": 5.0, ""pending_putaway"": null, ""under_transfer"": 5.0}",5,0.08,,{},0,0.0,0.0,0,5,0,0.0,0.0,N/A,90.48,83.78,Band C,5.2,26,21,105,79,10,0,3,10,26
FC-001,Personal Care,Dabur India Limited,FC-Alpha,SKU-00911,"Dabur Sarson Amla Hair Oil, 35ml Bottle",Hair Oil,5,13,5,VND-054,DABUR INDIA LIMITED - Region Epsilon,30000,VALUE,480,336,1.0,3806.0,107,"{""sellable"": 107.0, ""contingency"": null, ""pending_putaway"": null, ""under_transfer"": null}",69,0.04,19/03/26,"{""open_po_1"": {""promise_date"": ""2026-03-19"", ""orderedquantity"": 336.0, ""order_item_amount"": 2664.48, ""open_po_cases"": 1.0, ""mrp"": 9.0, ""price_per_unit"": 7.93, ""order_id"": ""PO-00053"", ""po_raising_drr"": 141.0, ""po_raising_total_space"": 480.0, ""po_raising_final_available_space"": 480.0, ""order_date"": ""2026-03-14""}}",336,2664.0,1.0,0,6,0,0.0,0.0,N/A,7.73,7.62,Band C,1.5507246376811594,443,18,1242,799,37,0,3,12,443
FC-001,Personal Care,Dabur India Limited,FC-Alpha,SKU-01002,"Dabur Gulabari Premium Rose Water, 30ml Bottle",Face Toner,5,16,5,VND-054,DABUR INDIA LIMITED - Region Epsilon,30000,VALUE,480,240,2.0,6649.0,406,"{""sellable"": 371.0, ""contingency"": 35.0, ""pending_putaway"": null, ""under_transfer"": 35.0}",18,0.0276,,{},0,0.0,0.0,0,22,0,0.0,0.0,N/A,16.73,11.99,Band C,22.555555555555557,406,21,378,0,74,0,0,11,406
FC-001,"Biscuit, Confectionary & Snacks",Kellogg's India Private Limited,FC-Alpha,SKU-00074,"Pringles Grab 'N' Go Potato Crisps, Scorchin' Red Hot Chilli, 40g Tin",Chips,2,10,4,VND-071,Daksh Enterprises - Region Epsilon,40000,VALUE,36,12,3.0,1674.0,17,"{""sellable"": 17.0, ""contingency"": null, ""pending_putaway"": null, ""under_transfer"": null}",1,0.066,,{},0,0.0,0.0,12,29,1,625.08,0.0008,FAIL,52.34,52.09,Band C,17.0,17,14,14,0,19,1,0,64,29
FC-001,"Biscuit, Confectionary & Snacks",Kellogg's India Private Limited,FC-Alpha,SKU-00108,"Pringles Grab 'N' Go Potato Crisps Chips, Desi Masala Tadka, 40g Tin",Chips,2,10,4,VND-071,Daksh Enterprises - Region Epsilon,40000,VALUE,36,12,3.0,1674.0,36,"{""sellable"": 36.0, ""contingency"": null, ""pending_putaway"": null, ""under_transfer"": null}",0,0.066,,{},0,0.0,0.0,0,0,0,0.0,0.0,N/A,53.73,45.95,,0.0,36,14,0,0,0,0,0,0,36
FC-001,"Biscuit, Confectionary & Snacks",Haldiram Snacks Pvt Ltd,FC-Alpha,SKU-00312,"Haldiram's Nagpur Lite Chiwda, 25g Pack",Namkeens,3,16,4,VND-036,PANKAJ ENTERPRISES - Region Alpha,200000,VALUE,1080,360,3.0,4428.0,46,"{""sellable"": null, ""contingency"": null, ""pending_putaway"": 46.0, ""under_transfer"": null}",182,0.027,17/03/26,{},1080,0.0,0.0,0,6,0,0.0,0.0,N/A,4.57,3.56,Band B,0.25274725274725274,1126,20,3640,2514,0,0,7,157,1126
FC-001,"Biscuit, Confectionary & Snacks",Kellogg's India Private Limited,FC-Alpha,SKU-01042,"Pringles Grab 'N' Go Potato Crisps, Original, 40g Tin",Chips,2,10,4,VND-071,Daksh Enterprises - Region Epsilon,40000,VALUE,36,12,3.0,1674.0,16,"{""sellable"": 16.0, ""contingency"": null, ""pending_putaway"": null, ""under_transfer"": null}",1,0.066,,{},0,0.0,0.0,12,28,1,580.8,0.0008,FAIL,60.02,48.4,Band C,16.0,16,14,14,0,20,1,0,69,28
FC-001,"Biscuit, Confectionary & Snacks",Haldiram Snacks Pvt Ltd,FC-Alpha,SKU-00328,"Haldiram's Nagpur Moong Dal, 35g Pack",Namkeens,3,16,4,VND-036,PANKAJ ENTERPRISES - Region Alpha,200000,VALUE,600,300,2.0,4920.0,41,"{""sellable"": 11.0, ""contingency"": null, ""pending_putaway"": 30.0, ""under_transfer"": null}",85,0.037,17/03/26,{},600,0.0,0.0,0,7,0,0.0,0.0,N/A,10.8,9.39,Band B,0.4823529411764706,641,20,1700,1059,0,0,4,71,641
FC-001,"Biscuit, Confectionary & Snacks",Kellogg's India Private Limited,FC-Alpha,SKU-01043,"Pringles Grab 'N' Go Potato Crisps, Sour Cream & Onion, 40g Tin",Chips,2,10,4,VND-071,Daksh Enterprises - Region Epsilon,40000,VALUE,36,12,3.0,1674.0,18,"{""sellable"": 18.0, ""contingency"": null, ""pending_putaway"": null, ""under_transfer"": null}",0,0.66,,{},0,0.0,0.0,0,0,0,0.0,0.0,N/A,51.19,48.71,Band C,0.0,18,14,0,0,18,1,0,0,18
FC-001,Packaged Foods,Kellogg's India Private Limited,FC-Alpha,SKU-00136,"Kellogg's Multigrain Chocos Fills, Caramel, 16g Pack",Chocos,2,12,4,VND-071,Daksh Enterprises - Region Epsilon,40000,VALUE,768,256,3.0,6735.0,723,"{""sellable"": 723.0, ""contingency"": null, ""pending_putaway"": null, ""under_transfer"": null}",8,0.016,,{},0,0.0,0.0,0,90,0,0.0,0.0,N/A,10.47,9.07,Band C,90.375,723,16,128,0,45,0,0,18,723
FC-001,Packaged Foods,Kellogg's India Private Limited,FC-Alpha,SKU-00138,"Kellogg's Chocolate Muesli 12 In 1 Power Breakfast Cereal, 70g Pack",Muesli,2,12,4,VND-071,Daksh Enterprises - Region Epsilon,40000,VALUE,180,60,3.0,8210.0,0,"{""sellable"": null, ""contingency"": null, ""pending_putaway"": null, ""under_transfer"": null}",0,0.0,,{},0,0.0,0.0,0,0,0,0.0,0.0,N/A,52.79,39.98,,0.0,0,16,0,0,180,3,0,0,0
FC-001,"Biscuit, Confectionary & Snacks",Haldiram Snacks Pvt Ltd,FC-Alpha,SKU-00373,"Haldiram's Nagpur Aloo Bhujia, 42g Pack",Namkeens,3,16,4,VND-036,PANKAJ ENTERPRISES - Region Alpha,200000,VALUE,600,300,2.0,4920.0,113,"{""sellable"": 7.0, ""contingency"": null, ""pending_putaway"": 82.0, ""under_transfer"": null}",114,0.046,17/03/26,{},600,0.0,0.0,0,6,0,0.0,0.0,N/A,10.41,7.72,Band B,0.9912280701754386,713,20,2280,1567,0,0,6,87,713
FC-001,Packaged Foods,Kellogg's India Private Limited,FC-Alpha,SKU-00157,"Kellogg's Muesli, Fruit, Nut & Seeds, 72g Pack",Muesli,2,12,4,VND-071,Daksh Enterprises - Region Epsilon,40000,VALUE,180,60,3.0,8210.0,176,"{""sellable"": 176.0, ""contingency"": null, ""pending_putaway"": null, ""under_transfer"": null}",2,0.078,,{},0,0.0,0.0,0,88,0,0.0,0.0,N/A,45.56,45.44,,88.0,176,16,32,0,4,0,0,15,176
FC-001,"Biscuit, Confectionary & Snacks",Haldiram Snacks Pvt Ltd,FC-Alpha,SKU-00387,"Haldiram's Nagpur Moong Dal, 17g Pack",Namkeens,3,18,4,VND-036,PANKAJ ENTERPRISES - Region Alpha,200000,VALUE,2520,504,5.0,10332.0,804,"{""sellable"": 600.0, ""contingency"": null, ""pending_putaway"": null, ""under_transfer"": null}",393,0.019,17/03/26,{},1008,0.0,0.0,504,5,1,2187.36,0.0096,FAIL,5.71,4.34,Band A,2.045801526717557,1812,22,8646,6834,708,1,14,92,2316
FC-001,Packaged Foods,Kellogg's India Private Limited,FC-Alpha,SKU-00248,"Kellogg's Multigrain Chocos Fills, 18g Pack",Chocos,2,15,5,VND-071,Daksh Enterprises - Region Epsilon,40000,VALUE,512,256,2.0,4403.0,385,"{""sellable"": 385.0, ""contingency"": null, ""pending_putaway"": null, ""under_transfer"": null}",19,0.021,,{},0,0.0,0.0,0,20,0,0.0,0.0,N/A,9.73,7.51,Band C,20.263157894736842,385,20,380,0,127,0,0,21,385
FC-001,Packaged Foods,Kellogg's India Private Limited,FC-Alpha,SKU-00259,"Kellogg's Corn Flakes, Original, 27g Pack",Cornflakes,2,15,5,VND-071,Daksh Enterprises - Region Epsilon,40000,VALUE,576,192,3.0,4954.0,421,"{""sellable"": 421.0, ""contingency"": null, ""pending_putaway"": null, ""under_transfer"": null}",21,0.03,,{},0,0.0,0.0,0,20,0,0.0,0.0,N/A,9.62,8.36,Band C,20.047619047619047,421,20,420,0,155,0,0,25,421
FC-001,"Biscuit, Confectionary & Snacks",Haldiram Snacks Pvt Ltd,FC-Alpha,SKU-00796,"Haldiram's Nagpur Khatta Meetha Mixture, 55g Pack",Mixtures,3,16,4,VND-036,PANKAJ ENTERPRISES - Region Alpha,200000,VALUE,756,252,3.0,6199.0,24,"{""sellable"": null, ""contingency"": null, ""pending_putaway"": 24.0, ""under_transfer"": null}",151,0.06,17/03/26,{},756,0.0,0.0,0,5,0,0.0,0.0,N/A,10.89,9.42,Band B,0.15894039735099338,780,20,3020,2240,0,0,9,85,780
FC-001,Packaged Foods,Kellogg's India Private Limited,FC-Alpha,SKU-00274,"Kellogg's Chocos, 110g Pack",Chocos,2,15,5,VND-071,Daksh Enterprises - Region Epsilon,40000,VALUE,72,36,2.0,4752.0,36,"{""sellable"": null, ""contingency"": 36.0, ""pending_putaway"": null, ""under_transfer"": 36.0}",3,0.11,,{},0,0.0,0.0,36,24,1,2309.76,0.004,FAIL,69.59,64.16,Band C,12.0,36,20,60,24,36,1,1,18,72
FC-001,"Biscuit, Confectionary & Snacks",Haldiram Snacks Pvt Ltd,FC-Alpha,SKU-00839,"Haldiram's Nagpur Bhujia Sev, 38g Pack",Namkeens,3,18,4,VND-036,PANKAJ ENTERPRISES - Region Alpha,200000,VALUE,900,300,3.0,7380.0,11,"{""sellable"": 7.0, ""contingency"": null, ""pending_putaway"": null, ""under_transfer"": null}",233,0.04,17/03/26,{},600,0.0,0.0,0,2,0,0.0,0.0,N/A,9.82,8.48,Band A,0.04721030042918455,611,22,5126,4515,289,0,16,79,611
FC-001,Packaged Foods,Kellogg's India Private Limited,FC-Alpha,SKU-00327,"Kellogg's Chocos, 40g Pack",Chocos,2,15,5,VND-071,Daksh Enterprises - Region Epsilon,40000,VALUE,192,96,2.0,3302.0,168,"{""sellable"": 168.0, ""contingency"": null, ""pending_putaway"": null, ""under_transfer"": null}",3,0.06,,{},0,0.0,0.0,0,56,0,0.0,0.0,N/A,21.34,14.96,Band C,56.0,168,20,60,0,24,0,0,28,168
FC-001,Packaged Foods,Kellogg's India Private Limited,FC-Alpha,SKU-00410,"Kellogg's Oats, 200g Standup Pouch",Oatmeal,2,15,5,VND-071,Daksh Enterprises - Region Epsilon,40000,VALUE,72,36,2.0,3105.0,44,"{""sellable"": 44.0, ""contingency"": null, ""pending_putaway"": null, ""under_transfer"": null}",1,0.2,,{},0,0.0,0.0,0,44,0,0.0,0.0,N/A,48.94,41.16,Band C,44.0,44,20,20,0,28,0,0,27,44
FC-001,"Biscuit, Confectionary & Snacks",Haldiram Snacks Pvt Ltd,FC-Alpha,SKU-00904,"Haldiram's Punjabi Tadka, 42g Pack",Namkeens,3,16,4,VND-036,PANKAJ ENTERPRISES - Region Alpha,200000,VALUE,720,250,3.0,5904.0,20,"{""sellable"": null, ""contingency"": null, ""pending_putaway"": 20.0, ""under_transfer"": null}",166,0.045,17/03/26,{},500,0.0,0.0,0,3,0,0.0,0.0,N/A,11.39,8.27,Band B,0.12048192771084337,520,20,3320,2800,200,0,12,97,520
FC-001,Packaged Foods,Kellogg's India Private Limited,FC-Alpha,SKU-00419,"Kellogg's Corn Flakes, Original, 53g Pack",Cornflakes,2,15,5,VND-071,Daksh Enterprises - Region Epsilon,40000,VALUE,288,96,3.0,4954.0,1,"{""sellable"": 1.0, ""contingency"": null, ""pending_putaway"": null, ""under_transfer"": null}",18,0.07,,{},0,0.0,0.0,192,10,2,2916.48,0.0134,FAIL,17.49,15.19,Band C,0.05555555555555555,1,20,360,359,287,2,4,28,193
FC-001,"Biscuit, Confectionary & Snacks",Haldiram Snacks Pvt Ltd,FC-Alpha,SKU-00905,"Haldiram's Classic Nut Cracker, 40g Pack","Fruit, Nut & Seed Snacks",3,14,4,VND-036,PANKAJ ENTERPRISES - Region Alpha,200000,VALUE,600,300,2.0,4920.0,342,"{""sellable"": null, ""contingency"": 300.0, ""pending_putaway"": 42.0, ""under_transfer"": 300.0}",37,0.043,17/03/26,{},300,0.0,0.0,0,17,0,0.0,0.0,N/A,10.59,7.29,Band C,9.243243243243244,642,18,666,24,0,0,1,92,642
FC-001,Packaged Foods,Kellogg's India Private Limited,FC-Alpha,SKU-00420,"Kellogg's Chocos Crunchy Bites, 22.5g Pack",Chocos,2,15,5,VND-071,Daksh Enterprises - Region Epsilon,40000,VALUE,512,256,2.0,4403.0,330,"{""sellable"": 330.0, ""contingency"": null, ""pending_putaway"": null, ""under_transfer"": null}",8,0.026,,{},0,0.0,0.0,0,41,0,0.0,0.0,N/A,10.81,9.4,Band C,41.25,330,20,160,0,182,0,0,17,330
FC-001,"Biscuit, Confectionary & Snacks",Haldiram Snacks Pvt Ltd,FC-Alpha,SKU-00906,"Haldiram's Navrattan Mixture, 42g Pack",Mixtures,3,14,4,VND-036,PANKAJ ENTERPRISES - Region Alpha,200000,VALUE,600,300,2.0,4920.0,0,"{""sellable"": null, ""contingency"": null, ""pending_putaway"": null, ""under_transfer"": null}",120,0.045,17/03/26,{},600,0.0,0.0,0,5,0,0.0,0.0,N/A,9.02,8.08,Band B,0.0,600,18,2160,1560,0,0,6,83,600
FC-001,Packaged Foods,Kellogg's India Private Limited,FC-Alpha,SKU-00428,"Kellogg's Chocos, 9g Pack",Chocos,2,15,5,VND-071,Daksh Enterprises - Region Epsilon,40000,VALUE,1536,256,6.0,6605.0,1145,"{""sellable"": 1129.0, ""contingency"": null, ""pending_putaway"": 16.0, ""under_transfer"": null}",74,0.0132,,{},0,0.0,0.0,256,18,1,1249.28,0.0034,FAIL,5.27,4.88,Band B,15.472972972972974,1145,20,1480,335,391,1,2,33,1401
FC-001,"Biscuit, Confectionary & Snacks",Haldiram Snacks Pvt Ltd,FC-Alpha,SKU-00907,"Haldiram's Aloo Bhujia, 20g Pack",Namkeens,3,16,4,VND-036,PANKAJ ENTERPRISES - Region Alpha,200000,VALUE,3024,504,6.0,12398.0,267,"{""sellable"": 267.0, ""contingency"": null, ""pending_putaway"": null, ""under_transfer"": null}",536,0.02,17/03/26,{},2520,0.0,0.0,0,5,0,0.0,0.0,N/A,4.63,3.94,Band A,0.498134328358209,2787,20,10720,7933,237,0,16,101,2787
FC-001,Packaged Foods,Kellogg's India Private Limited,FC-Alpha,SKU-00429,"Kellogg's Chocos, Duet, 22.5g Pack",Chocos,2,15,5,VND-071,Daksh Enterprises - Region Epsilon,40000,VALUE,512,256,2.0,4403.0,492,"{""sellable"": 492.0, ""contingency"": null, ""pending_putaway"": null, ""under_transfer"": null}",8,0.026,,{},0,0.0,0.0,0,61,0,0.0,0.0,N/A,8.73,7.5,Band C,61.5,492,20,160,0,20,0,0,21,492
FC-001,"Biscuit, Confectionary & Snacks",Haldiram Snacks Pvt Ltd,FC-Alpha,SKU-00935,"Haldiram's Classic Salted Peanuts, 18g Pack",Namkeens,3,14,4,VND-036,PANKAJ ENTERPRISES - Region Alpha,200000,VALUE,2016,504,4.0,8266.0,0,"{""sellable"": null, ""contingency"": null, ""pending_putaway"": null, ""under_transfer"": null}",346,0.02,17/03/26,{},2016,0.0,0.0,0,5,0,0.0,0.0,N/A,5.32,4.5,Band B,0.0,2016,18,6228,4212,0,0,9,89,2016
FC-001,Packaged Foods,Kellogg's India Private Limited,FC-Alpha,SKU-00505,"Kellogg's Chocos, 22.5g Pack",Chocos,2,15,5,VND-071,Daksh Enterprises - Region Epsilon,40000,VALUE,2048,256,8.0,17613.0,1680,"{""sellable"": 832.0, ""contingency"": 832.0, ""pending_putaway"": 16.0, ""under_transfer"": 832.0}",141,0.024,,{},0,0.0,0.0,256,13,1,2501.12,0.0061,FAIL,11.05,9.77,Band A,11.914893617021276,1680,20,2820,1140,368,1,5,16,1936
FC-001,"Biscuit, Confectionary & Snacks",Haldiram Snacks Pvt Ltd,FC-Alpha,SKU-00936,"Haldiram's Punjabi Tadka, 20g Pack",Namkeens,3,16,4,VND-036,PANKAJ ENTERPRISES - Region Alpha,200000,VALUE,5651,504,11.0,23169.0,15,"{""sellable"": 3.0, ""contingency"": null, ""pending_putaway"": 12.0, ""under_transfer"": null}",537,0.02,17/03/26,{},5544,0.0,0.0,0,10,0,0.0,0.0,N/A,4.67,4.43,Band A,0.027932960893854747,5559,20,10740,5181,92,0,11,90,5559
FC-001,Packaged Foods,Kellogg's India Private Limited,FC-Alpha,SKU-00509,"Kellogg's Chocos, Moons & Stars, 22.5g Pack",Chocos,2,15,5,VND-071,Daksh Enterprises - Region Epsilon,40000,VALUE,512,256,2.0,4403.0,478,"{""sellable"": 384.0, ""contingency"": 28.0, ""pending_putaway"": 66.0, ""under_transfer"": 28.0}",15,0.026,,{},0,0.0,0.0,0,31,0,0.0,0.0,N/A,9.99,8.66,Band C,31.866666666666667,478,20,300,0,34,0,0,19,478
FC-001,Packaged Foods,Kellogg's India Private Limited,FC-Alpha,SKU-00516,"Kellogg's Corn Flakes, Real Strawberry, 24g Pack",Cornflakes,2,15,5,VND-071,Daksh Enterprises - Region Epsilon,40000,VALUE,384,192,2.0,3302.0,322,"{""sellable"": 322.0, ""contingency"": null, ""pending_putaway"": null, ""under_transfer"": null}",6,0.028,,{},0,0.0,0.0,0,53,0,0.0,0.0,N/A,9.94,8.08,Band C,53.666666666666664,322,20,120,0,62,0,0,26,322
FC-001,"Biscuit, Confectionary & Snacks",Haldiram Snacks Pvt Ltd,FC-Alpha,SKU-00950,"Haldiram's Classic Nut Cracker, 18g Pack","Fruit, Nut & Seed Snacks",3,16,4,VND-036,PANKAJ ENTERPRISES - Region Alpha,200000,VALUE,2016,504,4.0,8266.0,383,"{""sellable"": 383.0, ""contingency"": null, ""pending_putaway"": null, ""under_transfer"": null}",351,0.02,17/03/26,{},1512,0.0,0.0,0,5,0,0.0,0.0,N/A,5.08,4.08,Band B,1.0911680911680912,1895,20,7020,5125,121,0,11,98,1895
FC-001,Packaged Foods,Kellogg's India Private Limited,FC-Alpha,SKU-00616,"Kellogg's Corn Flakes, Original, 250g Box",Cornflakes,2,15,5,VND-071,Daksh Enterprises - Region Epsilon,40000,VALUE,32,16,2.0,3238.0,5,"{""sellable"": 5.0, ""contingency"": null, ""pending_putaway"": null, ""under_transfer"": null}",1,0.326,,{},0,0.0,0.0,16,21,1,1413.6,0.0052,FAIL,118.19,88.35,Band C,5.0,5,20,20,15,27,1,1,29,21
FC-001,"Biscuit, Confectionary & Snacks",Haldiram Snacks Pvt Ltd,FC-Alpha,SKU-00951,"Haldiram's Navrattan Mixture, 20g Pack",Mixtures,3,16,4,VND-036,PANKAJ ENTERPRISES - Region Alpha,200000,VALUE,2030,504,4.0,8323.0,483,"{""sellable"": 468.0, ""contingency"": null, ""pending_putaway"": 12.0, ""under_transfer"": null}",328,0.02,17/03/26,{},1512,0.0,0.0,0,6,0,0.0,0.0,N/A,4.88,3.8,Band B,1.4725609756097562,1995,20,6560,4565,35,0,10,105,1995
FC-001,Packaged Foods,Kellogg's India Private Limited,FC-Alpha,SKU-00840,"Kellogg's Muesli, Fruit, Nut & Seeds, 240g Standup Pouch",Muesli,2,12,4,VND-071,Daksh Enterprises - Region Epsilon,40000,VALUE,108,36,3.0,16822.0,107,"{""sellable"": 107.0, ""contingency"": null, ""pending_putaway"": null, ""under_transfer"": null}",1,0.28,,{},0,0.0,0.0,0,107,0,0.0,0.0,N/A,194.24,155.79,,107.0,107,16,16,0,1,0,0,8,107
FC-001,"Biscuit, Confectionary & Snacks",Haldiram Snacks Pvt Ltd,FC-Alpha,SKU-00952,"Haldiram's Lite Mixture, 25g Pack",Mixtures,3,14,4,VND-036,PANKAJ ENTERPRISES - Region Alpha,200000,VALUE,1440,504,3.0,5904.0,18,"{""sellable"": 18.0, ""contingency"": null, ""pending_putaway"": null, ""under_transfer"": null}",139,0.018,17/03/26,{},1008,0.0,0.0,0,7,0,0.0,0.0,N/A,4.78,3.65,Band B,0.12949640287769784,1026,18,2502,1476,414,0,3,109,1026
FC-001,Packaged Foods,Kellogg's India Private Limited,FC-Alpha,SKU-00894,"Kellogg's Corn Flakes, Original, 260g Pack",Cornflakes,2,15,5,VND-071,Daksh Enterprises - Region Epsilon,40000,VALUE,45,15,3.0,3485.0,2,"{""sellable"": 2.0, ""contingency"": null, ""pending_putaway"": null, ""under_transfer"": null}",3,0.275,,{},0,0.0,0.0,30,10,2,2528.4,0.0082,FAIL,96.92,84.28,Band C,0.6666666666666666,2,20,60,58,43,2,4,32,32
FC-001,Packaged Foods,Kellogg's India Private Limited,FC-Alpha,SKU-00957,"Kellogg's Oats, 400g Pack",Oatmeal,2,15,5,VND-071,Daksh Enterprises - Region Epsilon,40000,VALUE,72,24,3.0,5639.0,54,"{""sellable"": 54.0, ""contingency"": null, ""pending_putaway"": null, ""under_transfer"": null}",2,0.413,,{},0,0.0,0.0,0,27,0,0.0,0.0,N/A,93.75,83.19,Band C,27.0,54,20,40,0,18,0,0,21,54
FC-001,Packaged Foods,Kellogg's India Private Limited,FC-Alpha,SKU-00963,"Kellogg's Multigrain Chocos Chhota Laddoo, 22.5g Pack",Chocos,2,15,5,VND-071,Daksh Enterprises - Region Epsilon,40000,VALUE,768,256,3.0,6605.0,542,"{""sellable"": 533.0, ""contingency"": null, ""pending_putaway"": null, ""under_transfer"": null}",11,0.035,,{},0,0.0,0.0,0,49,0,0.0,0.0,N/A,10.2,7.44,Band C,49.27272727272727,542,20,220,0,226,0,0,22,542
FC-001,Packaged Foods,Kellogg's India Private Limited,FC-Alpha,SKU-01010,"Kellogg's Multigrain Chocos Fills, 160g Standup Pouch",Chocos,2,15,5,VND-071,Daksh Enterprises - Region Epsilon,40000,VALUE,96,48,2.0,7434.0,69,"{""sellable"": 67.0, ""contingency"": null, ""pending_putaway"": null, ""under_transfer"": null}",1,0.16,,{},0,0.0,0.0,0,69,0,0.0,0.0,N/A,81.85,67.52,Band C,69.0,69,20,20,0,27,0,0,13,69
FC-001,"Biscuit, Confectionary & Snacks",ITC,FC-Alpha,SKU-00036,"Bingo! Tedhe Medhe, Chatpata Twist, 20Rs Pack",Namkeens,3,15,4,VND-068,ITC Limited - Region Epsilon,200000,VALUE,192,48,4.0,3170.0,0,"{""sellable"": null, ""contingency"": null, ""pending_putaway"": null, ""under_transfer"": null}",0,0.0,18/03/26,"{""open_po_1"": {""promise_date"": ""2026-03-18"", ""orderedquantity"": 192.0, ""order_item_amount"": 3169.92, ""open_po_cases"": 4.0, ""mrp"": 20.0, ""price_per_unit"": 16.51, ""order_id"": ""PO-00060"", ""po_raising_drr"": 0.0, ""po_raising_total_space"": 192.0, ""po_raising_final_available_space"": 192.0, ""order_date"": ""2026-03-14""}}",192,3170.0,4.0,0,0,0,0.0,0.0,N/A,21.7,18.87,,0.0,192,19,0,0,0,0,0,0,192
FC-001,"Biscuit, Confectionary & Snacks",ITC,FC-Alpha,SKU-00052,"Sunfeast Dark Fantasy Choco Rolls, 180g Box (20Pcs x 9g)",Wafers,3,15,4,VND-068,ITC Limited - Region Epsilon,200000,VALUE,48,24,2.0,3823.0,42,"{""sellable"": 42.0, ""contingency"": null, ""pending_putaway"": null, ""under_transfer"": null}",1,0.198,,{},0,0.0,0.0,0,42,0,0.0,0.0,N/A,195.87,86.86,Band C,42.0,42,19,19,0,6,0,0,96,42
FC-001,"Biscuit, Confectionary & Snacks",ITC,FC-Alpha,SKU-00087,"Bingo! Tedhe Medhe, Chatpata Twist, 25g Pack",Rings & Puffed Snacks,3,13,5,VND-068,ITC Limited - Region Epsilon,200000,VALUE,720,240,3.0,3146.0,156,"{""sellable"": 156.0, ""contingency"": null, ""pending_putaway"": null, ""under_transfer"": null}",181,0.025,18/03/26,"{""open_po_1"": {""promise_date"": ""2026-03-18"", ""orderedquantity"": 720.0, ""order_item_amount"": 3146.4, ""open_po_cases"": 3.0, ""mrp"": 5.0, ""price_per_unit"": 4.37, ""order_id"": ""PO-00060"", ""po_raising_drr"": 164.0, ""po_raising_total_space"": 720.0, ""po_raising_final_available_space"": 720.0, ""order_date"": ""2026-03-14""}}",720,3146.0,3.0,0,4,0,0.0,0.0,N/A,5.31,4.97,Band B,0.861878453038674,876,18,3258,2382,0,0,10,168,876
FC-001,"Biscuit, Confectionary & Snacks",ITC,FC-Alpha,SKU-00106,"Sunfeast Fantastik Roast Almond Chocolate, 34g Pack",Chocolate,3,15,4,VND-068,ITC Limited - Region Epsilon,200000,VALUE,576,192,3.0,11808.0,0,"{""sellable"": null, ""contingency"": null, ""pending_putaway"": null, ""under_transfer"": null}",0,0.0,18/03/26,"{""open_po_1"": {""promise_date"": ""2026-03-18"", ""orderedquantity"": 576.0, ""order_item_amount"": 11808.0, ""open_po_cases"": 3.0, ""mrp"": 50.0, ""price_per_unit"": 20.5, ""order_id"": ""PO-00060"", ""po_raising_drr"": 0.0, ""po_raising_total_space"": 576.0, ""po_raising_final_available_space"": 576.0, ""order_date"": ""2026-03-14""}}",576,11808.0,3.0,0,0,0,0.0,0.0,N/A,49.61,20.43,,0.0,576,19,0,0,0,0,0,0,576
FC-001,"Biscuit, Confectionary & Snacks",ITC,FC-Alpha,SKU-00114,"Sunfeast Fantastik Fruit 'N' Nut Chocolate, 34g Pack",Chocolate,3,15,4,VND-068,ITC Limited - Region Epsilon,200000,VALUE,576,192,3.0,11808.0,0,"{""sellable"": null, ""contingency"": null, ""pending_putaway"": null, ""under_transfer"": null}",0,0.0,18/03/26,"{""open_po_1"": {""promise_date"": ""2026-03-18"", ""orderedquantity"": 576.0, ""order_item_amount"": 11808.0, ""open_po_cases"": 3.0, ""mrp"": 50.0, ""price_per_unit"": 20.5, ""order_id"": ""PO-00060"", ""po_raising_drr"": 0.0, ""po_raising_total_space"": 576.0, ""po_raising_final_available_space"": 576.0, ""order_date"": ""2026-03-14""}}",576,11808.0,3.0,0,0,0,0.0,0.0,N/A,43.97,18.1,,0.0,576,19,0,0,0,0,0,0,576
FC-001,"Biscuit, Confectionary & Snacks",ITC,FC-Alpha,SKU-00135,"Bingo! Tedhe Medhe, Xtraa Teekha, 75g Pack",Namkeens,3,15,4,VND-068,ITC Limited - Region Epsilon,200000,VALUE,192,48,4.0,3170.0,155,"{""sellable"": 155.0, ""contingency"": null, ""pending_putaway"": null, ""under_transfer"": null}",8,0.084,,{},0,0.0,0.0,0,19,0,0.0,0.0,N/A,19.95,16.75,,19.375,155,19,152,0,37,0,0,249,155
FC-001,"Biscuit, Confectionary & Snacks",ITC,FC-Alpha,SKU-00137,"Bingo! Tedhe Medhe, Xtraa Teekha, 16g Pack",Rings & Puffed Snacks,3,13,5,VND-068,ITC Limited - Region Epsilon,200000,VALUE,1200,240,5.0,5244.0,130,"{""sellable"": 97.0, ""contingency"": 33.0, ""pending_putaway"": null, ""under_transfer"": 33.0}",301,0.016,18/03/26,"{""open_po_1"": {""promise_date"": ""2026-03-18"", ""orderedquantity"": 1200.0, ""order_item_amount"": 5244.0, ""open_po_cases"": 5.0, ""mrp"": 5.0, ""price_per_unit"": 4.37, ""order_id"": ""PO-00060"", ""po_raising_drr"": 280.0, ""po_raising_total_space"": 1200.0, ""po_raising_final_available_space"": 1200.0, ""order_date"": ""2026-03-14""}}",1200,5244.0,5.0,0,4,0,0.0,0.0,N/A,4.96,4.31,Band B,0.4318936877076412,1330,18,5418,4088,0,0,18,194,1330
FC-001,"Biscuit, Confectionary & Snacks",ITC,FC-Alpha,SKU-00148,"Sunfeast Fantastik Choco Almond Chocolate, 15g Pack",Chocolate,3,19,4,VND-068,ITC Limited - Region Epsilon,200000,VALUE,1584,288,6.0,13337.0,834,"{""sellable"": 834.0, ""contingency"": null, ""pending_putaway"": null, ""under_transfer"": null}",135,0.015,18/03/26,"{""open_po_1"": {""promise_date"": ""2026-03-18"", ""orderedquantity"": 576.0, ""order_item_amount"": 4849.92, ""open_po_cases"": 2.0, ""mrp"": 10.0, ""price_per_unit"": 8.42, ""order_id"": ""PO-00060"", ""po_raising_drr"": 129.0, ""po_raising_total_space"": 1584.0, ""po_raising_final_available_space"": 834.0, ""order_date"": ""2026-03-14""}}",576,4850.0,2.0,0,10,0,0.0,0.0,N/A,10.68,9.29,Band A,6.177777777777778,1410,23,3105,1695,174,0,6,75,1410
FC-001,"Biscuit, Confectionary & Snacks",ITC,FC-Alpha,SKU-00160,"Candyman Tadka Soft Masala Candy, Green Mango, 10g Pack",Candies,3,17,4,VND-068,ITC Limited - Region Epsilon,200000,VALUE,860,432,2.0,3148.0,395,"{""sellable"": 371.0, ""contingency"": null, ""pending_putaway"": 24.0, ""under_transfer"": null}",40,0.011,,{},0,0.0,0.0,432,20,1,1391.04,0.0048,FAIL,4.9,3.22,Band C,9.875,395,21,840,445,465,1,2,144,827
FC-001,"Biscuit, Confectionary & Snacks",ITC,FC-Alpha,SKU-00242,"Sunfeast Mom's Magic Biscuits, Butter, 25g Pack",Cookies,3,17,4,VND-068,ITC Limited - Region Epsilon,200000,VALUE,2880,180,16.0,11146.0,1345,"{""sellable"": 1283.0, ""contingency"": null, ""pending_putaway"": 60.0, ""under_transfer"": null}",347,0.035,18/03/26,"{""open_po_1"": {""promise_date"": ""2026-03-18"", ""orderedquantity"": 720.0, ""order_item_amount"": 2786.4, ""open_po_cases"": 4.0, ""mrp"": 4.5, ""price_per_unit"": 3.87, ""order_id"": ""PO-00060"", ""po_raising_drr"": 219.0, ""po_raising_total_space"": 2880.0, ""po_raising_final_available_space"": 848.0, ""order_date"": ""2026-03-14""}}",720,2786.0,4.0,720,8,4,2779.2,0.0252,FAIL,4.36,3.86,Band A,3.876080691642651,2065,21,7287,5222,815,4,30,288,2785
FC-001,"Biscuit, Confectionary & Snacks",ITC,FC-Alpha,SKU-00264,"Sunfeast Caker Swiss Roll, Choco, 21.6g Pack",Cakes,3,17,4,VND-068,ITC Limited - Region Epsilon,200000,VALUE,1152,288,4.0,8801.0,156,"{""sellable"": 156.0, ""contingency"": null, ""pending_putaway"": null, ""under_transfer"": null}",158,0.023,18/03/26,"{""open_po_1"": {""promise_date"": ""2026-03-18"", ""orderedquantity"": 576.0, ""order_item_amount"": 4400.64, ""open_po_cases"": 2.0, ""mrp"": 9.0, ""price_per_unit"": 7.640000000000001, ""order_id"": ""PO-00060"", ""po_raising_drr"": 117.0, ""po_raising_total_space"": 1152.0, ""po_raising_final_available_space"": 819.0, ""order_date"": ""2026-03-14""}}",576,4401.0,2.0,288,6,1,1969.92,0.0066,FAIL,9.31,6.84,Band A,0.9873417721518988,732,21,3318,2586,420,1,9,102,1020
FC-001,"Biscuit, Confectionary & Snacks",ITC,FC-Alpha,SKU-00317,"Bingo! Mad Angles Pizza Aaaah, 36.5g Pack",Chips,3,13,5,VND-068,ITC Limited - Region Epsilon,200000,VALUE,120,120,1.0,1049.0,0,"{""sellable"": null, ""contingency"": null, ""pending_putaway"": null, ""under_transfer"": null}",40,0.0365,18/03/26,"{""open_po_1"": {""promise_date"": ""2026-03-18"", ""orderedquantity"": 120.0, ""order_item_amount"": 1048.8, ""open_po_cases"": 1.0, ""mrp"": 10.0, ""price_per_unit"": 8.74, ""order_id"": ""PO-00060"", ""po_raising_drr"": 82.0, ""po_raising_total_space"": 120.0, ""po_raising_final_available_space"": 120.0, ""order_date"": ""2026-03-14""}}",120,1049.0,1.0,0,3,0,0.0,0.0,N/A,10.41,8.28,Band C,0.0,120,18,720,600,0,0,5,202,120
FC-001,"Biscuit, Confectionary & Snacks",ITC,FC-Alpha,SKU-00377,"Sunfeast Bounce Creme Biscuits, Choco Creme, 58g Pack",Cream Biscuits,3,17,4,VND-068,ITC Limited - Region Epsilon,200000,VALUE,192,96,2.0,1494.0,0,"{""sellable"": null, ""contingency"": null, ""pending_putaway"": null, ""under_transfer"": null}",23,0.06,18/03/26,"{""open_po_1"": {""promise_date"": ""2026-03-18"", ""orderedquantity"": 192.0, ""order_item_amount"": 1493.76, ""open_po_cases"": 2.0, ""mrp"": 9.0, ""price_per_unit"": 7.78, ""order_id"": ""PO-00060"", ""po_raising_drr"": 33.0, ""po_raising_total_space"": 192.0, ""po_raising_final_available_space"": 192.0, ""order_date"": ""2026-03-14""}}",192,1494.0,2.0,0,8,0,0.0,0.0,N/A,9.58,8.33,Band C,0.0,192,21,483,291,0,0,4,251,192
FC-001,"Biscuit, Confectionary & Snacks",ITC,FC-Alpha,SKU-00483,"Sunfeast Mom's Magic Cookies, Cashew & Almond, 28g Pack",Cookies,3,19,4,VND-068,ITC Limited - Region Epsilon,200000,VALUE,6732,180,37.0,26322.0,3256,"{""sellable"": 2806.0, ""contingency"": 53.0, ""pending_putaway"": 397.0, ""under_transfer"": 53.0}",823,0.034,18/03/26,"{""open_po_1"": {""promise_date"": ""2026-03-18"", ""orderedquantity"": 3240.0, ""order_item_amount"": 12668.4, ""open_po_cases"": 18.0, ""mrp"": 4.5, ""price_per_unit"": 3.9099999999999997, ""order_id"": ""PO-00060"", ""po_raising_drr"": 671.0, ""po_raising_total_space"": 6732.0, ""po_raising_final_available_space"": 3328.0, ""order_date"": ""2026-03-14""}}",3240,12668.0,18.0,180,8,1,698.4,0.0061,FAIL,4.33,3.88,Band A,3.9562575941676794,6496,23,18929,12433,236,1,70,287,6676
FC-001,"Biscuit, Confectionary & Snacks",ITC,FC-Alpha,SKU-00563,"Sunfeast Bounce Creme Biscuits, Choco Creme, 32g Pack",Cream Biscuits,3,19,4,VND-068,ITC Limited - Region Epsilon,200000,VALUE,12816,144,89.0,49854.0,7287,"{""sellable"": 7203.0, ""contingency"": null, ""pending_putaway"": 72.0, ""under_transfer"": null}",1454,0.0365,18/03/26,"{""open_po_1"": {""promise_date"": ""2026-03-18"", ""orderedquantity"": 9216.0, ""order_item_amount"": 35850.24, ""open_po_cases"": 64.0, ""mrp"": 4.5, ""price_per_unit"": 3.8899999999999997, ""order_id"": ""PO-00060"", ""po_raising_drr"": 1848.0, ""po_raising_total_space"": 12816.0, ""po_raising_final_available_space"": 9355.0, ""order_date"": ""2026-03-14""}}",9216,35850.0,64.0,0,11,0,0.0,0.0,N/A,4.67,3.75,Band A,5.011691884456671,16503,23,33442,16939,0,0,118,371,16503
FC-001,"Biscuit, Confectionary & Snacks",ITC,FC-Alpha,SKU-00574,"Sunfeast Dark Fantasy Choco Fills, 75g Box",Cream Biscuits,3,17,4,VND-068,ITC Limited - Region Epsilon,200000,VALUE,240,120,2.0,7414.0,60,"{""sellable"": 31.0, ""contingency"": null, ""pending_putaway"": 29.0, ""under_transfer"": null}",27,0.09,18/03/26,"{""open_po_1"": {""promise_date"": ""2026-03-18"", ""orderedquantity"": 120.0, ""order_item_amount"": 3706.8, ""open_po_cases"": 1.0, ""mrp"": 35.0, ""price_per_unit"": 30.89, ""order_id"": ""PO-00060"", ""po_raising_drr"": 12.0, ""po_raising_total_space"": 240.0, ""po_raising_final_available_space"": 151.0, ""order_date"": ""2026-03-14""}}",120,3707.0,1.0,0,6,0,0.0,0.0,N/A,35.03,29.91,Band B,2.2222222222222223,180,21,567,387,60,0,4,56,180
FC-001,"Biscuit, Confectionary & Snacks",ITC,FC-Alpha,SKU-00575,"Sunfeast Bounce Creme Biscuits, Elaichi, 32g Pack",Cream Biscuits,3,19,4,VND-068,ITC Limited - Region Epsilon,200000,VALUE,7632,144,53.0,29688.0,432,"{""sellable"": null, ""contingency"": 432.0, ""pending_putaway"": null, ""under_transfer"": 432.0}",466,0.034,18/03/26,"{""open_po_1"": {""promise_date"": ""2026-03-18"", ""orderedquantity"": 7632.0, ""order_item_amount"": 29688.48, ""open_po_cases"": 53.0, ""mrp"": 4.5, ""price_per_unit"": 3.89, ""order_id"": ""PO-00060"", ""po_raising_drr"": 662.0, ""po_raising_total_space"": 7632.0, ""po_raising_final_available_space"": 7632.0, ""order_date"": ""2026-03-14""}}",7632,29688.0,53.0,0,17,0,0.0,0.0,N/A,4.98,3.84,Band A,0.927038626609442,8064,23,10718,2654,0,0,19,362,8064
FC-001,"Biscuit, Confectionary & Snacks",ITC,FC-Alpha,SKU-00576,"Sunfeast Bounce Creme Biscuits, Orange with Added Glucose, 32g Pack",Cream Biscuits,3,19,4,VND-068,ITC Limited - Region Epsilon,200000,VALUE,31104,144,216.0,120995.0,18962,"{""sellable"": 18842.0, ""contingency"": null, ""pending_putaway"": 120.0, ""under_transfer"": null}",1411,0.035,18/03/26,"{""open_po_1"": {""promise_date"": ""2026-03-18"", ""orderedquantity"": 8064.0, ""order_item_amount"": 31368.96, ""open_po_cases"": 56.0, ""mrp"": 4.5, ""price_per_unit"": 3.8899999999999997, ""order_id"": ""PO-00060"", ""po_raising_drr"": 1420.0, ""po_raising_total_space"": 31104.0, ""po_raising_final_available_space"": 8126.0, ""order_date"": ""2026-03-14""}}",8064,31369.0,56.0,4032,22,28,17015.04,0.1411,FAIL,4.71,4.22,Band A,13.438695960311836,27026,23,32453,5427,4078,28,38,330,31058
FC-001,"Biscuit, Confectionary & Snacks",ITC,FC-Alpha,SKU-00577,"Sunfeast Mom's Magic Cookies, Cashew & Almond, 50g Pack",Cookies,3,17,4,VND-068,ITC Limited - Region Epsilon,200000,VALUE,1296,84,15.0,10161.0,605,"{""sellable"": 564.0, ""contingency"": 41.0, ""pending_putaway"": null, ""under_transfer"": 41.0}",245,0.054,18/03/26,"{""open_po_1"": {""promise_date"": ""2026-03-18"", ""orderedquantity"": 840.0, ""order_item_amount"": 6585.6, ""open_po_cases"": 10.0, ""mrp"": 9.0, ""price_per_unit"": 7.840000000000001, ""order_id"": ""PO-00060"", ""po_raising_drr"": 185.0, ""po_raising_total_space"": 1296.0, ""po_raising_final_available_space"": 862.0, ""order_date"": ""2026-03-14""}}",840,6586.0,10.0,0,5,0,0.0,0.0,N/A,10.07,8.76,Band B,2.4693877551020407,1445,21,5145,3700,0,0,45,272,1445
FC-001,"Biscuit, Confectionary & Snacks",ITC,FC-Alpha,SKU-00812,"Sunfeast Bounce Cream Biscuits, Orange Creme, 58g Pack",Cream Biscuits,3,17,4,VND-068,ITC Limited - Region Epsilon,200000,VALUE,384,96,4.0,2988.0,0,"{""sellable"": null, ""contingency"": null, ""pending_putaway"": null, ""under_transfer"": null}",77,0.066,18/03/26,"{""open_po_1"": {""promise_date"": ""2026-03-18"", ""orderedquantity"": 384.0, ""order_item_amount"": 2987.52, ""open_po_cases"": 4.0, ""mrp"": 9.0, ""price_per_unit"": 7.78, ""order_id"": ""PO-00060"", ""po_raising_drr"": 70.0, ""po_raising_total_space"": 384.0, ""po_raising_final_available_space"": 384.0, ""order_date"": ""2026-03-14""}}",384,2988.0,4.0,0,4,0,0.0,0.0,N/A,10.17,8.84,Band C,0.0,384,21,1617,1233,0,0,13,236,384
FC-001,"Biscuit, Confectionary & Snacks",ITC,FC-Alpha,SKU-00837,"Sunfeast Dark Fantasy Choco Fills, 18g Box (2Pcs x 9g)",Cream Biscuits,3,19,4,VND-068,ITC Limited - Region Epsilon,200000,VALUE,1600,200,8.0,12448.0,650,"{""sellable"": 590.0, ""contingency"": null, ""pending_putaway"": 60.0, ""under_transfer"": null}",271,0.027,18/03/26,"{""open_po_1"": {""promise_date"": ""2026-03-18"", ""orderedquantity"": 1000.0, ""order_item_amount"": 7780.0, ""open_po_cases"": 5.0, ""mrp"": 9.0, ""price_per_unit"": 7.78, ""order_id"": ""PO-00060"", ""po_raising_drr"": 238.0, ""po_raising_total_space"": 1600.0, ""po_raising_final_available_space"": 1112.0, ""order_date"": ""2026-03-14""}}",1000,7780.0,5.0,0,6,0,0.0,0.0,N/A,9.38,8.45,Band A,2.3985239852398523,1650,23,6233,4583,0,0,23,119,1650
FC-001,"Biscuit, Confectionary & Snacks",ITC,FC-Alpha,SKU-00845,"Sunfeast Mom's Magic Cookies, Cashew & Almond, 200g Pack",Cookies,3,17,4,VND-068,ITC Limited - Region Epsilon,200000,VALUE,768,32,24.0,22756.0,423,"{""sellable"": 423.0, ""contingency"": null, ""pending_putaway"": null, ""under_transfer"": null}",40,0.2,18/03/26,"{""open_po_1"": {""promise_date"": ""2026-03-18"", ""orderedquantity"": 256.0, ""order_item_amount"": 7585.28, ""open_po_cases"": 8.0, ""mrp"": 40.0, ""price_per_unit"": 29.63, ""order_id"": ""PO-00060"", ""po_raising_drr"": 43.0, ""po_raising_total_space"": 768.0, ""po_raising_final_available_space"": 282.0, ""order_date"": ""2026-03-14""}}",256,7585.0,8.0,64,18,2,1791.36,0.0128,FAIL,34.32,27.99,Band A,10.575,679,21,840,161,89,2,6,224,743
FC-001,"Biscuit, Confectionary & Snacks",ITC,FC-Alpha,SKU-00960,"Jelimals Tasty Sparkles, 10g Pack",Jellies,3,17,4,VND-068,ITC Limited - Region Epsilon,200000,VALUE,864,432,2.0,3162.0,744,"{""sellable"": 672.0, ""contingency"": 72.0, ""pending_putaway"": null, ""under_transfer"": 72.0}",37,0.01,,{},0,0.0,0.0,0,20,0,0.0,0.0,N/A,5.13,3.87,Band C,20.10810810810811,744,21,777,33,120,0,1,120,744
FC-001,"Biscuit, Confectionary & Snacks",ITC,FC-Alpha,SKU-00978,"Bingo! Tedhe Medhe Masala Tadka, 10Rs Pack",Rings & Puffed Snacks,3,19,4,VND-068,ITC Limited - Region Epsilon,200000,VALUE,2040,120,17.0,17830.0,450,"{""sellable"": 427.0, ""contingency"": null, ""pending_putaway"": 23.0, ""under_transfer"": null}",252,0.033,18/03/26,"{""open_po_1"": {""promise_date"": ""2026-03-18"", ""orderedquantity"": 1320.0, ""order_item_amount"": 11536.8, ""open_po_cases"": 11.0, ""mrp"": 10.0, ""price_per_unit"": 8.74, ""order_id"": ""PO-00060"", ""po_raising_drr"": 233.0, ""po_raising_total_space"": 2040.0, ""po_raising_final_available_space"": 1413.0, ""order_date"": ""2026-03-14""}}",1320,11537.0,11.0,240,7,2,2059.2,0.0079,FAIL,11.32,8.58,Band A,1.7857142857142858,1770,23,5796,4026,270,2,34,195,2010
FC-001,"Biscuit, Confectionary & Snacks",ITC,FC-Alpha,SKU-00979,"Bingo! Tedhe Medhe Masala Tadka, 20g Pack",Rings & Puffed Snacks,3,19,4,VND-068,ITC Limited - Region Epsilon,200000,VALUE,7920,240,33.0,33422.0,4380,"{""sellable"": 4356.0, ""contingency"": null, ""pending_putaway"": 24.0, ""under_transfer"": null}",854,0.02,18/03/26,"{""open_po_1"": {""promise_date"": ""2026-03-18"", ""orderedquantity"": 4080.0, ""order_item_amount"": 17217.6, ""open_po_cases"": 17.0, ""mrp"": 5.0, ""price_per_unit"": 4.22, ""order_id"": ""PO-00060"", ""po_raising_drr"": 1023.0, ""po_raising_total_space"": 7920.0, ""po_raising_final_available_space"": 4941.0, ""order_date"": ""2026-03-14""}}",4080,17218.0,17.0,0,9,0,0.0,0.0,N/A,5.11,3.91,Band A,5.128805620608899,8460,23,19642,11182,0,0,47,214,8460
FC-001,"Biscuit, Confectionary & Snacks",ITC,FC-Alpha,SKU-01051,"Sunfeast Marie Light Biscuits, Active, 71.7g Pack",Marie Biscuits,3,17,4,VND-068,ITC Limited - Region Epsilon,200000,VALUE,144,72,2.0,1110.0,121,"{""sellable"": 117.0, ""contingency"": 4.0, ""pending_putaway"": null, ""under_transfer"": 4.0}",7,0.074,,{},0,0.0,0.0,0,17,0,0.0,0.0,N/A,8.7,8.5,Band C,17.285714285714285,121,21,147,26,23,0,1,327,121
FC-001,"Biscuit, Confectionary & Snacks",ITC,FC-Alpha,SKU-01061,"Sunfeast Marie Light Biscuits, Active, 41g Pack",Marie Biscuits,3,17,4,VND-068,ITC Limited - Region Epsilon,200000,VALUE,1152,144,8.0,4493.0,738,"{""sellable"": 726.0, ""contingency"": null, ""pending_putaway"": 12.0, ""under_transfer"": null}",108,0.04,18/03/26,"{""open_po_1"": {""promise_date"": ""2026-03-18"", ""orderedquantity"": 1008.0, ""order_item_amount"": 3931.2, ""open_po_cases"": 7.0, ""mrp"": 4.5, ""price_per_unit"": 3.9, ""order_id"": ""PO-00060"", ""po_raising_drr"": 223.0, ""po_raising_total_space"": 1152.0, ""po_raising_final_available_space"": 1150.0, ""order_date"": ""2026-03-14""}}",1008,3931.0,7.0,0,16,0,0.0,0.0,N/A,4.69,3.36,Band B,6.833333333333333,1746,21,2268,522,0,0,4,414,1746
FC-001,Packaged Foods,Kellogg's India Private Limited,FC-Alpha,SKU-01037,"Kellogg's Chocos, Moons & Stars, 9g Pack",Chocos,2,15,5,VND-071,Daksh Enterprises - Region Epsilon,40000,VALUE,512,256,2.0,1961.0,432,"{""sellable"": 416.0, ""contingency"": null, ""pending_putaway"": 16.0, ""under_transfer"": null}",19,0.013,,{},0,0.0,0.0,0,22,0,0.0,0.0,N/A,4.96,3.72,Band C,22.736842105263158,432,20,380,0,80,0,0,43,432
FC-001,Grounded Spices & Masalas,Duval Enterprises Pvt. Ltd,FC-Alpha,SKU-00063,"Snapin Pasta Masala, 7.5g Pack",Blended Spices,4,35,5,VND-023,Duval Enterprises Pvt Ltd - Region Gamma,40000,VALUE,2000,1000,2.0,13000.0,1775,"{""sellable"": 1775.0, ""contingency"": null, ""pending_putaway"": null, ""under_transfer"": null}",8,0.0075,,{},0,0.0,0.0,0,221,0,0.0,0.0,N/A,11.11,7.19,Band C,221.875,1775,40,320,0,225,0,0,6,1775
FC-001,Grounded Spices & Masalas,Duval Enterprises Pvt. Ltd,FC-Alpha,SKU-00072,"Snapin Street Schezwan Fried Rice Masala, 20g Pack",Ready Masala,4,35,5,VND-023,Duval Enterprises Pvt Ltd - Region Gamma,40000,VALUE,3000,1000,3.0,19500.0,0,"{""sellable"": null, ""contingency"": null, ""pending_putaway"": null, ""under_transfer"": null}",0,0.0,,{},0,0.0,0.0,0,0,0,0.0,0.0,N/A,10.06,6.83,,0.0,0,40,0,0,3000,3,0,0,0
FC-001,Grounded Spices & Masalas,Duval Enterprises Pvt. Ltd,FC-Alpha,SKU-00073,"Snapin Street Chowmein Hakka Noodles Masala, 20g Pack",Blended Spices,4,35,5,VND-023,Duval Enterprises Pvt Ltd - Region Gamma,40000,VALUE,2800,1000,3.0,18200.0,2533,"{""sellable"": 2533.0, ""contingency"": null, ""pending_putaway"": null, ""under_transfer"": null}",1,0.02,,{},0,0.0,0.0,0,2533,0,0.0,0.0,N/A,10.27,6.68,Band C,2533.0,2533,40,40,0,267,0,0,6,2533
FC-001,Packaged Foods,Duval Enterprises Pvt. Ltd,FC-Alpha,SKU-00064,"Snapin Piri Piri Mix, 10g Pack",Herbs & Seasonings,4,35,5,VND-023,Duval Enterprises Pvt Ltd - Region Gamma,40000,VALUE,3000,1000,3.0,19500.0,2363,"{""sellable"": 2363.0, ""contingency"": null, ""pending_putaway"": null, ""under_transfer"": null}",0,0.01,,{},0,0.0,0.0,0,0,0,0.0,0.0,N/A,10.24,6.96,Band C,0.0,2363,40,0,0,637,0,0,0,2363
FC-001,Packaged Foods,Duval Enterprises Pvt. Ltd,FC-Alpha,SKU-00065,"Snapin Pizza Seasoning Oregano, 7g Pack",Herbs & Seasonings,4,35,5,VND-023,Duval Enterprises Pvt Ltd - Region Gamma,40000,VALUE,5000,1000,5.0,32500.0,0,"{""sellable"": null, ""contingency"": null, ""pending_putaway"": null, ""under_transfer"": null}",0,0.0,,{},0,0.0,0.0,0,0,0,0.0,0.0,N/A,8.77,7.15,,0.0,0,40,0,0,5000,5,0,0,0
FC-001,Packaged Foods,Duval Enterprises Pvt. Ltd,FC-Alpha,SKU-00226,"Snapin Chili Flakes, 7g Pack",Herbs & Seasonings,4,35,5,VND-023,Duval Enterprises Pvt Ltd - Region Gamma,40000,VALUE,3000,1000,3.0,19500.0,1946,"{""sellable"": 1946.0, ""contingency"": null, ""pending_putaway"": null, ""under_transfer"": null}",6,0.007,,{},0,0.0,0.0,1000,491,1,6970.0,0.007,FAIL,11.13,6.97,Band C,324.3333333333333,1946,40,240,0,1054,1,0,6,2946
FC-001,Packaged Foods,Bambino Agro Industries Limited,FC-Alpha,SKU-00258,"Bambino Vermicelli, 85g Pack",Vermicelli,2,9,4,VND-024,FAZZLI AGRO INDIA PRIVATE LIMITED - Region Alpha,40000,VALUE,1080,180,6.0,8424.0,12,"{""sellable"": null, ""contingency"": null, ""pending_putaway"": 12.0, ""under_transfer"": null}",112,0.085,02/03/26,{},1440,0.0,0.0,0,12,0,0.0,0.0,N/A,8.56,7.74,Band B,0.10714285714285714,1452,13,1456,4,0,0,1,29,1452
FC-001,Packaged Foods,Bambino Agro Industries Limited,FC-Alpha,SKU-00273,"Bambino Thin And Roasted Vermicelli, 130g Pack",Vermicelli,2,10,5,VND-024,FAZZLI AGRO INDIA PRIVATE LIMITED - Region Alpha,40000,VALUE,280,70,4.0,4368.0,181,"{""sellable"": 181.0, ""contingency"": null, ""pending_putaway"": null, ""under_transfer"": null}",21,0.13,,{},0,0.0,0.0,70,11,1,1003.1,0.0091,FAIL,20.17,14.33,Band C,8.619047619047619,181,15,315,134,99,1,2,40,251
FC-001,Packaged Foods,Bambino Agro Industries Limited,FC-Alpha,SKU-00311,"Bambino Premium Vermicelli, 850g Pack",Vermicelli,2,9,4,VND-024,FAZZLI AGRO INDIA PRIVATE LIMITED - Region Alpha,40000,VALUE,18,18,1.0,1390.0,0,"{""sellable"": null, ""contingency"": null, ""pending_putaway"": null, ""under_transfer"": null}",0,0.87,,{},0,0.0,0.0,0,0,0,0.0,0.0,N/A,112.04,87.97,,0.0,0,13,0,0,18,1,0,0,0
FC-001,Packaged Foods,Bambino Agro Industries Limited,FC-Alpha,SKU-00329,"Bambino Roasted Vermicelli, 80g Pack",Vermicelli,2,15,4,VND-024,FAZZLI AGRO INDIA PRIVATE LIMITED - Region Alpha,40000,VALUE,8280,180,46.0,64584.0,5318,"{""sellable"": 5282.0, ""contingency"": null, ""pending_putaway"": 36.0, ""under_transfer"": null}",371,0.08,02/03/26,{},720,0.0,0.0,2160,22,12,17971.2,0.1728,FAIL,11.49,8.32,Band A,14.33423180592992,6038,19,7049,1011,2242,12,6,27,8198
FC-001,Packaged Foods,Bambino Agro Industries Limited,FC-Alpha,SKU-00347,"Bambino Roasted Vermicelli, 500g Standup Pouch",Vermicelli,2,9,4,VND-024,FAZZLI AGRO INDIA PRIVATE LIMITED - Region Alpha,40000,VALUE,45,45,1.0,2387.0,36,"{""sellable"": 36.0, ""contingency"": null, ""pending_putaway"": null, ""under_transfer"": null}",0,0.514,,{},0,0.0,0.0,0,0,0,0.0,0.0,N/A,73.45,58.93,Band C,0.0,36,13,0,0,9,0,0,0,36
FC-001,Packaged Foods,Bambino Agro Industries Limited,FC-Alpha,SKU-00348,"Bambino Premium Pasta, Spirali, 250g Pack",Pasta,2,9,4,VND-024,FAZZLI AGRO INDIA PRIVATE LIMITED - Region Alpha,40000,VALUE,144,48,3.0,5616.0,64,"{""sellable"": 64.0, ""contingency"": null, ""pending_putaway"": null, ""under_transfer"": null}",1,0.255,,{},0,0.0,0.0,48,112,1,1664.64,0.0122,FAIL,48.53,34.68,Band C,64.0,64,13,13,0,80,1,0,25,112
FC-001,Packaged Foods,Bambino Agro Industries Limited,FC-Alpha,SKU-00406,"Bambino Nutraawell Macaroni Pasta, Elbow, 850g Pack",Pasta,2,9,4,VND-024,FAZZLI AGRO INDIA PRIVATE LIMITED - Region Alpha,40000,VALUE,20,20,1.0,1747.0,17,"{""sellable"": 17.0, ""contingency"": null, ""pending_putaway"": null, ""under_transfer"": null}",0,0.863,,{},0,0.0,0.0,0,0,0,0.0,0.0,N/A,111.32,94.97,Band C,0.0,17,13,0,0,3,0,0,0,17
FC-001,Packaged Foods,Bambino Agro Industries Limited,FC-Alpha,SKU-00470,"Bambino Roasted Vermicelli, 850g Pack",Vermicelli,2,9,4,VND-024,FAZZLI AGRO INDIA PRIVATE LIMITED - Region Alpha,40000,VALUE,18,18,1.0,1811.0,13,"{""sellable"": 13.0, ""contingency"": null, ""pending_putaway"": null, ""under_transfer"": null}",0,0.868,,{},0,0.0,0.0,0,0,0,0.0,0.0,N/A,133.93,89.29,Band C,0.0,13,13,0,0,5,0,0,0,13
FC-001,Packaged Foods,Bambino Agro Industries Limited,FC-Alpha,SKU-00489,"Bambino Nutraawell Premium Pasta, Penne, 500g Pack",Pasta,2,9,4,VND-024,FAZZLI AGRO INDIA PRIVATE LIMITED - Region Alpha,40000,VALUE,144,36,4.0,10109.0,142,"{""sellable"": 142.0, ""contingency"": null, ""pending_putaway"": null, ""under_transfer"": null}",0,0.516,,{},0,0.0,0.0,0,0,0,0.0,0.0,N/A,100.09,76.4,Band C,0.0,142,13,0,0,2,0,0,0,142
FC-001,Packaged Foods,Bambino Agro Industries Limited,FC-Alpha,SKU-00490,"Bambino Nutraawell Premium Pasta, Penne, 250g Pack",Pasta,2,9,4,VND-024,FAZZLI AGRO INDIA PRIVATE LIMITED - Region Alpha,40000,VALUE,144,48,3.0,5616.0,63,"{""sellable"": 63.0, ""contingency"": null, ""pending_putaway"": null, ""under_transfer"": null}",1,0.255,,{},0,0.0,0.0,48,111,1,1746.24,0.0122,FAIL,57.26,36.38,Band C,63.0,63,13,13,0,81,1,0,23,111
FC-001,Packaged Foods,Bambino Agro Industries Limited,FC-Alpha,SKU-00491,"Bambino Nutraawell Premium Pasta, Spirali, 500g Pack",Pasta,2,9,4,VND-024,FAZZLI AGRO INDIA PRIVATE LIMITED - Region Alpha,40000,VALUE,96,36,3.0,6739.0,67,"{""sellable"": 67.0, ""contingency"": null, ""pending_putaway"": null, ""under_transfer"": null}",0,0.516,,{},0,0.0,0.0,0,0,0,0.0,0.0,N/A,97.24,78.14,Band C,0.0,67,13,0,0,29,0,0,0,67
FC-001,Packaged Foods,Bambino Agro Industries Limited,FC-Alpha,SKU-00550,"Bambino Popular Vermicelli, 400g Pack",Vermicelli,2,9,4,VND-024,FAZZLI AGRO INDIA PRIVATE LIMITED - Region Alpha,40000,VALUE,45,45,1.0,2036.0,20,"{""sellable"": 20.0, ""contingency"": null, ""pending_putaway"": null, ""under_transfer"": null}",0,0.403,,{},0,0.0,0.0,0,0,0,0.0,0.0,N/A,56.57,51.27,Band C,0.0,20,13,0,0,25,0,0,0,20
FC-001,"Biscuit, Confectionary & Snacks",Mondelez India Foods Private Limited,FC-Alpha,SKU-00324,"Cadbury Dairy Milk Crispello, 14.1g Pack",Chocolate,2,14,4,VND-005,SRI SAI TRADERS - Region Alpha,80000,VALUE,2400,480,5.0,20880.0,0,"{""sellable"": null, ""contingency"": null, ""pending_putaway"": null, ""under_transfer"": null}",490,0.014,18/03/26,{},2400,0.0,0.0,0,4,0,0.0,0.0,N/A,10.59,9.89,Band B,0.0,2400,18,8820,6420,0,0,14,17,2400
FC-001,"Biscuit, Confectionary & Snacks",Mondelez India Foods Private Limited,FC-Alpha,SKU-00324,"Cadbury Dairy Milk Crispello, 14.1g Pack",Chocolate,3,14,4,VND-049,Shiv Traders - Region Epsilon,120000,VALUE,2400,480,5.0,20880.0,0,"{""sellable"": null, ""contingency"": null, ""pending_putaway"": null, ""under_transfer"": null}",490,0.014,18/03/26,"{""open_po_1"": {""promise_date"": ""2026-03-18"", ""orderedquantity"": 2400.0, ""order_item_amount"": 20880.0, ""open_po_cases"": 5.0, ""mrp"": 10.0, ""price_per_unit"": 8.7, ""order_id"": ""PO-00040"", ""po_raising_drr"": 490.0, ""po_raising_total_space"": 2400.0, ""po_raising_final_available_space"": 2400.0, ""order_date"": ""2026-03-16""}}",2400,20880.0,5.0,0,4,0,0.0,0.0,N/A,10.39,9.32,Band B,0.0,2400,18,8820,6420,0,0,14,27,2400
FC-001,"Biscuit, Confectionary & Snacks",Mondelez India Foods Private Limited,FC-Alpha,SKU-00358,"Cadbury Gems, 24.97g Box",Chocolate,2,16,4,VND-005,SRI SAI TRADERS - Region Alpha,80000,VALUE,1536,768,2.0,13363.0,640,"{""sellable"": 640.0, ""contingency"": null, ""pending_putaway"": null, ""under_transfer"": null}",51,0.02,18/03/26,{},768,0.0,0.0,0,27,0,0.0,0.0,N/A,11.13,8.32,Band B,12.549019607843137,1408,20,1020,0,128,0,0,13,1408
FC-001,"Biscuit, Confectionary & Snacks",Mondelez India Foods Private Limited,FC-Alpha,SKU-00358,"Cadbury Gems, 24.97g Box",Chocolate,3,16,4,VND-049,Shiv Traders - Region Epsilon,120000,VALUE,1536,768,2.0,13363.0,640,"{""sellable"": 640.0, ""contingency"": null, ""pending_putaway"": null, ""under_transfer"": null}",51,0.02,18/03/26,"{""open_po_1"": {""promise_date"": ""2026-03-18"", ""orderedquantity"": 768.0, ""order_item_amount"": 6681.6, ""open_po_cases"": 1.0, ""mrp"": 10.0, ""price_per_unit"": 8.700000000000001, ""order_id"": ""PO-00040"", ""po_raising_drr"": 51.0, ""po_raising_total_space"": 1536.0, ""po_raising_final_available_space"": 947.0, ""order_date"": ""2026-03-16""}}",768,6682.0,1.0,0,27,0,0.0,0.0,N/A,10.71,8.17,Band B,12.549019607843137,1408,20,1020,0,128,0,0,20,1408
FC-001,"Biscuit, Confectionary & Snacks",Mondelez India Foods Private Limited,FC-Alpha,SKU-00476,"Cadbury Dairy Milk Crispello, 35g Pack",Chocolate,3,14,4,VND-049,Shiv Traders - Region Epsilon,120000,VALUE,224,224,1.0,5846.0,3,"{""sellable"": 3.0, ""contingency"": null, ""pending_putaway"": null, ""under_transfer"": null}",0,0.035,,{},0,0.0,0.0,0,0,0,0.0,0.0,N/A,32.73,24.92,,0.0,3,18,0,0,221,0,0,0,3
FC-001,"Biscuit, Confectionary & Snacks",Mondelez India Foods Private Limited,FC-Alpha,SKU-00477,"Cadbury Dairy Milk, 40g Pack",Chocolate,2,14,4,VND-005,SRI SAI TRADERS - Region Alpha,80000,VALUE,480,240,2.0,20640.0,0,"{""sellable"": null, ""contingency"": null, ""pending_putaway"": null, ""under_transfer"": null}",50,0.052,18/03/26,{},480,0.0,0.0,0,9,0,0.0,0.0,N/A,46.73,46.54,Band B,0.0,480,18,900,420,0,0,2,8,480
FC-001,"Biscuit, Confectionary & Snacks",Mondelez India Foods Private Limited,FC-Alpha,SKU-00477,"Cadbury Dairy Milk, 40g Pack",Chocolate,3,14,4,VND-049,Shiv Traders - Region Epsilon,120000,VALUE,480,240,2.0,16704.0,0,"{""sellable"": null, ""contingency"": null, ""pending_putaway"": null, ""under_transfer"": null}",50,0.052,18/03/26,"{""open_po_1"": {""promise_date"": ""2026-03-18"", ""orderedquantity"": 480.0, ""order_item_amount"": 16704.0, ""open_po_cases"": 2.0, ""mrp"": 40.0, ""price_per_unit"": 34.8, ""order_id"": ""PO-00040"", ""po_raising_drr"": 50.0, ""po_raising_total_space"": 480.0, ""po_raising_final_available_space"": 480.0, ""order_date"": ""2026-03-16""}}",480,16704.0,2.0,0,9,0,0.0,0.0,N/A,41.95,36.48,Band B,0.0,480,18,900,420,0,0,2,14,480
FC-001,"Biscuit, Confectionary & Snacks",Mondelez India Foods Private Limited,FC-Alpha,SKU-00552,"Cadbury 5 Star, 9.8g Pack",Chocolate,2,14,4,VND-005,SRI SAI TRADERS - Region Alpha,80000,VALUE,8313,972,9.0,36162.0,33,"{""sellable"": 33.0, ""contingency"": null, ""pending_putaway"": null, ""under_transfer"": null}",484,0.011,18/03/26,{},7776,0.0,0.0,0,16,0,0.0,0.0,N/A,5.38,3.94,Band B,0.06818181818181818,7809,18,8712,903,504,0,1,21,7809
FC-001,"Biscuit, Confectionary & Snacks",Mondelez India Foods Private Limited,FC-Alpha,SKU-00552,"Cadbury 5 Star, 9.8g Pack",Chocolate,3,14,4,VND-049,Shiv Traders - Region Epsilon,120000,VALUE,8313,972,9.0,36162.0,33,"{""sellable"": 33.0, ""contingency"": null, ""pending_putaway"": null, ""under_transfer"": null}",484,0.011,18/03/26,"{""open_po_1"": {""promise_date"": ""2026-03-18"", ""orderedquantity"": 7776.0, ""order_item_amount"": 33825.6, ""open_po_cases"": 8.0, ""mrp"": 5.0, ""price_per_unit"": 4.35, ""order_id"": ""PO-00040"", ""po_raising_drr"": 484.0, ""po_raising_total_space"": 8313.0, ""po_raising_final_available_space"": 8313.0, ""order_date"": ""2026-03-16""}}",7776,33826.0,8.0,0,16,0,0.0,0.0,N/A,5.46,3.92,Band B,0.06818181818181818,7809,18,8712,903,504,0,1,32,7809
FC-001,"Biscuit, Confectionary & Snacks",Mondelez India Foods Private Limited,FC-Alpha,SKU-00553,"Cadbury Dairy Milk, Crackle, 36g Pack",Chocolate,2,14,4,VND-005,SRI SAI TRADERS - Region Alpha,80000,VALUE,720,360,2.0,34056.0,37,"{""sellable"": 31.0, ""contingency"": null, ""pending_putaway"": 6.0, ""under_transfer"": null}",19,0.04,18/03/26,{},360,0.0,0.0,0,20,0,0.0,0.0,N/A,63.09,41.6,Band A,1.9473684210526316,397,18,342,0,323,0,0,6,397
FC-001,"Biscuit, Confectionary & Snacks",Mondelez India Foods Private Limited,FC-Alpha,SKU-00553,"Cadbury Dairy Milk, Crackle, 36g Pack",Chocolate,3,14,4,VND-049,Shiv Traders - Region Epsilon,120000,VALUE,720,360,2.0,28188.0,37,"{""sellable"": 31.0, ""contingency"": null, ""pending_putaway"": 6.0, ""under_transfer"": null}",19,0.04,18/03/26,"{""open_po_1"": {""promise_date"": ""2026-03-18"", ""orderedquantity"": 360.0, ""order_item_amount"": 14094.0, ""open_po_cases"": 1.0, ""mrp"": 45.0, ""price_per_unit"": 39.15, ""order_id"": ""PO-00040"", ""po_raising_drr"": 19.0, ""po_raising_total_space"": 720.0, ""po_raising_final_available_space"": 717.0, ""order_date"": ""2026-03-16""}}",360,14094.0,1.0,0,20,0,0.0,0.0,N/A,43.82,41.03,Band A,1.9473684210526316,397,18,342,0,323,0,0,9,397
FC-001,"Biscuit, Confectionary & Snacks",Mondelez India Foods Private Limited,FC-Alpha,SKU-00554,"Cadbury Dairy Milk, Fruit & Nut, 36g Pack",Chocolate,2,25,14,VND-005,SRI SAI TRADERS - Region Alpha,80000,VALUE,360,360,1.0,15300.0,309,"{""sellable"": 290.0, ""contingency"": 14.0, ""pending_putaway"": 5.0, ""under_transfer"": 14.0}",11,0.04,,{},0,0.0,0.0,0,28,0,0.0,0.0,N/A,48.08,45.87,Band B,28.09090909090909,309,39,429,120,51,0,1,5,309
FC-001,"Biscuit, Confectionary & Snacks",Mondelez India Foods Private Limited,FC-Alpha,SKU-00554,"Cadbury Dairy Milk, Fruit & Nut, 36g Pack",Chocolate,3,25,14,VND-049,Shiv Traders - Region Epsilon,120000,VALUE,360,360,1.0,14094.0,309,"{""sellable"": 290.0, ""contingency"": 14.0, ""pending_putaway"": 5.0, ""under_transfer"": 14.0}",11,0.04,,{},0,0.0,0.0,0,28,0,0.0,0.0,N/A,48.73,36.39,Band B,28.09090909090909,309,39,429,120,51,0,1,10,309
FC-001,"Biscuit, Confectionary & Snacks",Mondelez India Foods Private Limited,FC-Alpha,SKU-00555,"Cadbury Gems, 7.34g Pack",Chocolate,2,14,4,VND-005,SRI SAI TRADERS - Region Alpha,80000,VALUE,5114,1296,4.0,22246.0,44,"{""sellable"": 44.0, ""contingency"": null, ""pending_putaway"": null, ""under_transfer"": null}",398,0.008,18/03/26,{},3888,0.0,0.0,0,9,0,0.0,0.0,N/A,4.76,3.72,Band B,0.11055276381909548,3932,18,7164,3232,1182,0,3,17,3932
FC-001,"Biscuit, Confectionary & Snacks",Mondelez India Foods Private Limited,FC-Alpha,SKU-00555,"Cadbury Gems, 7.34g Pack",Chocolate,3,14,4,VND-049,Shiv Traders - Region Epsilon,120000,VALUE,5114,1296,4.0,22246.0,44,"{""sellable"": 44.0, ""contingency"": null, ""pending_putaway"": null, ""under_transfer"": null}",398,0.008,18/03/26,"{""open_po_1"": {""promise_date"": ""2026-03-18"", ""orderedquantity"": 3888.0, ""order_item_amount"": 16912.8, ""open_po_cases"": 3.0, ""mrp"": 5.0, ""price_per_unit"": 4.35, ""order_id"": ""PO-00040"", ""po_raising_drr"": 398.0, ""po_raising_total_space"": 5114.0, ""po_raising_final_available_space"": 5114.0, ""order_date"": ""2026-03-16""}}",3888,16913.0,3.0,0,9,0,0.0,0.0,N/A,5.65,3.8,Band B,0.11055276381909548,3932,18,7164,3232,1182,0,3,25,3932
FC-001,"Biscuit, Confectionary & Snacks",Mondelez India Foods Private Limited,FC-Alpha,SKU-00557,"Cadbury Perk Double, 20g Pack",Chocolate,2,14,4,VND-005,SRI SAI TRADERS - Region Alpha,80000,VALUE,1800,360,5.0,15660.0,60,"{""sellable"": null, ""contingency"": null, ""pending_putaway"": 60.0, ""under_transfer"": null}",154,0.028,18/03/26,{},1800,0.0,0.0,0,12,0,0.0,0.0,N/A,11.08,9.92,Band B,0.38961038961038963,1860,18,2772,912,0,0,3,23,1860
FC-001,"Biscuit, Confectionary & Snacks",Mondelez India Foods Private Limited,FC-Alpha,SKU-00557,"Cadbury Perk Double, 20g Pack",Chocolate,3,14,4,VND-049,Shiv Traders - Region Epsilon,120000,VALUE,1800,360,5.0,15660.0,60,"{""sellable"": null, ""contingency"": null, ""pending_putaway"": 60.0, ""under_transfer"": null}",154,0.028,18/03/26,"{""open_po_1"": {""promise_date"": ""2026-03-18"", ""orderedquantity"": 1800.0, ""order_item_amount"": 15660.0, ""open_po_cases"": 5.0, ""mrp"": 10.0, ""price_per_unit"": 8.7, ""order_id"": ""PO-00040"", ""po_raising_drr"": 154.0, ""po_raising_total_space"": 1800.0, ""po_raising_final_available_space"": 1800.0, ""order_date"": ""2026-03-16""}}",1800,15660.0,5.0,0,12,0,0.0,0.0,N/A,9.79,8.17,Band B,0.38961038961038963,1860,18,2772,912,0,0,3,41,1860
FC-001,"Biscuit, Confectionary & Snacks",Mondelez India Foods Private Limited,FC-Alpha,SKU-00591,"Cadbury Oreo Original, 41.75g Pack",Cream Biscuits,2,16,4,VND-005,SRI SAI TRADERS - Region Alpha,80000,VALUE,5400,120,45.0,46062.0,1722,"{""sellable"": 1686.0, ""contingency"": null, ""pending_putaway"": 36.0, ""under_transfer"": null}",425,0.045,18/03/26,{},3960,0.0,0.0,0,13,0,0.0,0.0,N/A,10.75,9.22,Band A,4.051764705882353,5682,20,8500,2818,0,0,24,73,5682
FC-001,"Biscuit, Confectionary & Snacks",Mondelez India Foods Private Limited,FC-Alpha,SKU-00591,"Cadbury Oreo Original, 41.75g Pack",Cream Biscuits,3,16,4,VND-049,Shiv Traders - Region Epsilon,120000,VALUE,5400,120,45.0,46980.0,1722,"{""sellable"": 1686.0, ""contingency"": null, ""pending_putaway"": 36.0, ""under_transfer"": null}",425,0.045,18/03/26,"{""open_po_1"": {""promise_date"": ""2026-03-18"", ""orderedquantity"": 3960.0, ""order_item_amount"": 34452.0, ""open_po_cases"": 33.0, ""mrp"": 10.0, ""price_per_unit"": 8.7, ""order_id"": ""PO-00040"", ""po_raising_drr"": 425.0, ""po_raising_total_space"": 5400.0, ""po_raising_final_available_space"": 4019.0, ""order_date"": ""2026-03-16""}}",3960,34452.0,33.0,0,13,0,0.0,0.0,N/A,10.76,9.03,Band A,4.051764705882353,5682,20,8500,2818,0,0,24,111,5682
FC-001,"Biscuit, Confectionary & Snacks",Mondelez India Foods Private Limited,FC-Alpha,SKU-00592,"Cadbury Oreo Choco Creme, 41.75g Pack",Cream Biscuits,2,16,4,VND-005,SRI SAI TRADERS - Region Alpha,80000,VALUE,840,120,7.0,7165.0,151,"{""sellable"": null, ""contingency"": 145.0, ""pending_putaway"": null, ""under_transfer"": 145.0}",447,0.046,18/03/26,{},840,0.0,0.0,0,2,0,0.0,0.0,N/A,8.81,8.23,Band A,0.3378076062639821,991,20,8940,7949,0,0,67,82,991
FC-001,"Biscuit, Confectionary & Snacks",Mondelez India Foods Private Limited,FC-Alpha,SKU-00592,"Cadbury Oreo Choco Creme, 41.75g Pack",Cream Biscuits,3,16,4,VND-049,Shiv Traders - Region Epsilon,120000,VALUE,840,120,7.0,7308.0,151,"{""sellable"": null, ""contingency"": 145.0, ""pending_putaway"": null, ""under_transfer"": 145.0}",447,0.046,18/03/26,"{""open_po_1"": {""promise_date"": ""2026-03-18"", ""orderedquantity"": 840.0, ""order_item_amount"": 7308.0, ""open_po_cases"": 7.0, ""mrp"": 10.0, ""price_per_unit"": 8.7, ""order_id"": ""PO-00040"", ""po_raising_drr"": 447.0, ""po_raising_total_space"": 840.0, ""po_raising_final_available_space"": 840.0, ""order_date"": ""2026-03-16""}}",840,7308.0,7.0,0,2,0,0.0,0.0,N/A,11.21,7.93,Band A,0.3378076062639821,991,20,8940,7949,0,0,67,127,991
FC-001,"Biscuit, Confectionary & Snacks",Mondelez India Foods Private Limited,FC-Alpha,SKU-00602,"Cadbury Dairy Milk, 12.1g Pack",Chocolate,2,14,4,VND-005,SRI SAI TRADERS - Region Alpha,80000,VALUE,1344,672,2.0,11693.0,1,"{""sellable"": null, ""contingency"": 1.0, ""pending_putaway"": null, ""under_transfer"": null}",225,0.0133,18/03/26,{},1344,0.0,0.0,0,5,0,0.0,0.0,N/A,10.02,7.71,Band B,0.0044444444444444444,1345,18,4050,2705,0,0,5,16,1345
FC-001,"Biscuit, Confectionary & Snacks",Mondelez India Foods Private Limited,FC-Alpha,SKU-00602,"Cadbury Dairy Milk, 12.1g Pack",Chocolate,3,14,4,VND-049,Shiv Traders - Region Epsilon,120000,VALUE,1344,672,2.0,11693.0,1,"{""sellable"": null, ""contingency"": 1.0, ""pending_putaway"": null, ""under_transfer"": null}",225,0.0133,18/03/26,"{""open_po_1"": {""promise_date"": ""2026-03-18"", ""orderedquantity"": 1344.0, ""order_item_amount"": 11692.8, ""open_po_cases"": 2.0, ""mrp"": 10.0, ""price_per_unit"": 8.7, ""order_id"": ""PO-00040"", ""po_raising_drr"": 225.0, ""po_raising_total_space"": 1344.0, ""po_raising_final_available_space"": 1344.0, ""order_date"": ""2026-03-16""}}",1344,11693.0,2.0,0,5,0,0.0,0.0,N/A,10.98,9.0,Band B,0.0044444444444444444,1345,18,4050,2705,0,0,5,20,1345
FC-001,"Biscuit, Confectionary & Snacks",Mondelez India Foods Private Limited,FC-Alpha,SKU-00606,"Cadbury 5 Star, 35.2g Pack",Chocolate,2,25,14,VND-005,SRI SAI TRADERS - Region Alpha,80000,VALUE,560,252,2.0,9576.0,0,"{""sellable"": null, ""contingency"": null, ""pending_putaway"": null, ""under_transfer"": null}",67,0.042,18/03/26,{},504,0.0,0.0,0,7,0,0.0,0.0,N/A,18.92,18.51,Band B,0.0,504,39,2613,2109,56,0,9,18,504
FC-001,"Biscuit, Confectionary & Snacks",Mondelez India Foods Private Limited,FC-Alpha,SKU-00606,"Cadbury 5 Star, 35.2g Pack",Chocolate,3,25,14,VND-049,Shiv Traders - Region Epsilon,120000,VALUE,560,252,2.0,9744.0,0,"{""sellable"": null, ""contingency"": null, ""pending_putaway"": null, ""under_transfer"": null}",67,0.042,18/03/26,"{""open_po_1"": {""promise_date"": ""2026-03-18"", ""orderedquantity"": 504.0, ""order_item_amount"": 8769.6, ""open_po_cases"": 1.8, ""mrp"": 20.0, ""price_per_unit"": 17.400000000000002, ""order_id"": ""PO-00040"", ""po_raising_drr"": 67.0, ""po_raising_total_space"": 560.0, ""po_raising_final_available_space"": 560.0, ""order_date"": ""2026-03-16""}}",504,8770.0,2.0,0,7,0,0.0,0.0,N/A,22.37,18.15,Band B,0.0,504,39,2613,2109,56,0,9,27,504
FC-001,"Biscuit, Confectionary & Snacks",Mondelez India Foods Private Limited,FC-Alpha,SKU-00607,"Cadbury Fuse, 23g Pack",Chocolate,2,14,4,VND-005,SRI SAI TRADERS - Region Alpha,80000,VALUE,768,384,2.0,13133.0,24,"{""sellable"": null, ""contingency"": null, ""pending_putaway"": 24.0, ""under_transfer"": null}",174,0.026,18/03/26,{},576,0.0,0.0,0,3,0,0.0,0.0,N/A,19.34,17.26,Band B,0.13793103448275862,600,18,3132,2532,168,0,7,13,600
FC-001,"Biscuit, Confectionary & Snacks",Mondelez India Foods Private Limited,FC-Alpha,SKU-00607,"Cadbury Fuse, 23g Pack",Chocolate,3,14,4,VND-049,Shiv Traders - Region Epsilon,120000,VALUE,768,288,3.0,13363.0,24,"{""sellable"": null, ""contingency"": null, ""pending_putaway"": 24.0, ""under_transfer"": null}",174,0.026,18/03/26,"{""open_po_1"": {""promise_date"": ""2026-03-18"", ""orderedquantity"": 576.0, ""order_item_amount"": 10022.4, ""open_po_cases"": 1.5, ""mrp"": 20.0, ""price_per_unit"": 17.4, ""order_id"": ""PO-00040"", ""po_raising_drr"": 174.0, ""po_raising_total_space"": 768.0, ""po_raising_final_available_space"": 768.0, ""order_date"": ""2026-03-16""}}",576,10022.0,2.0,0,3,0,0.0,0.0,N/A,17.07,15.01,Band B,0.13793103448275862,600,18,3132,2532,168,0,9,28,600
FC-001,"Biscuit, Confectionary & Snacks",Mondelez India Foods Private Limited,FC-Alpha,SKU-00610,"Cadbury Dairy Milk, 20.2g Pack",Chocolate,2,16,4,VND-005,SRI SAI TRADERS - Region Alpha,80000,VALUE,1330,480,3.0,22743.0,1,"{""sellable"": 1.0, ""contingency"": null, ""pending_putaway"": null, ""under_transfer"": null}",267,0.03,18/03/26,{},960,0.0,0.0,0,3,0,0.0,0.0,N/A,22.43,19.5,Band B,0.003745318352059925,961,20,5340,4379,369,0,10,9,961
FC-001,"Biscuit, Confectionary & Snacks",Mondelez India Foods Private Limited,FC-Alpha,SKU-00610,"Cadbury Dairy Milk, 20.2g Pack",Chocolate,3,16,4,VND-049,Shiv Traders - Region Epsilon,120000,VALUE,1330,480,3.0,23142.0,1,"{""sellable"": 1.0, ""contingency"": null, ""pending_putaway"": null, ""under_transfer"": null}",267,0.03,18/03/26,"{""open_po_1"": {""promise_date"": ""2026-03-18"", ""orderedquantity"": 960.0, ""order_item_amount"": 16704.0, ""open_po_cases"": 2.0, ""mrp"": 20.0, ""price_per_unit"": 17.4, ""order_id"": ""PO-00040"", ""po_raising_drr"": 267.0, ""po_raising_total_space"": 1330.0, ""po_raising_final_available_space"": 1330.0, ""order_date"": ""2026-03-16""}}",960,16704.0,2.0,0,3,0,0.0,0.0,N/A,21.8,18.96,Band B,0.003745318352059925,961,20,5340,4379,369,0,10,14,961
FC-001,"Biscuit, Confectionary & Snacks",Mondelez India Foods Private Limited,FC-Alpha,SKU-00611,"Cadbury Shots, 9.6g Pack",Chocolate,3,14,4,VND-049,Shiv Traders - Region Epsilon,120000,VALUE,3655,1152,3.0,15899.0,33,"{""sellable"": 33.0, ""contingency"": null, ""pending_putaway"": null, ""under_transfer"": null}",0,0.01,18/03/26,"{""open_po_1"": {""promise_date"": ""2026-03-18"", ""orderedquantity"": 1152.0, ""order_item_amount"": 5011.2, ""open_po_cases"": 1.0, ""mrp"": 5.0, ""price_per_unit"": 4.35, ""order_id"": ""PO-00040"", ""po_raising_drr"": 0.0, ""po_raising_total_space"": 3655.0, ""po_raising_final_available_space"": 3622.0, ""order_date"": ""2026-03-16""}}",1152,5011.0,1.0,0,0,0,0.0,0.0,N/A,4.73,4.08,,0.0,1185,18,0,0,2470,2,0,0,1185
FC-001,"Biscuit, Confectionary & Snacks",Mondelez India Foods Private Limited,FC-Alpha,SKU-00643,"Cadbury Dairy Milk, 6.1g Pack",Chocolate,2,14,4,VND-005,SRI SAI TRADERS - Region Alpha,80000,VALUE,6912,1728,4.0,30067.0,60,"{""sellable"": 60.0, ""contingency"": null, ""pending_putaway"": null, ""under_transfer"": null}",634,0.008,18/03/26,{},6912,0.0,0.0,0,10,0,0.0,0.0,N/A,5.68,4.98,Band B,0.0946372239747634,6972,18,11412,4440,0,0,3,10,6972
FC-001,"Biscuit, Confectionary & Snacks",Mondelez India Foods Private Limited,FC-Alpha,SKU-00643,"Cadbury Dairy Milk, 6.1g Pack",Chocolate,3,14,4,VND-049,Shiv Traders - Region Epsilon,120000,VALUE,6912,1728,4.0,30067.0,60,"{""sellable"": 60.0, ""contingency"": null, ""pending_putaway"": null, ""under_transfer"": null}",634,0.008,18/03/26,"{""open_po_1"": {""promise_date"": ""2026-03-18"", ""orderedquantity"": 6912.0, ""order_item_amount"": 30067.2, ""open_po_cases"": 4.0, ""mrp"": 5.0, ""price_per_unit"": 4.3500000000000005, ""order_id"": ""PO-00040"", ""po_raising_drr"": 634.0, ""po_raising_total_space"": 6912.0, ""po_raising_final_available_space"": 6912.0, ""order_date"": ""2026-03-16""}}",6912,30067.0,4.0,0,10,0,0.0,0.0,N/A,5.68,4.48,Band B,0.0946372239747634,6972,18,11412,4440,0,0,3,16,6972
FC-001,"Biscuit, Confectionary & Snacks",Mondelez India Foods Private Limited,FC-Alpha,SKU-00646,"Cadbury Perk, 10.3g Pack",Chocolate,2,14,4,VND-005,SRI SAI TRADERS - Region Alpha,80000,VALUE,2535,720,4.0,11027.0,0,"{""sellable"": null, ""contingency"": null, ""pending_putaway"": null, ""under_transfer"": null}",430,0.01,18/03/26,{},2160,0.0,0.0,0,5,0,0.0,0.0,N/A,5.11,4.46,Band B,0.0,2160,18,7740,5580,375,0,8,25,2160
FC-001,"Biscuit, Confectionary & Snacks",Mondelez India Foods Private Limited,FC-Alpha,SKU-00646,"Cadbury Perk, 10.3g Pack",Chocolate,3,14,4,VND-049,Shiv Traders - Region Epsilon,120000,VALUE,2535,720,4.0,11027.0,0,"{""sellable"": null, ""contingency"": null, ""pending_putaway"": null, ""under_transfer"": null}",430,0.01,18/03/26,"{""open_po_1"": {""promise_date"": ""2026-03-18"", ""orderedquantity"": 2160.0, ""order_item_amount"": 9396.0, ""open_po_cases"": 3.0, ""mrp"": 5.0, ""price_per_unit"": 4.35, ""order_id"": ""PO-00040"", ""po_raising_drr"": 430.0, ""po_raising_total_space"": 2535.0, ""po_raising_final_available_space"": 2535.0, ""order_date"": ""2026-03-16""}}",2160,9396.0,3.0,0,5,0,0.0,0.0,N/A,5.2,4.67,Band B,0.0,2160,18,7740,5580,375,0,8,36,2160
FC-001,"Biscuit, Confectionary & Snacks",Mondelez India Foods Private Limited,FC-Alpha,SKU-00650,"Cadbury 5 Star, 20.2g Pack",Chocolate,2,14,4,VND-005,SRI SAI TRADERS - Region Alpha,80000,VALUE,1138,480,2.0,9901.0,35,"{""sellable"": 33.0, ""contingency"": null, ""pending_putaway"": 2.0, ""under_transfer"": null}",164,0.019,18/03/26,{},960,0.0,0.0,0,6,0,0.0,0.0,N/A,9.85,9.51,Band B,0.21341463414634146,995,18,2952,1957,143,0,5,18,995
FC-001,"Biscuit, Confectionary & Snacks",Mondelez India Foods Private Limited,FC-Alpha,SKU-00650,"Cadbury 5 Star, 20.2g Pack",Chocolate,3,14,4,VND-049,Shiv Traders - Region Epsilon,120000,VALUE,1138,480,2.0,9901.0,35,"{""sellable"": 33.0, ""contingency"": null, ""pending_putaway"": 2.0, ""under_transfer"": null}",164,0.019,18/03/26,"{""open_po_1"": {""promise_date"": ""2026-03-18"", ""orderedquantity"": 960.0, ""order_item_amount"": 8352.0, ""open_po_cases"": 2.0, ""mrp"": 10.0, ""price_per_unit"": 8.7, ""order_id"": ""PO-00040"", ""po_raising_drr"": 164.0, ""po_raising_total_space"": 1138.0, ""po_raising_final_available_space"": 1138.0, ""order_date"": ""2026-03-16""}}",960,8352.0,2.0,0,6,0,0.0,0.0,N/A,9.38,9.11,Band B,0.21341463414634146,995,18,2952,1957,143,0,5,28,995
FC-001,"Biscuit, Confectionary & Snacks",Mondelez India Foods Private Limited,FC-Alpha,SKU-00745,"Cadbury Celebrations, 49.2g Box",Chocolate,2,14,4,VND-005,SRI SAI TRADERS - Region Alpha,80000,VALUE,480,96,5.0,20280.0,38,"{""sellable"": 38.0, ""contingency"": null, ""pending_putaway"": null, ""under_transfer"": null}",28,0.0598,18/03/26,{},384,0.0,0.0,0,15,0,0.0,0.0,N/A,47.43,37.54,Band B,1.3571428571428572,422,18,504,82,58,0,1,23,422
FC-001,"Biscuit, Confectionary & Snacks",Mondelez India Foods Private Limited,FC-Alpha,SKU-00745,"Cadbury Celebrations, 49.2g Box",Chocolate,3,14,4,VND-049,Shiv Traders - Region Epsilon,120000,VALUE,480,96,5.0,19200.0,38,"{""sellable"": 38.0, ""contingency"": null, ""pending_putaway"": null, ""under_transfer"": null}",28,0.0598,18/03/26,"{""open_po_1"": {""promise_date"": ""2026-03-18"", ""orderedquantity"": 384.0, ""order_item_amount"": 15360.0, ""open_po_cases"": 4.0, ""mrp"": 50.0, ""price_per_unit"": 40.0, ""order_id"": ""PO-00040"", ""po_raising_drr"": 28.0, ""po_raising_total_space"": 480.0, ""po_raising_final_available_space"": 466.0, ""order_date"": ""2026-03-16""}}",384,15360.0,4.0,0,15,0,0.0,0.0,N/A,52.59,38.06,Band B,1.3571428571428572,422,18,504,82,58,0,1,33,422
FC-001,"Biscuit, Confectionary & Snacks",Mondelez India Foods Private Limited,FC-Alpha,SKU-00746,"Cadbury Celebrations, 102.6g Box",Chocolate,2,14,4,VND-005,SRI SAI TRADERS - Region Alpha,80000,VALUE,120,40,3.0,11154.0,0,"{""sellable"": null, ""contingency"": null, ""pending_putaway"": null, ""under_transfer"": null}",17,0.1569,18/03/26,{},120,0.0,0.0,0,7,0,0.0,0.0,N/A,118.33,104.89,Band B,0.0,120,18,306,186,0,0,5,20,120
FC-001,"Biscuit, Confectionary & Snacks",Mondelez India Foods Private Limited,FC-Alpha,SKU-00746,"Cadbury Celebrations, 102.6g Box",Chocolate,3,14,4,VND-049,Shiv Traders - Region Epsilon,120000,VALUE,120,40,3.0,10560.0,0,"{""sellable"": null, ""contingency"": null, ""pending_putaway"": null, ""under_transfer"": null}",17,0.1569,18/03/26,"{""open_po_1"": {""promise_date"": ""2026-03-18"", ""orderedquantity"": 120.0, ""order_item_amount"": 10560.0, ""open_po_cases"": 3.0, ""mrp"": 110.0, ""price_per_unit"": 88.0, ""order_id"": ""PO-00040"", ""po_raising_drr"": 17.0, ""po_raising_total_space"": 120.0, ""po_raising_final_available_space"": 120.0, ""order_date"": ""2026-03-16""}}",120,10560.0,3.0,0,7,0,0.0,0.0,N/A,119.62,80.73,Band B,0.0,120,18,306,186,0,0,5,38,120
FC-001,"Biscuit, Confectionary & Snacks",Mondelez India Foods Private Limited,FC-Alpha,SKU-00778,"Cadbury Dairy Milk, Roast Almond, 36g Pack",Chocolate,2,14,4,VND-005,SRI SAI TRADERS - Region Alpha,80000,VALUE,720,360,2.0,30600.0,292,"{""sellable"": 292.0, ""contingency"": null, ""pending_putaway"": null, ""under_transfer"": null}",8,0.038,18/03/26,{},360,0.0,0.0,0,81,0,0.0,0.0,N/A,54.34,40.87,Band B,36.5,652,18,144,0,68,0,0,6,652
FC-001,"Biscuit, Confectionary & Snacks",Mondelez India Foods Private Limited,FC-Alpha,SKU-00778,"Cadbury Dairy Milk, Roast Almond, 36g Pack",Chocolate,3,14,4,VND-049,Shiv Traders - Region Epsilon,120000,VALUE,720,360,2.0,28188.0,292,"{""sellable"": 292.0, ""contingency"": null, ""pending_putaway"": null, ""under_transfer"": null}",8,0.038,18/03/26,"{""open_po_1"": {""promise_date"": ""2026-03-18"", ""orderedquantity"": 360.0, ""order_item_amount"": 14094.0, ""open_po_cases"": 1.0, ""mrp"": 45.0, ""price_per_unit"": 39.15, ""order_id"": ""PO-00040"", ""po_raising_drr"": 8.0, ""po_raising_total_space"": 720.0, ""po_raising_final_available_space"": 436.0, ""order_date"": ""2026-03-16""}}",360,14094.0,1.0,0,81,0,0.0,0.0,N/A,39.48,38.35,Band B,36.5,652,18,144,0,68,0,0,9,652
FC-001,"Biscuit, Confectionary & Snacks",Mondelez India Foods Private Limited,FC-Alpha,SKU-00844,"Cadbury 5 Star 3D, 40g Pack",Chocolate,3,14,4,VND-049,Shiv Traders - Region Epsilon,120000,VALUE,432,216,2.0,11275.0,7,"{""sellable"": 7.0, ""contingency"": null, ""pending_putaway"": null, ""under_transfer"": null}",0,0.046,18/03/26,"{""open_po_1"": {""promise_date"": ""2026-03-18"", ""orderedquantity"": 216.0, ""order_item_amount"": 5637.6, ""open_po_cases"": 1.0, ""mrp"": 30.0, ""price_per_unit"": 26.1, ""order_id"": ""PO-00040"", ""po_raising_drr"": 0.0, ""po_raising_total_space"": 432.0, ""po_raising_final_available_space"": 425.0, ""order_date"": ""2026-03-16""}}",216,5638.0,1.0,0,0,0,0.0,0.0,N/A,29.95,25.63,Band C,0.0,223,18,0,0,209,0,0,0,223
FC-001,"Biscuit, Confectionary & Snacks",Nestle India Ltd,FC-Alpha,SKU-00513,"Nestle Milkybar, 24.5g Pack",Chocolate,4,17,4,VND-043,NESTLE INDIA LTD - Region Alpha,10000,CASES,1152,384,3.0,19791.0,1127,"{""sellable"": 1080.0, ""contingency"": 47.0, ""pending_putaway"": null, ""under_transfer"": null}",348,0.03,17/03/26,"{""open_po_1"": {""promise_date"": ""2026-03-19"", ""orderedquantity"": 1152.0, ""order_item_amount"": 19791.36, ""open_po_cases"": 3.0, ""mrp"": 20.0, ""price_per_unit"": 17.18, ""order_id"": ""PO-00056"", ""po_raising_drr"": 468.0, ""po_raising_total_space"": 1152.0, ""po_raising_final_available_space"": 1020.0, ""order_date"": ""2026-03-14""}}",1536,26477.0,4.0,0,7,0,0.0,0.0,N/A,20.42,17.76,Band A,3.2385057471264367,2663,21,7308,4645,0,0,13,10000,2663
FC-001,"Biscuit, Confectionary & Snacks",Nestle India Ltd,FC-Alpha,SKU-00513,"Nestle Milkybar, 24.5g Pack",Chocolate,4,17,4,VND-061,M/s Gupta Enterprises - Region Epsilon,200000,VALUE,1152,384,3.0,20056.0,1127,"{""sellable"": 1080.0, ""contingency"": 47.0, ""pending_putaway"": null, ""under_transfer"": null}",348,0.03,17/03/26,"{""open_po_1"": {""promise_date"": ""2026-03-17"", ""orderedquantity"": 384.0, ""order_item_amount"": 6685.44, ""open_po_cases"": 1.0, ""mrp"": 20.0, ""price_per_unit"": 17.41, ""order_id"": ""PO-00010"", ""po_raising_drr"": 470.0, ""po_raising_total_space"": 1152.0, ""po_raising_final_available_space"": 470.0, ""order_date"": ""2026-03-13""}}",1536,26477.0,4.0,0,7,0,0.0,0.0,N/A,20.3,19.72,Band A,3.2385057471264367,2663,21,7308,4645,0,0,13,27,2663
FC-001,"Biscuit, Confectionary & Snacks",Nestle India Ltd,FC-Alpha,SKU-00514,"Nestle KitKat, 22.1g Pack",Chocolate,3,17,4,VND-036,PANKAJ ENTERPRISES - Region Alpha,200000,VALUE,2880,720,4.0,50774.0,27,"{""sellable"": null, ""contingency"": null, ""pending_putaway"": 27.0, ""under_transfer"": null}",85,0.02,16/03/26,{},2880,0.0,0.0,0,34,0,0.0,0.0,N/A,19.65,16.26,Band A,0.3176470588235294,2907,21,1785,0,0,0,0,18,2907
FC-001,"Biscuit, Confectionary & Snacks",Nestle India Ltd,FC-Alpha,SKU-00514,"Nestle KitKat, 22.1g Pack",Chocolate,4,17,4,VND-043,NESTLE INDIA LTD - Region Alpha,10000,CASES,2880,720,4.0,50141.0,27,"{""sellable"": null, ""contingency"": null, ""pending_putaway"": 27.0, ""under_transfer"": null}",85,0.02,16/03/26,"{""open_po_1"": {""promise_date"": ""2026-03-16"", ""orderedquantity"": 2880.0, ""order_item_amount"": 50140.8, ""open_po_cases"": 4.0, ""mrp"": 20.0, ""price_per_unit"": 17.41, ""order_id"": ""PO-00028"", ""po_raising_drr"": 111.0, ""po_raising_total_space"": 2880.0, ""po_raising_final_available_space"": 2880.0, ""order_date"": ""2026-03-12""}}",2880,50141.0,4.0,0,34,0,0.0,0.0,N/A,22.33,15.43,Band A,0.3176470588235294,2907,21,1785,0,0,0,0,10000,2907
FC-001,"Biscuit, Confectionary & Snacks",Nestle India Ltd,FC-Alpha,SKU-00514,"Nestle KitKat, 22.1g Pack",Chocolate,4,17,4,VND-061,M/s Gupta Enterprises - Region Epsilon,200000,VALUE,2880,720,4.0,50141.0,27,"{""sellable"": null, ""contingency"": null, ""pending_putaway"": 27.0, ""under_transfer"": null}",85,0.02,16/03/26,{},2880,0.0,0.0,0,34,0,0.0,0.0,N/A,19.11,15.83,Band A,0.3176470588235294,2907,21,1785,0,0,0,0,18,2907
FC-001,"Biscuit, Confectionary & Snacks",Nestle India Ltd,FC-Alpha,SKU-00517,"Nestle Milkybar Chocolate, 13.2g Pack",Chocolate,3,17,4,VND-036,PANKAJ ENTERPRISES - Region Alpha,200000,VALUE,2160,720,3.0,18684.0,120,"{""sellable"": 90.0, ""contingency"": null, ""pending_putaway"": 30.0, ""under_transfer"": null}",744,0.013,16/03/26,{},5040,0.0,0.0,0,6,0,0.0,0.0,N/A,11.1,9.65,Band A,0.16129032258064516,5160,21,15624,10464,0,0,15,29,5160
FC-001,"Biscuit, Confectionary & Snacks",Nestle India Ltd,FC-Alpha,SKU-00517,"Nestle Milkybar Chocolate, 13.2g Pack",Chocolate,4,17,4,VND-043,NESTLE INDIA LTD - Region Alpha,10000,CASES,2160,720,3.0,18554.0,120,"{""sellable"": 90.0, ""contingency"": null, ""pending_putaway"": 30.0, ""under_transfer"": null}",744,0.013,16/03/26,"{""open_po_1"": {""promise_date"": ""2026-03-19"", ""orderedquantity"": 2160.0, ""order_item_amount"": 18554.4, ""open_po_cases"": 3.0, ""mrp"": 10.0, ""price_per_unit"": 8.59, ""order_id"": ""PO-00056"", ""po_raising_drr"": 792.0, ""po_raising_total_space"": 2160.0, ""po_raising_final_available_space"": 1656.0, ""order_date"": ""2026-03-14""}, ""open_po_2"": {""promise_date"": ""2026-03-16"", ""orderedquantity"": 2160.0, ""order_item_amount"": 18554.4, ""open_po_cases"": 3.0, ""mrp"": 10.0, ""price_per_unit"": 8.59, ""order_id"": ""PO-00028"", ""po_raising_drr"": 834.0, ""po_raising_total_space"": 2160.0, ""po_raising_final_available_space"": 2160.0, ""order_date"": ""2026-03-12""}}",5040,43488.0,7.0,0,6,0,0.0,0.0,N/A,10.32,8.97,Band A,0.16129032258064516,5160,21,15624,10464,0,0,15,10000,5160
FC-001,"Biscuit, Confectionary & Snacks",Nestle India Ltd,FC-Alpha,SKU-00517,"Nestle Milkybar Chocolate, 13.2g Pack",Chocolate,4,17,4,VND-061,M/s Gupta Enterprises - Region Epsilon,200000,VALUE,2160,720,3.0,19138.0,120,"{""sellable"": 90.0, ""contingency"": null, ""pending_putaway"": 30.0, ""under_transfer"": null}",744,0.013,16/03/26,"{""open_po_1"": {""promise_date"": ""2026-03-17"", ""orderedquantity"": 720.0, ""order_item_amount"": 6379.2, ""open_po_cases"": 1.0, ""mrp"": 10.0, ""price_per_unit"": 8.86, ""order_id"": ""PO-00010"", ""po_raising_drr"": 877.0, ""po_raising_total_space"": 2160.0, ""po_raising_final_available_space"": 877.0, ""order_date"": ""2026-03-13""}}",5040,43488.0,7.0,0,6,0,0.0,0.0,N/A,10.78,8.29,Band A,0.16129032258064516,5160,21,15624,10464,0,0,15,34,5160
FC-001,"Biscuit, Confectionary & Snacks",Nestle India Ltd,FC-Alpha,SKU-00556,"Nestle Munch, 9.8g Pack",Chocolate,3,17,4,VND-036,PANKAJ ENTERPRISES - Region Alpha,200000,VALUE,6161,864,7.0,26800.0,5790,"{""sellable"": 5777.0, ""contingency"": 13.0, ""pending_putaway"": null, ""under_transfer"": null}",2460,0.0095,17/03/26,{},7776,0.0,0.0,0,5,0,0.0,0.0,N/A,5.18,4.76,Band A,2.3536585365853657,13566,21,51660,38094,0,0,45,49,13566
FC-001,"Biscuit, Confectionary & Snacks",Nestle India Ltd,FC-Alpha,SKU-00556,"Nestle Munch, 9.8g Pack",Chocolate,4,17,4,VND-043,NESTLE INDIA LTD - Region Alpha,10000,CASES,6161,864,7.0,26431.0,5790,"{""sellable"": 5777.0, ""contingency"": 13.0, ""pending_putaway"": null, ""under_transfer"": null}",2460,0.0095,17/03/26,"{""open_po_1"": {""promise_date"": ""2026-03-19"", ""orderedquantity"": 5184.0, ""order_item_amount"": 22239.36, ""open_po_cases"": 6.0, ""mrp"": 5.0, ""price_per_unit"": 4.29, ""order_id"": ""PO-00056"", ""po_raising_drr"": 2292.0, ""po_raising_total_space"": 6161.0, ""po_raising_final_available_space"": 4397.0, ""order_date"": ""2026-03-14""}}",7776,33540.0,9.0,0,5,0,0.0,0.0,N/A,5.47,4.76,Band A,2.3536585365853657,13566,21,51660,38094,0,0,45,10000,13566
FC-001,"Biscuit, Confectionary & Snacks",Nestle India Ltd,FC-Alpha,SKU-00556,"Nestle Munch, 9.8g Pack",Chocolate,4,17,4,VND-061,M/s Gupta Enterprises - Region Epsilon,200000,VALUE,6161,864,7.0,26862.0,5790,"{""sellable"": 5777.0, ""contingency"": 13.0, ""pending_putaway"": null, ""under_transfer"": null}",2460,0.0095,17/03/26,"{""open_po_1"": {""promise_date"": ""2026-03-17"", ""orderedquantity"": 2592.0, ""order_item_amount"": 11301.12, ""open_po_cases"": 3.0, ""mrp"": 5.0, ""price_per_unit"": 4.36, ""order_id"": ""PO-00010"", ""po_raising_drr"": 2751.0, ""po_raising_total_space"": 6161.0, ""po_raising_final_available_space"": 2864.0, ""order_date"": ""2026-03-13""}}",7776,33540.0,9.0,0,5,0,0.0,0.0,N/A,5.53,4.81,Band A,2.3536585365853657,13566,21,51660,38094,0,0,45,49,13566
FC-001,"Biscuit, Confectionary & Snacks",Nestle India Ltd,FC-Alpha,SKU-00558,"Nestle Munch, 19.6g Pack",Chocolate,3,15,4,VND-036,PANKAJ ENTERPRISES - Region Alpha,200000,VALUE,2304,756,3.0,19930.0,12,"{""sellable"": 12.0, ""contingency"": null, ""pending_putaway"": null, ""under_transfer"": null}",578,0.0193,16/03/26,{},4464,0.0,0.0,0,7,0,0.0,0.0,N/A,10.6,9.74,Band B,0.020761245674740483,4476,19,10982,6506,0,0,9,28,4476
FC-001,"Biscuit, Confectionary & Snacks",Nestle India Ltd,FC-Alpha,SKU-00558,"Nestle Munch, 19.6g Pack",Chocolate,4,15,4,VND-043,NESTLE INDIA LTD - Region Alpha,10000,CASES,2304,576,4.0,19791.0,12,"{""sellable"": 12.0, ""contingency"": null, ""pending_putaway"": null, ""under_transfer"": null}",578,0.0193,16/03/26,"{""open_po_1"": {""promise_date"": ""2026-03-19"", ""orderedquantity"": 1728.0, ""order_item_amount"": 14843.52, ""open_po_cases"": 3.0, ""mrp"": 10.0, ""price_per_unit"": 8.59, ""order_id"": ""PO-00056"", ""po_raising_drr"": 673.0, ""po_raising_total_space"": 2304.0, ""po_raising_final_available_space"": 1587.0, ""order_date"": ""2026-03-14""}, ""open_po_2"": {""promise_date"": ""2026-03-16"", ""orderedquantity"": 1728.0, ""order_item_amount"": 14843.52, ""open_po_cases"": 3.0, ""mrp"": 10.0, ""price_per_unit"": 8.59, ""order_id"": ""PO-00028"", ""po_raising_drr"": 169.0, ""po_raising_total_space"": 2304.0, ""po_raising_final_available_space"": 2304.0, ""order_date"": ""2026-03-12""}}",4464,38618.0,8.0,0,7,0,0.0,0.0,N/A,8.72,7.95,Band B,0.020761245674740483,4476,19,10982,6506,0,0,12,10000,4476
FC-001,"Biscuit, Confectionary & Snacks",Nestle India Ltd,FC-Alpha,SKU-00558,"Nestle Munch, 19.6g Pack",Chocolate,4,15,4,VND-061,M/s Gupta Enterprises - Region Epsilon,200000,VALUE,2304,504,5.0,20413.0,12,"{""sellable"": 12.0, ""contingency"": null, ""pending_putaway"": null, ""under_transfer"": null}",578,0.0193,16/03/26,"{""open_po_1"": {""promise_date"": ""2026-03-17"", ""orderedquantity"": 1008.0, ""order_item_amount"": 8930.88, ""open_po_cases"": 1.75, ""mrp"": 10.0, ""price_per_unit"": 8.86, ""order_id"": ""PO-00010"", ""po_raising_drr"": 676.0, ""po_raising_total_space"": 2304.0, ""po_raising_final_available_space"": 1252.0, ""order_date"": ""2026-03-13""}}",4464,38618.0,8.0,0,7,0,0.0,0.0,N/A,10.97,9.54,Band B,0.020761245674740483,4476,19,10982,6506,0,0,13,42,4476
FC-001,"Biscuit, Confectionary & Snacks",Nestle India Ltd,FC-Alpha,SKU-00559,"Nestle KitKat, 28.5g Pack",Chocolate,3,17,4,VND-036,PANKAJ ENTERPRISES - Region Alpha,200000,VALUE,1008,504,2.0,22579.0,1023,"{""sellable"": 980.0, ""contingency"": 15.0, ""pending_putaway"": 28.0, ""under_transfer"": null}",283,0.032,19/03/26,{},1008,0.0,0.0,0,7,0,0.0,0.0,N/A,26.55,22.13,Band A,3.614840989399293,2031,21,5943,3912,0,0,8,18,2031
FC-001,"Biscuit, Confectionary & Snacks",Nestle India Ltd,FC-Alpha,SKU-00559,"Nestle KitKat, 28.5g Pack",Chocolate,4,17,4,VND-043,NESTLE INDIA LTD - Region Alpha,10000,CASES,1008,504,2.0,21934.0,1023,"{""sellable"": 980.0, ""contingency"": 15.0, ""pending_putaway"": 28.0, ""under_transfer"": null}",283,0.032,19/03/26,"{""open_po_1"": {""promise_date"": ""2026-03-19"", ""orderedquantity"": 1008.0, ""order_item_amount"": 21934.08, ""open_po_cases"": 2.0, ""mrp"": 25.0, ""price_per_unit"": 21.76, ""order_id"": ""PO-00056"", ""po_raising_drr"": 321.0, ""po_raising_total_space"": 1008.0, ""po_raising_final_available_space"": 963.0, ""order_date"": ""2026-03-14""}}",1008,21934.0,2.0,0,7,0,0.0,0.0,N/A,27.59,23.99,Band A,3.614840989399293,2031,21,5943,3912,0,0,8,10000,2031
FC-001,"Biscuit, Confectionary & Snacks",Nestle India Ltd,FC-Alpha,SKU-00559,"Nestle KitKat, 28.5g Pack",Chocolate,4,17,4,VND-061,M/s Gupta Enterprises - Region Epsilon,200000,VALUE,1008,504,2.0,21944.0,1023,"{""sellable"": 980.0, ""contingency"": 15.0, ""pending_putaway"": 28.0, ""under_transfer"": null}",283,0.032,19/03/26,{},1008,0.0,0.0,0,7,0,0.0,0.0,N/A,26.75,23.26,Band A,3.614840989399293,2031,21,5943,3912,0,0,8,18,2031
FC-001,"Biscuit, Confectionary & Snacks",Nestle India Ltd,FC-Alpha,SKU-00560,"Nestle KitKat, 13.2g Pack",Chocolate,3,18,4,VND-036,PANKAJ ENTERPRISES - Region Alpha,200000,VALUE,11144,1008,11.0,99070.0,7895,"{""sellable"": 7685.0, ""contingency"": null, ""pending_putaway"": 210.0, ""under_transfer"": null}",3422,0.014,17/03/26,{},15120,0.0,0.0,0,6,0,0.0,0.0,N/A,11.46,9.63,Band A,2.3071303331385153,23015,22,75284,52269,0,0,52,21,23015
FC-001,"Biscuit, Confectionary & Snacks",Nestle India Ltd,FC-Alpha,SKU-00560,"Nestle KitKat, 13.2g Pack",Chocolate,4,18,4,VND-043,NESTLE INDIA LTD - Region Alpha,10000,CASES,11144,1008,11.0,97064.0,7895,"{""sellable"": 7685.0, ""contingency"": null, ""pending_putaway"": 210.0, ""under_transfer"": null}",3422,0.014,17/03/26,"{""open_po_1"": {""promise_date"": ""2026-03-19"", ""orderedquantity"": 10080.0, ""order_item_amount"": 87796.8, ""open_po_cases"": 10.0, ""mrp"": 10.0, ""price_per_unit"": 8.71, ""order_id"": ""PO-00056"", ""po_raising_drr"": 3685.0, ""po_raising_total_space"": 11144.0, ""po_raising_final_available_space"": 9095.0, ""order_date"": ""2026-03-14""}}",15120,132048.0,15.0,0,6,0,0.0,0.0,N/A,9.62,9.12,Band A,2.3071303331385153,23015,22,75284,52269,0,0,52,10000,23015
FC-001,"Biscuit, Confectionary & Snacks",Nestle India Ltd,FC-Alpha,SKU-00560,"Nestle KitKat, 13.2g Pack",Chocolate,4,18,4,VND-061,M/s Gupta Enterprises - Region Epsilon,200000,VALUE,11144,1008,11.0,97844.0,7895,"{""sellable"": 7685.0, ""contingency"": null, ""pending_putaway"": 210.0, ""under_transfer"": null}",3422,0.014,17/03/26,"{""open_po_1"": {""promise_date"": ""2026-03-17"", ""orderedquantity"": 5040.0, ""order_item_amount"": 44251.2, ""open_po_cases"": 5.0, ""mrp"": 10.0, ""price_per_unit"": 8.78, ""order_id"": ""PO-00010"", ""po_raising_drr"": 2937.0, ""po_raising_total_space"": 11144.0, ""po_raising_final_available_space"": 6017.0, ""order_date"": ""2026-03-13""}}",15120,132048.0,15.0,0,6,0,0.0,0.0,N/A,9.61,7.93,Band A,2.3071303331385153,23015,22,75284,52269,0,0,52,26,23015
FC-001,"Biscuit, Confectionary & Snacks",Nestle India Ltd,FC-Alpha,SKU-00561,"Nestle KitKat, 38.5g Pack",Chocolate,3,17,4,VND-036,PANKAJ ENTERPRISES - Region Alpha,200000,VALUE,756,378,2.0,20004.0,442,"{""sellable"": 400.0, ""contingency"": null, ""pending_putaway"": 42.0, ""under_transfer"": null}",6,0.0396,,{},0,0.0,0.0,0,73,0,0.0,0.0,N/A,32.82,26.82,Band B,73.66666666666667,442,21,126,0,314,0,0,20,442
FC-001,"Biscuit, Confectionary & Snacks",Nestle India Ltd,FC-Alpha,SKU-00561,"Nestle KitKat, 38.5g Pack",Chocolate,4,17,4,VND-043,NESTLE INDIA LTD - Region Alpha,10000,CASES,756,378,2.0,23035.0,442,"{""sellable"": 400.0, ""contingency"": null, ""pending_putaway"": 42.0, ""under_transfer"": null}",6,0.0396,,{},0,0.0,0.0,0,73,0,0.0,0.0,N/A,39.7,34.9,Band B,73.66666666666667,442,21,126,0,314,0,0,10000,442
FC-001,"Biscuit, Confectionary & Snacks",Nestle India Ltd,FC-Alpha,SKU-00561,"Nestle KitKat, 38.5g Pack",Chocolate,4,17,4,VND-061,M/s Gupta Enterprises - Region Epsilon,200000,VALUE,756,378,2.0,19747.0,442,"{""sellable"": 400.0, ""contingency"": null, ""pending_putaway"": 42.0, ""under_transfer"": null}",6,0.0396,,{},0,0.0,0.0,0,73,0,0.0,0.0,N/A,34.37,29.55,Band B,73.66666666666667,442,21,126,0,314,0,0,18,442
FC-001,"Biscuit, Confectionary & Snacks",Nestle India Ltd,FC-Alpha,SKU-00901,"Nestle KitKat Share & Snap, 57g Pack (2Pcs x 28.5g)",Chocolate,3,15,4,VND-036,PANKAJ ENTERPRISES - Region Alpha,200000,VALUE,504,252,2.0,22176.0,358,"{""sellable"": 358.0, ""contingency"": null, ""pending_putaway"": null, ""under_transfer"": null}",33,0.057,17/03/26,{},252,0.0,0.0,0,18,0,0.0,0.0,N/A,53.8,37.97,Band B,10.848484848484848,610,19,627,17,0,0,1,21,610
FC-001,"Biscuit, Confectionary & Snacks",Nestle India Ltd,FC-Alpha,SKU-00901,"Nestle KitKat Share & Snap, 57g Pack (2Pcs x 28.5g)",Chocolate,4,15,4,VND-043,NESTLE INDIA LTD - Region Alpha,10000,CASES,504,252,2.0,24132.0,358,"{""sellable"": 358.0, ""contingency"": null, ""pending_putaway"": null, ""under_transfer"": null}",33,0.057,17/03/26,{},252,0.0,0.0,0,18,0,0.0,0.0,N/A,52.96,43.07,Band B,10.848484848484848,610,19,627,17,0,0,1,10000,610
FC-001,"Biscuit, Confectionary & Snacks",Nestle India Ltd,FC-Alpha,SKU-00901,"Nestle KitKat Share & Snap, 57g Pack (2Pcs x 28.5g)",Chocolate,4,15,4,VND-061,M/s Gupta Enterprises - Region Epsilon,200000,VALUE,504,252,2.0,21939.0,358,"{""sellable"": 358.0, ""contingency"": null, ""pending_putaway"": null, ""under_transfer"": null}",33,0.057,17/03/26,"{""open_po_1"": {""promise_date"": ""2026-03-17"", ""orderedquantity"": 252.0, ""order_item_amount"": 10969.56, ""open_po_cases"": 1.0, ""mrp"": 50.0, ""price_per_unit"": 43.53, ""order_id"": ""PO-00010"", ""po_raising_drr"": 68.0, ""po_raising_total_space"": 504.0, ""po_raising_final_available_space"": 320.0, ""order_date"": ""2026-03-13""}}",252,10970.0,1.0,0,18,0,0.0,0.0,N/A,43.75,38.72,Band B,10.848484848484848,610,19,627,17,0,0,1,21,610
FC-001,"Biscuit, Confectionary & Snacks",Parle Products,FC-Alpha,SKU-00098,"Parle Krack Jack Sweet & Salty Crackers, 44.1g Pack",Crackers & Sweet Biscuits,1,16,4,VND-033,BAJRANG TRADERS - Region Alpha,150000,VALUE,216,120,2.0,1657.0,0,"{""sellable"": null, ""contingency"": null, ""pending_putaway"": null, ""under_transfer"": null}",18,0.055,16/03/26,"{""open_po_1"": {""promise_date"": ""2026-03-16"", ""orderedquantity"": 120.0, ""order_item_amount"": 920.4, ""open_po_cases"": 1.1111111111111112, ""mrp"": 8.9, ""price_per_unit"": 7.67, ""order_id"": ""PO-00023"", ""po_raising_drr"": 22.0, ""po_raising_total_space"": 216.0, ""po_raising_final_available_space"": 201.0, ""order_date"": ""2026-03-12""}}",120,920.0,1.0,0,6,0,0.0,0.0,N/A,9.64,8.19,Band C,0.0,120,20,360,240,96,0,2,153,120
FC-001,"Biscuit, Confectionary & Snacks",Parle Products,FC-Alpha,SKU-00098,"Parle Krack Jack Sweet & Salty Crackers, 44.1g Pack",Crackers & Sweet Biscuits,3,16,4,VND-036,PANKAJ ENTERPRISES - Region Alpha,200000,VALUE,216,120,2.0,1607.0,0,"{""sellable"": null, ""contingency"": null, ""pending_putaway"": null, ""under_transfer"": null}",18,0.055,16/03/26,{},120,0.0,0.0,0,6,0,0.0,0.0,N/A,9.06,8.15,Band C,0.0,120,20,360,240,96,0,2,205,120
FC-001,"Biscuit, Confectionary & Snacks",Parle Products,FC-Alpha,SKU-00098,"Parle Krack Jack Sweet & Salty Crackers, 44.1g Pack",Crackers & Sweet Biscuits,3,16,4,VND-039,PARLE BISCUITS PRIVATE LIMITED - Region Epsilon,200000,VALUE,216,120,2.0,1652.0,0,"{""sellable"": null, ""contingency"": null, ""pending_putaway"": null, ""under_transfer"": null}",18,0.055,16/03/26,{},120,0.0,0.0,0,6,0,0.0,0.0,N/A,8.8,6.99,Band C,0.0,120,20,360,240,96,0,2,239,120
FC-001,"Biscuit, Confectionary & Snacks",Parle Products,FC-Alpha,SKU-00139,"Parle Orange Bite Candy, Bigger, 585g Jar (150Pcs x 3.9g)",Candies,1,14,4,VND-033,BAJRANG TRADERS - Region Alpha,150000,VALUE,48,12,4.0,5832.0,12,"{""sellable"": 12.0, ""contingency"": null, ""pending_putaway"": null, ""under_transfer"": null}",3,0.768,11/03/26,"{""open_po_1"": {""promise_date"": ""2026-03-17"", ""orderedquantity"": 12.0, ""order_item_amount"": 1457.88, ""open_po_cases"": 1.0, ""mrp"": 141.0, ""price_per_unit"": 121.49000000000001, ""order_id"": ""PO-00042"", ""po_raising_drr"": 3.0, ""po_raising_total_space"": 48.0, ""po_raising_final_available_space"": 24.0, ""order_date"": ""2026-03-16""}, ""open_po_2"": {""promise_date"": ""2026-03-11"", ""orderedquantity"": 12.0, ""order_item_amount"": 1457.88, ""open_po_cases"": 1.0, ""mrp"": 141.0, ""price_per_unit"": 121.49000000000001, ""order_id"": ""PO-00005"", ""po_raising_drr"": 1.0, ""po_raising_total_space"": 48.0, ""po_raising_final_available_space"": 13.0, ""order_date"": ""2026-03-10""}}",48,5832.0,4.0,0,20,0,0.0,0.0,N/A,158.19,121.7,Band C,4.0,60,18,54,0,0,0,0,103,60
FC-001,"Biscuit, Confectionary & Snacks",Parle Products,FC-Alpha,SKU-00139,"Parle Orange Bite Candy, Bigger, 585g Jar (150Pcs x 3.9g)",Candies,3,14,4,VND-036,PANKAJ ENTERPRISES - Region Alpha,200000,VALUE,48,12,4.0,5832.0,12,"{""sellable"": 12.0, ""contingency"": null, ""pending_putaway"": null, ""under_transfer"": null}",3,0.768,11/03/26,"{""open_po_1"": {""promise_date"": ""2026-03-17"", ""orderedquantity"": 24.0, ""order_item_amount"": 2915.76, ""open_po_cases"": 2.0, ""mrp"": 141.0, ""price_per_unit"": 121.49000000000001, ""order_id"": ""PO-00043"", ""po_raising_drr"": 3.0, ""po_raising_total_space"": 48.0, ""po_raising_final_available_space"": 24.0, ""order_date"": ""2026-03-16""}}",48,5832.0,4.0,0,20,0,0.0,0.0,N/A,154.0,133.91,Band C,4.0,60,18,54,0,0,0,0,125,60
FC-001,"Biscuit, Confectionary & Snacks",Parle Products,FC-Alpha,SKU-00139,"Parle Orange Bite Candy, Bigger, 585g Jar (150Pcs x 3.9g)",Candies,3,14,4,VND-039,PARLE BISCUITS PRIVATE LIMITED - Region Epsilon,200000,VALUE,48,12,4.0,4873.0,12,"{""sellable"": 12.0, ""contingency"": null, ""pending_putaway"": null, ""under_transfer"": null}",3,0.768,11/03/26,{},48,0.0,0.0,0,20,0,0.0,0.0,N/A,140.69,108.61,Band C,4.0,60,18,54,0,0,0,0,154,60
FC-001,"Biscuit, Confectionary & Snacks",Parle Products,FC-Alpha,SKU-00140,"Parle Mango Bite Candy, Bigger, 585g Jar (150Pcs x 3.9g)",Candies,1,14,4,VND-033,BAJRANG TRADERS - Region Alpha,150000,VALUE,48,12,4.0,5832.0,20,"{""sellable"": 19.0, ""contingency"": null, ""pending_putaway"": 1.0, ""under_transfer"": null}",2,0.768,16/03/26,{},12,0.0,0.0,12,22,1,1476.36,0.0092,FAIL,141.48,123.03,Band C,10.0,32,18,36,4,16,1,1,102,44
FC-001,"Biscuit, Confectionary & Snacks",Parle Products,FC-Alpha,SKU-00140,"Parle Mango Bite Candy, Bigger, 585g Jar (150Pcs x 3.9g)",Candies,3,14,4,VND-036,PANKAJ ENTERPRISES - Region Alpha,200000,VALUE,48,12,4.0,5832.0,20,"{""sellable"": 19.0, ""contingency"": null, ""pending_putaway"": 1.0, ""under_transfer"": null}",2,0.768,16/03/26,"{""open_po_1"": {""promise_date"": ""2026-03-16"", ""orderedquantity"": 12.0, ""order_item_amount"": 1457.88, ""open_po_cases"": 1.0, ""mrp"": 141.0, ""price_per_unit"": 121.49000000000001, ""order_id"": ""PO-00017"", ""po_raising_drr"": 2.0, ""po_raising_total_space"": 48.0, ""po_raising_final_available_space"": 12.0, ""order_date"": ""2026-03-13""}}",12,1458.0,1.0,12,22,1,1497.36,0.0092,FAIL,139.67,124.78,Band C,10.0,32,18,36,4,16,1,1,134,44
FC-001,"Biscuit, Confectionary & Snacks",Parle Products,FC-Alpha,SKU-00140,"Parle Mango Bite Candy, Bigger, 585g Jar (150Pcs x 3.9g)",Candies,3,14,4,VND-039,PARLE BISCUITS PRIVATE LIMITED - Region Epsilon,200000,VALUE,48,12,4.0,5414.0,20,"{""sellable"": 19.0, ""contingency"": null, ""pending_putaway"": 1.0, ""under_transfer"": null}",2,0.768,16/03/26,{},12,0.0,0.0,12,22,1,1356.96,0.0092,FAIL,122.23,113.08,Band C,10.0,32,18,36,4,16,1,1,148,44
FC-001,"Biscuit, Confectionary & Snacks",Parle Products,FC-Alpha,SKU-00262,"Parle Coconut Crunchy Cookies, 60g Pack",Cookies,1,16,4,VND-033,BAJRANG TRADERS - Region Alpha,150000,VALUE,1368,72,19.0,10493.0,12,"{""sellable"": 12.0, ""contingency"": null, ""pending_putaway"": null, ""under_transfer"": null}",284,0.095,16/03/26,"{""open_po_1"": {""promise_date"": ""2026-03-17"", ""orderedquantity"": 360.0, ""order_item_amount"": 2761.2, ""open_po_cases"": 5.0, ""mrp"": 8.9, ""price_per_unit"": 7.67, ""order_id"": ""PO-00042"", ""po_raising_drr"": 284.0, ""po_raising_total_space"": 1368.0, ""po_raising_final_available_space"": 392.0, ""order_date"": ""2026-03-16""}, ""open_po_2"": {""promise_date"": ""2026-03-16"", ""orderedquantity"": 648.0, ""order_item_amount"": 4970.16, ""open_po_cases"": 9.0, ""mrp"": 8.9, ""price_per_unit"": 7.67, ""order_id"": ""PO-00055"", ""po_raising_drr"": 253.0, ""po_raising_total_space"": 1368.0, ""po_raising_final_available_space"": 794.0, ""order_date"": ""2026-03-14""}, ""open_po_3"": {""promise_date"": ""2026-03-16"", ""orderedquantity"": 72.0, ""order_item_amount"": 552.24, ""open_po_cases"": 1.0, ""mrp"": 8.9, ""price_per_unit"": 7.67, ""order_id"": ""PO-00023"", ""po_raising_drr"": 142.0, ""po_raising_total_space"": 1368.0, ""po_raising_final_available_space"": 116.0, ""order_date"": ""2026-03-12""}}",1800,13806.0,25.0,0,6,0,0.0,0.0,N/A,7.88,7.82,Band B,0.04225352112676056,1812,20,5680,3868,0,0,54,267,1812
FC-001,"Biscuit, Confectionary & Snacks",Parle Products,FC-Alpha,SKU-00262,"Parle Coconut Crunchy Cookies, 60g Pack",Cookies,3,16,4,VND-036,PANKAJ ENTERPRISES - Region Alpha,200000,VALUE,1368,72,19.0,10493.0,12,"{""sellable"": 12.0, ""contingency"": null, ""pending_putaway"": null, ""under_transfer"": null}",284,0.095,16/03/26,"{""open_po_1"": {""promise_date"": ""2026-03-17"", ""orderedquantity"": 360.0, ""order_item_amount"": 2761.2, ""open_po_cases"": 5.0, ""mrp"": 8.9, ""price_per_unit"": 7.67, ""order_id"": ""PO-00043"", ""po_raising_drr"": 284.0, ""po_raising_total_space"": 1368.0, ""po_raising_final_available_space"": 392.0, ""order_date"": ""2026-03-16""}, ""open_po_2"": {""promise_date"": ""2026-03-16"", ""orderedquantity"": 360.0, ""order_item_amount"": 2761.2, ""open_po_cases"": 5.0, ""mrp"": 8.9, ""price_per_unit"": 7.67, ""order_id"": ""PO-00017"", ""po_raising_drr"": 158.0, ""po_raising_total_space"": 1368.0, ""po_raising_final_available_space"": 384.0, ""order_date"": ""2026-03-13""}}",1800,13806.0,25.0,0,6,0,0.0,0.0,N/A,9.3,8.1,Band B,0.04225352112676056,1812,20,5680,3868,0,0,54,343,1812
FC-001,"Biscuit, Confectionary & Snacks",Parle Products,FC-Alpha,SKU-00262,"Parle Coconut Crunchy Cookies, 60g Pack",Cookies,3,16,4,VND-039,PARLE BISCUITS PRIVATE LIMITED - Region Epsilon,200000,VALUE,1368,72,19.0,9631.0,12,"{""sellable"": 12.0, ""contingency"": null, ""pending_putaway"": null, ""under_transfer"": null}",284,0.095,16/03/26,{},1800,0.0,0.0,0,6,0,0.0,0.0,N/A,9.66,7.83,Band B,0.04225352112676056,1812,20,5680,3868,0,0,54,355,1812
FC-001,"Biscuit, Confectionary & Snacks",Parle Products,FC-Alpha,SKU-00263,"Parle Kaccha Mango Bite Candy, Bigger, 217.8g Pack (55Pcs x 3.96g)",Candies,1,14,4,VND-033,BAJRANG TRADERS - Region Alpha,150000,VALUE,96,48,2.0,4665.0,0,"{""sellable"": null, ""contingency"": null, ""pending_putaway"": null, ""under_transfer"": null}",19,0.22,16/03/26,"{""open_po_1"": {""promise_date"": ""2026-03-17"", ""orderedquantity"": 48.0, ""order_item_amount"": 2332.32, ""open_po_cases"": 1.0, ""mrp"": 56.4, ""price_per_unit"": 48.59, ""order_id"": ""PO-00042"", ""po_raising_drr"": 19.0, ""po_raising_total_space"": 96.0, ""po_raising_final_available_space"": 67.0, ""order_date"": ""2026-03-16""}}",144,6543.0,3.0,0,7,0,0.0,0.0,N/A,57.81,50.58,Band C,0.0,144,18,342,198,0,0,5,62,144
FC-001,"Biscuit, Confectionary & Snacks",Parle Products,FC-Alpha,SKU-00263,"Parle Kaccha Mango Bite Candy, Bigger, 217.8g Pack (55Pcs x 3.96g)",Candies,3,14,4,VND-036,PANKAJ ENTERPRISES - Region Alpha,200000,VALUE,96,48,2.0,4211.0,0,"{""sellable"": null, ""contingency"": null, ""pending_putaway"": null, ""under_transfer"": null}",19,0.22,16/03/26,"{""open_po_1"": {""promise_date"": ""2026-03-17"", ""orderedquantity"": 48.0, ""order_item_amount"": 2105.28, ""open_po_cases"": 1.0, ""mrp"": 50.0, ""price_per_unit"": 43.86000000000001, ""order_id"": ""PO-00043"", ""po_raising_drr"": 19.0, ""po_raising_total_space"": 96.0, ""po_raising_final_available_space"": 67.0, ""order_date"": ""2026-03-16""}, ""open_po_2"": {""promise_date"": ""2026-03-16"", ""orderedquantity"": 48.0, ""order_item_amount"": 2105.28, ""open_po_cases"": 1.0, ""mrp"": 50.0, ""price_per_unit"": 43.86000000000001, ""order_id"": ""PO-00017"", ""po_raising_drr"": 11.0, ""po_raising_total_space"": 96.0, ""po_raising_final_available_space"": 48.0, ""order_date"": ""2026-03-13""}}",144,6543.0,3.0,0,7,0,0.0,0.0,N/A,56.93,47.3,Band C,0.0,144,18,342,198,0,0,5,89,144
FC-001,"Biscuit, Confectionary & Snacks",Parle Products,FC-Alpha,SKU-00263,"Parle Kaccha Mango Bite Candy, Bigger, 217.8g Pack (55Pcs x 3.96g)",Candies,3,14,4,VND-039,PARLE BISCUITS PRIVATE LIMITED - Region Epsilon,200000,VALUE,96,48,2.0,3283.0,0,"{""sellable"": null, ""contingency"": null, ""pending_putaway"": null, ""under_transfer"": null}",19,0.22,16/03/26,{},144,0.0,0.0,0,7,0,0.0,0.0,N/A,54.86,30.71,Band C,0.0,144,18,342,198,0,0,5,136,144
FC-001,"Biscuit, Confectionary & Snacks",Parle Products,FC-Alpha,SKU-00272,"Parle Hide & Seek Choco Rolls, 10Rs Pack",Cream Biscuits,1,14,4,VND-033,BAJRANG TRADERS - Region Alpha,150000,VALUE,1024,128,8.0,7854.0,29,"{""sellable"": 13.0, ""contingency"": null, ""pending_putaway"": 16.0, ""under_transfer"": null}",94,0.028,11/03/26,"{""open_po_1"": {""promise_date"": ""2026-03-17"", ""orderedquantity"": 512.0, ""order_item_amount"": 3927.04, ""open_po_cases"": 4.0, ""mrp"": 8.9, ""price_per_unit"": 7.67, ""order_id"": ""PO-00042"", ""po_raising_drr"": 94.0, ""po_raising_total_space"": 1024.0, ""po_raising_final_available_space"": 627.0, ""order_date"": ""2026-03-16""}, ""open_po_2"": {""promise_date"": ""2026-03-16"", ""orderedquantity"": 128.0, ""order_item_amount"": 981.76, ""open_po_cases"": 1.0, ""mrp"": 8.9, ""price_per_unit"": 7.67, ""order_id"": ""PO-00055"", ""po_raising_drr"": 90.0, ""po_raising_total_space"": 1024.0, ""po_raising_final_available_space"": 295.0, ""order_date"": ""2026-03-14""}, ""open_po_3"": {""promise_date"": ""2026-03-11"", ""orderedquantity"": 256.0, ""order_item_amount"": 1963.52, ""open_po_cases"": 2.0, ""mrp"": 8.9, ""price_per_unit"": 7.67, ""order_id"": ""PO-00005"", ""po_raising_drr"": 84.0, ""po_raising_total_space"": 1024.0, ""po_raising_final_available_space"": 323.0, ""order_date"": ""2026-03-10""}}",1408,10799.0,11.0,0,15,0,0.0,0.0,N/A,8.33,7.58,Band B,0.30851063829787234,1437,18,1692,255,0,0,2,155,1437
FC-001,"Biscuit, Confectionary & Snacks",Parle Products,FC-Alpha,SKU-00272,"Parle Hide & Seek Choco Rolls, 10Rs Pack",Cream Biscuits,3,14,4,VND-036,PANKAJ ENTERPRISES - Region Alpha,200000,VALUE,1024,128,8.0,7854.0,29,"{""sellable"": 13.0, ""contingency"": null, ""pending_putaway"": 16.0, ""under_transfer"": null}",94,0.028,11/03/26,"{""open_po_1"": {""promise_date"": ""2026-03-17"", ""orderedquantity"": 512.0, ""order_item_amount"": 3927.04, ""open_po_cases"": 4.0, ""mrp"": 8.9, ""price_per_unit"": 7.67, ""order_id"": ""PO-00043"", ""po_raising_drr"": 94.0, ""po_raising_total_space"": 1024.0, ""po_raising_final_available_space"": 627.0, ""order_date"": ""2026-03-16""}}",1408,10799.0,11.0,0,15,0,0.0,0.0,N/A,9.88,6.54,Band B,0.30851063829787234,1437,18,1692,255,0,0,2,239,1437
FC-001,"Biscuit, Confectionary & Snacks",Parle Products,FC-Alpha,SKU-00272,"Parle Hide & Seek Choco Rolls, 10Rs Pack",Cream Biscuits,3,14,4,VND-039,PARLE BISCUITS PRIVATE LIMITED - Region Epsilon,200000,VALUE,1024,128,8.0,6892.0,29,"{""sellable"": 13.0, ""contingency"": null, ""pending_putaway"": 16.0, ""under_transfer"": null}",94,0.028,11/03/26,{},1408,0.0,0.0,0,15,0,0.0,0.0,N/A,8.25,6.22,Band B,0.30851063829787234,1437,18,1692,255,0,0,2,252,1437
FC-001,"Biscuit, Confectionary & Snacks",Parle Products,FC-Alpha,SKU-00276,"Parle Magix Sandwich Biscuits (Round), Elaichi, 29g Pack",Cream Biscuits,3,9,5,VND-036,PANKAJ ENTERPRISES - Region Alpha,200000,VALUE,1728,144,12.0,6636.0,1260,"{""sellable"": 1260.0, ""contingency"": null, ""pending_putaway"": null, ""under_transfer"": null}",30,0.038,16/03/26,"{""open_po_1"": {""promise_date"": ""2026-03-17"", ""orderedquantity"": 144.0, ""order_item_amount"": 552.96, ""open_po_cases"": 1.0, ""mrp"": 4.45, ""price_per_unit"": 3.8400000000000003, ""order_id"": ""PO-00043"", ""po_raising_drr"": 30.0, ""po_raising_total_space"": 1728.0, ""po_raising_final_available_space"": 180.0, ""order_date"": ""2026-03-16""}, ""open_po_2"": {""promise_date"": ""2026-03-16"", ""orderedquantity"": 144.0, ""order_item_amount"": 552.96, ""open_po_cases"": 1.0, ""mrp"": 4.45, ""price_per_unit"": 3.8400000000000003, ""order_id"": ""PO-00024"", ""po_raising_drr"": 24.0, ""po_raising_total_space"": 1728.0, ""po_raising_final_available_space"": 324.0, ""order_date"": ""2026-03-12""}, ""open_po_3"": {""promise_date"": ""2026-03-16"", ""orderedquantity"": 144.0, ""order_item_amount"": 552.96, ""open_po_cases"": 1.0, ""mrp"": 4.45, ""price_per_unit"": 3.8400000000000003, ""order_id"": ""PO-00017"", ""po_raising_drr"": 24.0, ""po_raising_total_space"": 1728.0, ""po_raising_final_available_space"": 180.0, ""order_date"": ""2026-03-13""}}",432,1659.0,3.0,0,56,0,0.0,0.0,N/A,5.07,4.1,Band C,42.0,1692,14,420,0,36,0,0,339,1692
FC-001,"Biscuit, Confectionary & Snacks",Parle Products,FC-Alpha,SKU-00298,"Parle Mazelo Candies, Assorted, 217.8g Pack",Candies,1,14,4,VND-033,BAJRANG TRADERS - Region Alpha,150000,VALUE,96,48,2.0,4665.0,12,"{""sellable"": 12.0, ""contingency"": null, ""pending_putaway"": null, ""under_transfer"": null}",3,0.203,17/03/26,"{""open_po_1"": {""promise_date"": ""2026-03-17"", ""orderedquantity"": 48.0, ""order_item_amount"": 2332.32, ""open_po_cases"": 1.0, ""mrp"": 56.4, ""price_per_unit"": 48.59, ""order_id"": ""PO-00042"", ""po_raising_drr"": 3.0, ""po_raising_total_space"": 96.0, ""po_raising_final_available_space"": 84.0, ""order_date"": ""2026-03-16""}, ""open_po_2"": {""promise_date"": null, ""orderedquantity"": 48.0, ""order_item_amount"": 2332.32, ""open_po_cases"": 1.0, ""mrp"": 56.4, ""price_per_unit"": 48.59, ""order_id"": ""PO-00034"", ""po_raising_drr"": 3.0, ""po_raising_total_space"": 96.0, ""po_raising_final_available_space"": 36.0, ""order_date"": ""2026-03-16""}}",96,4665.0,2.0,0,36,0,0.0,0.0,N/A,64.12,55.76,Band C,4.0,108,18,54,0,0,0,0,57,108
FC-001,"Biscuit, Confectionary & Snacks",Parle Products,FC-Alpha,SKU-00298,"Parle Mazelo Candies, Assorted, 217.8g Pack",Candies,3,14,4,VND-039,PARLE BISCUITS PRIVATE LIMITED - Region Epsilon,200000,VALUE,96,48,2.0,3283.0,12,"{""sellable"": 12.0, ""contingency"": null, ""pending_putaway"": null, ""under_transfer"": null}",3,0.203,17/03/26,{},96,0.0,0.0,0,36,0,0.0,0.0,N/A,65.03,30.09,Band C,4.0,108,18,54,0,0,0,0,139,108
FC-001,"Biscuit, Confectionary & Snacks",Parle Products,FC-Alpha,SKU-00305,"Parle Rusk Real Elaichi, Premium, 182g Pack",Rusks,1,14,4,VND-033,BAJRANG TRADERS - Region Alpha,150000,VALUE,336,48,7.0,11579.0,36,"{""sellable"": 31.0, ""contingency"": null, ""pending_putaway"": 3.0, ""under_transfer"": null}",17,0.2,11/03/26,"{""open_po_1"": {""promise_date"": ""2026-03-17"", ""orderedquantity"": 48.0, ""order_item_amount"": 1654.08, ""open_po_cases"": 1.0, ""mrp"": 40.0, ""price_per_unit"": 34.46, ""order_id"": ""PO-00042"", ""po_raising_drr"": 17.0, ""po_raising_total_space"": 336.0, ""po_raising_final_available_space"": 65.0, ""order_date"": ""2026-03-16""}, ""open_po_2"": {""promise_date"": ""2026-03-16"", ""orderedquantity"": 48.0, ""order_item_amount"": 1654.08, ""open_po_cases"": 1.0, ""mrp"": 40.0, ""price_per_unit"": 34.46, ""order_id"": ""PO-00023"", ""po_raising_drr"": 18.0, ""po_raising_total_space"": 336.0, ""po_raising_final_available_space"": 67.0, ""order_date"": ""2026-03-12""}, ""open_po_3"": {""promise_date"": ""2026-03-11"", ""orderedquantity"": 192.0, ""order_item_amount"": 6616.32, ""open_po_cases"": 4.0, ""mrp"": 40.0, ""price_per_unit"": 34.46, ""order_id"": ""PO-00005"", ""po_raising_drr"": 19.0, ""po_raising_total_space"": 336.0, ""po_raising_final_available_space"": 270.0, ""order_date"": ""2026-03-10""}}",336,11537.0,7.0,0,21,0,0.0,0.0,N/A,34.52,33.44,Band B,2.1176470588235294,372,18,306,0,0,0,0,94,372
FC-001,"Biscuit, Confectionary & Snacks",Parle Products,FC-Alpha,SKU-00305,"Parle Rusk Real Elaichi, Premium, 182g Pack",Rusks,3,14,4,VND-036,PANKAJ ENTERPRISES - Region Alpha,200000,VALUE,336,48,7.0,11290.0,36,"{""sellable"": 31.0, ""contingency"": null, ""pending_putaway"": 3.0, ""under_transfer"": null}",17,0.2,11/03/26,"{""open_po_1"": {""promise_date"": ""2026-03-17"", ""orderedquantity"": 48.0, ""order_item_amount"": 1612.8, ""open_po_cases"": 1.0, ""mrp"": 40.0, ""price_per_unit"": 33.6, ""order_id"": ""PO-00043"", ""po_raising_drr"": 17.0, ""po_raising_total_space"": 336.0, ""po_raising_final_available_space"": 65.0, ""order_date"": ""2026-03-16""}}",336,11537.0,7.0,0,21,0,0.0,0.0,N/A,44.69,36.62,Band B,2.1176470588235294,372,18,306,0,0,0,0,114,372
FC-001,"Biscuit, Confectionary & Snacks",Parle Products,FC-Alpha,SKU-00305,"Parle Rusk Real Elaichi, Premium, 182g Pack",Rusks,3,14,4,VND-039,PARLE BISCUITS PRIVATE LIMITED - Region Epsilon,200000,VALUE,336,48,7.0,11155.0,36,"{""sellable"": 31.0, ""contingency"": null, ""pending_putaway"": 3.0, ""under_transfer"": null}",17,0.2,11/03/26,{},336,0.0,0.0,0,21,0,0.0,0.0,N/A,40.33,30.25,Band B,2.1176470588235294,372,18,306,0,0,0,0,138,372
FC-001,"Biscuit, Confectionary & Snacks",Parle Products,FC-Alpha,SKU-00363,"Parle Happy Happy Cakes, Tutti Frutty, 10Rs Pack",Cakes,1,14,4,VND-033,BAJRANG TRADERS - Region Alpha,150000,VALUE,300,60,5.0,2301.0,12,"{""sellable"": 12.0, ""contingency"": null, ""pending_putaway"": null, ""under_transfer"": null}",15,0.032,16/03/26,"{""open_po_1"": {""promise_date"": ""2026-03-17"", ""orderedquantity"": 60.0, ""order_item_amount"": 460.2, ""open_po_cases"": 1.0, ""mrp"": 8.9, ""price_per_unit"": 7.67, ""order_id"": ""PO-00042"", ""po_raising_drr"": 15.0, ""po_raising_total_space"": 300.0, ""po_raising_final_available_space"": 111.0, ""order_date"": ""2026-03-16""}, ""open_po_2"": {""promise_date"": ""2026-03-16"", ""orderedquantity"": 120.0, ""order_item_amount"": 920.4, ""open_po_cases"": 2.0, ""mrp"": 8.9, ""price_per_unit"": 7.67, ""order_id"": ""PO-00023"", ""po_raising_drr"": 38.0, ""po_raising_total_space"": 300.0, ""po_raising_final_available_space"": 157.0, ""order_date"": ""2026-03-12""}}",300,2301.0,5.0,0,20,0,0.0,0.0,N/A,10.22,7.8,Band C,0.8,312,18,270,0,0,0,0,321,312
FC-001,"Biscuit, Confectionary & Snacks",Parle Products,FC-Alpha,SKU-00363,"Parle Happy Happy Cakes, Tutti Frutty, 10Rs Pack",Cakes,3,14,4,VND-036,PANKAJ ENTERPRISES - Region Alpha,200000,VALUE,300,60,5.0,2301.0,12,"{""sellable"": 12.0, ""contingency"": null, ""pending_putaway"": null, ""under_transfer"": null}",15,0.032,16/03/26,"{""open_po_1"": {""promise_date"": ""2026-03-17"", ""orderedquantity"": 60.0, ""order_item_amount"": 460.2, ""open_po_cases"": 1.0, ""mrp"": 8.9, ""price_per_unit"": 7.67, ""order_id"": ""PO-00043"", ""po_raising_drr"": 15.0, ""po_raising_total_space"": 300.0, ""po_raising_final_available_space"": 111.0, ""order_date"": ""2026-03-16""}, ""open_po_2"": {""promise_date"": ""2026-03-16"", ""orderedquantity"": 60.0, ""order_item_amount"": 460.2, ""open_po_cases"": 1.0, ""mrp"": 8.9, ""price_per_unit"": 7.67, ""order_id"": ""PO-00017"", ""po_raising_drr"": 29.0, ""po_raising_total_space"": 300.0, ""po_raising_final_available_space"": 88.0, ""order_date"": ""2026-03-13""}}",300,2301.0,5.0,0,20,0,0.0,0.0,N/A,9.44,8.21,Band C,0.8,312,18,270,0,0,0,0,407,312
FC-001,"Biscuit, Confectionary & Snacks",Parle Products,FC-Alpha,SKU-00363,"Parle Happy Happy Cakes, Tutti Frutty, 10Rs Pack",Cakes,3,14,4,VND-039,PARLE BISCUITS PRIVATE LIMITED - Region Epsilon,200000,VALUE,300,60,5.0,2217.0,12,"{""sellable"": 12.0, ""contingency"": null, ""pending_putaway"": null, ""under_transfer"": null}",15,0.032,16/03/26,{},300,0.0,0.0,0,20,0,0.0,0.0,N/A,9.04,7.65,Band C,0.8,312,18,270,0,0,0,0,436,312
FC-001,"Biscuit, Confectionary & Snacks",Parle Products,FC-Alpha,SKU-00370,"Parle Monaco Classic Regular, 185.6g Pack",Crackers & Sweet Biscuits,1,14,4,VND-033,BAJRANG TRADERS - Region Alpha,150000,VALUE,42,42,1.0,1288.0,0,"{""sellable"": null, ""contingency"": null, ""pending_putaway"": null, ""under_transfer"": null}",4,0.22,11/03/26,"{""open_po_1"": {""promise_date"": ""2026-03-11"", ""orderedquantity"": 42.0, ""order_item_amount"": 1288.14, ""open_po_cases"": 1.0, ""mrp"": 35.6, ""price_per_unit"": 30.67, ""order_id"": ""PO-00005"", ""po_raising_drr"": 9.0, ""po_raising_total_space"": 42.0, ""po_raising_final_available_space"": 42.0, ""order_date"": ""2026-03-10""}}",42,1288.0,1.0,0,10,0,0.0,0.0,N/A,40.61,27.8,Band C,0.0,42,18,72,30,0,0,1,129,42
FC-001,"Biscuit, Confectionary & Snacks",Parle Products,FC-Alpha,SKU-00370,"Parle Monaco Classic Regular, 185.6g Pack",Crackers & Sweet Biscuits,3,14,4,VND-036,PANKAJ ENTERPRISES - Region Alpha,200000,VALUE,42,42,1.0,1250.0,0,"{""sellable"": null, ""contingency"": null, ""pending_putaway"": null, ""under_transfer"": null}",4,0.22,11/03/26,{},42,0.0,0.0,0,10,0,0.0,0.0,N/A,35.85,28.46,Band C,0.0,42,18,72,30,0,0,1,168,42
FC-001,"Biscuit, Confectionary & Snacks",Parle Products,FC-Alpha,SKU-00370,"Parle Monaco Classic Regular, 185.6g Pack",Crackers & Sweet Biscuits,3,14,4,VND-039,PARLE BISCUITS PRIVATE LIMITED - Region Epsilon,200000,VALUE,42,42,1.0,1150.0,0,"{""sellable"": null, ""contingency"": null, ""pending_putaway"": null, ""under_transfer"": null}",4,0.22,11/03/26,{},42,0.0,0.0,0,10,0,0.0,0.0,N/A,36.36,29.7,Band C,0.0,42,18,72,30,0,0,1,161,42
FC-001,"Biscuit, Confectionary & Snacks",Parle Products,FC-Alpha,SKU-00371,"Parle Rusk Milk, Premium, 182g Pack",Rusks,1,14,4,VND-033,BAJRANG TRADERS - Region Alpha,150000,VALUE,96,48,2.0,3308.0,47,"{""sellable"": 47.0, ""contingency"": null, ""pending_putaway"": null, ""under_transfer"": null}",2,0.182,16/03/26,"{""open_po_1"": {""promise_date"": ""2026-03-16"", ""orderedquantity"": 48.0, ""order_item_amount"": 1654.08, ""open_po_cases"": 1.0, ""mrp"": 40.0, ""price_per_unit"": 34.46, ""order_id"": ""PO-00023"", ""po_raising_drr"": 6.0, ""po_raising_total_space"": 96.0, ""po_raising_final_available_space"": 49.0, ""order_date"": ""2026-03-12""}}",48,1654.0,1.0,0,47,0,0.0,0.0,N/A,42.35,35.02,Band C,23.5,95,18,36,0,1,0,0,90,95
FC-001,"Biscuit, Confectionary & Snacks",Parle Products,FC-Alpha,SKU-00371,"Parle Rusk Milk, Premium, 182g Pack",Rusks,3,14,4,VND-036,PANKAJ ENTERPRISES - Region Alpha,200000,VALUE,96,48,2.0,3226.0,47,"{""sellable"": 47.0, ""contingency"": null, ""pending_putaway"": null, ""under_transfer"": null}",2,0.182,16/03/26,{},48,0.0,0.0,0,47,0,0.0,0.0,N/A,39.45,28.61,Band C,23.5,95,18,36,0,1,0,0,146,95
FC-001,"Biscuit, Confectionary & Snacks",Parle Products,FC-Alpha,SKU-00371,"Parle Rusk Milk, Premium, 182g Pack",Rusks,3,14,4,VND-039,PARLE BISCUITS PRIVATE LIMITED - Region Epsilon,200000,VALUE,96,48,2.0,3187.0,47,"{""sellable"": 47.0, ""contingency"": null, ""pending_putaway"": null, ""under_transfer"": null}",2,0.182,16/03/26,{},48,0.0,0.0,0,47,0,0.0,0.0,N/A,41.53,35.8,Band C,23.5,95,18,36,0,1,0,0,117,95
FC-001,"Biscuit, Confectionary & Snacks",Parle Products,FC-Alpha,SKU-00392,"Parle Hide & Seek Chocolate Chip Cookies, 200g Pack",Cookies,1,14,4,VND-033,BAJRANG TRADERS - Region Alpha,150000,VALUE,60,60,1.0,2761.0,2,"{""sellable"": 2.0, ""contingency"": null, ""pending_putaway"": null, ""under_transfer"": null}",0,0.205,,{},0,0.0,0.0,0,0,0,0.0,0.0,N/A,54.75,39.6,Band C,0.0,2,18,0,0,58,0,0,0,2
FC-001,"Biscuit, Confectionary & Snacks",Parle Products,FC-Alpha,SKU-00392,"Parle Hide & Seek Chocolate Chip Cookies, 200g Pack",Cookies,3,14,4,VND-036,PANKAJ ENTERPRISES - Region Alpha,200000,VALUE,60,60,1.0,2761.0,2,"{""sellable"": 2.0, ""contingency"": null, ""pending_putaway"": null, ""under_transfer"": null}",0,0.205,,{},0,0.0,0.0,0,0,0,0.0,0.0,N/A,59.83,49.4,Band C,0.0,2,18,0,0,58,0,0,0,2
FC-001,"Biscuit, Confectionary & Snacks",Parle Products,FC-Alpha,SKU-00392,"Parle Hide & Seek Chocolate Chip Cookies, 200g Pack",Cookies,3,14,4,VND-039,PARLE BISCUITS PRIVATE LIMITED - Region Epsilon,200000,VALUE,60,60,1.0,2341.0,2,"{""sellable"": 2.0, ""contingency"": null, ""pending_putaway"": null, ""under_transfer"": null}",0,0.205,,{},0,0.0,0.0,0,0,0,0.0,0.0,N/A,46.64,35.54,Band C,0.0,2,18,0,0,58,0,0,0,2
FC-001,"Biscuit, Confectionary & Snacks",Parle Products,FC-Alpha,SKU-00570,"Parle-G Original Gluco Biscuits, 80g Pack",Glucose Biscuits,1,16,4,VND-033,BAJRANG TRADERS - Region Alpha,150000,VALUE,4032,72,56.0,31974.0,604,"{""sellable"": 411.0, ""contingency"": null, ""pending_putaway"": 193.0, ""under_transfer"": null}",569,0.098,16/03/26,"{""open_po_1"": {""promise_date"": ""2026-03-17"", ""orderedquantity"": 1008.0, ""order_item_amount"": 7993.44, ""open_po_cases"": 14.0, ""mrp"": 9.0, ""price_per_unit"": 7.93, ""order_id"": ""PO-00042"", ""po_raising_drr"": 569.0, ""po_raising_total_space"": 4032.0, ""po_raising_final_available_space"": 1070.0, ""order_date"": ""2026-03-16""}, ""open_po_2"": {""promise_date"": ""2026-03-16"", ""orderedquantity"": 72.0, ""order_item_amount"": 570.96, ""open_po_cases"": 1.0, ""mrp"": 9.0, ""price_per_unit"": 7.930000000000001, ""order_id"": ""PO-00023"", ""po_raising_drr"": 175.0, ""po_raising_total_space"": 4032.0, ""po_raising_final_available_space"": 1276.0, ""order_date"": ""2026-03-12""}, ""open_po_3"": {""promise_date"": ""2026-03-16"", ""orderedquantity"": 1440.0, ""order_item_amount"": 11419.2, ""open_po_cases"": 20.0, ""mrp"": 9.0, ""price_per_unit"": 7.930000000000001, ""order_id"": ""PO-00055"", ""po_raising_drr"": 274.0, ""po_raising_total_space"": 4032.0, ""po_raising_final_available_space"": 1555.0, ""order_date"": ""2026-03-14""}}",4464,35341.0,62.0,0,8,0,0.0,0.0,N/A,10.37,9.02,Band A,1.0615114235500878,5068,20,11380,6312,0,0,88,231,5068
FC-001,"Biscuit, Confectionary & Snacks",Parle Products,FC-Alpha,SKU-00570,"Parle-G Original Gluco Biscuits, 80g Pack",Glucose Biscuits,3,16,4,VND-036,PANKAJ ENTERPRISES - Region Alpha,200000,VALUE,4032,72,56.0,31853.0,604,"{""sellable"": 411.0, ""contingency"": null, ""pending_putaway"": 193.0, ""under_transfer"": null}",569,0.098,16/03/26,"{""open_po_1"": {""promise_date"": ""2026-03-17"", ""orderedquantity"": 1008.0, ""order_item_amount"": 7963.2, ""open_po_cases"": 14.0, ""mrp"": 9.0, ""price_per_unit"": 7.8999999999999995, ""order_id"": ""PO-00043"", ""po_raising_drr"": 569.0, ""po_raising_total_space"": 4032.0, ""po_raising_final_available_space"": 1070.0, ""order_date"": ""2026-03-16""}, ""open_po_2"": {""promise_date"": ""2026-03-16"", ""orderedquantity"": 288.0, ""order_item_amount"": 2275.2, ""open_po_cases"": 4.0, ""mrp"": 9.0, ""price_per_unit"": 7.8999999999999995, ""order_id"": ""PO-00024"", ""po_raising_drr"": 175.0, ""po_raising_total_space"": 4032.0, ""po_raising_final_available_space"": 1420.0, ""order_date"": ""2026-03-12""}, ""open_po_3"": {""promise_date"": ""2026-03-16"", ""orderedquantity"": 648.0, ""order_item_amount"": 5119.2, ""open_po_cases"": 9.0, ""mrp"": 9.0, ""price_per_unit"": 7.8999999999999995, ""order_id"": ""PO-00017"", ""po_raising_drr"": 191.0, ""po_raising_total_space"": 4032.0, ""po_raising_final_available_space"": 1432.0, ""order_date"": ""2026-03-13""}}",4464,35341.0,62.0,0,8,0,0.0,0.0,N/A,10.22,7.59,Band A,1.0615114235500878,5068,20,11380,6312,0,0,88,366,5068
FC-001,"Biscuit, Confectionary & Snacks",Parle Products,FC-Alpha,SKU-00570,"Parle-G Original Gluco Biscuits, 80g Pack",Glucose Biscuits,3,16,4,VND-039,PARLE BISCUITS PRIVATE LIMITED - Region Epsilon,200000,VALUE,4032,72,56.0,31288.0,604,"{""sellable"": 411.0, ""contingency"": null, ""pending_putaway"": 193.0, ""under_transfer"": null}",569,0.098,16/03/26,{},4464,0.0,0.0,0,8,0,0.0,0.0,N/A,10.05,7.36,Band A,1.0615114235500878,5068,20,11380,6312,0,0,88,378,5068
FC-001,"Biscuit, Confectionary & Snacks",Parle Products,FC-Alpha,SKU-00571,"Parle Top Delicious Rich Buttery Crackers, 10Rs Pack",Crackers & Sweet Biscuits,1,16,4,VND-033,BAJRANG TRADERS - Region Alpha,150000,VALUE,10488,72,146.0,80443.0,1501,"{""sellable"": 1485.0, ""contingency"": null, ""pending_putaway"": 16.0, ""under_transfer"": null}",673,0.063,11/03/26,"{""open_po_1"": {""promise_date"": ""2026-03-17"", ""orderedquantity"": 4176.0, ""order_item_amount"": 32029.92, ""open_po_cases"": 87.0, ""mrp"": 8.9, ""price_per_unit"": 7.67, ""order_id"": ""PO-00042"", ""po_raising_drr"": 673.0, ""po_raising_total_space"": 10488.0, ""po_raising_final_available_space"": 4189.0, ""order_date"": ""2026-03-16""}, ""open_po_2"": {""promise_date"": ""2026-03-16"", ""orderedquantity"": 1800.0, ""order_item_amount"": 13806.0, ""open_po_cases"": 37.5, ""mrp"": 8.9, ""price_per_unit"": 7.67, ""order_id"": ""PO-00023"", ""po_raising_drr"": 773.0, ""po_raising_total_space"": 10488.0, ""po_raising_final_available_space"": 1838.0, ""order_date"": ""2026-03-12""}, ""open_po_3"": {""promise_date"": ""2026-03-16"", ""orderedquantity"": 1224.0, ""order_item_amount"": 9388.08, ""open_po_cases"": 25.5, ""mrp"": 8.9, ""price_per_unit"": 7.67, ""order_id"": ""PO-00055"", ""po_raising_drr"": 707.0, ""po_raising_total_space"": 10488.0, ""po_raising_final_available_space"": 1214.0, ""order_date"": ""2026-03-14""}, ""open_po_4"": {""promise_date"": ""2026-03-11"", ""orderedquantity"": 1080.0, ""order_item_amount"": 8283.6, ""open_po_cases"": 22.5, ""mrp"": 8.9, ""price_per_unit"": 7.67, ""order_id"": ""PO-00005"", ""po_raising_drr"": 720.0, ""po_raising_total_space"": 10488.0, ""po_raising_final_available_space"": 1105.0, ""order_date"": ""2026-03-10""}}",13104,99398.0,273.0,0,21,0,0.0,0.0,N/A,8.78,6.86,Band A,2.2303120356612185,14605,20,13460,0,0,0,0,304,14605
FC-001,"Biscuit, Confectionary & Snacks",Parle Products,FC-Alpha,SKU-00571,"Parle Top Delicious Rich Buttery Crackers, 10Rs Pack",Crackers & Sweet Biscuits,3,16,4,VND-036,PANKAJ ENTERPRISES - Region Alpha,200000,VALUE,10488,72,146.0,78031.0,1501,"{""sellable"": 1485.0, ""contingency"": null, ""pending_putaway"": 16.0, ""under_transfer"": null}",673,0.063,11/03/26,"{""open_po_1"": {""promise_date"": ""2026-03-17"", ""orderedquantity"": 4176.0, ""order_item_amount"": 31069.44, ""open_po_cases"": 87.0, ""mrp"": 8.9, ""price_per_unit"": 7.4399999999999995, ""order_id"": ""PO-00043"", ""po_raising_drr"": 673.0, ""po_raising_total_space"": 10488.0, ""po_raising_final_available_space"": 4189.0, ""order_date"": ""2026-03-16""}, ""open_po_2"": {""promise_date"": ""2026-03-16"", ""orderedquantity"": 648.0, ""order_item_amount"": 4821.12, ""open_po_cases"": 13.5, ""mrp"": 8.9, ""price_per_unit"": 7.4399999999999995, ""order_id"": ""PO-00017"", ""po_raising_drr"": 720.0, ""po_raising_total_space"": 10488.0, ""po_raising_final_available_space"": 673.0, ""order_date"": ""2026-03-13""}}",13104,99398.0,273.0,0,21,0,0.0,0.0,N/A,9.22,7.01,Band A,2.2303120356612185,14605,20,13460,0,0,0,0,397,14605
FC-001,"Biscuit, Confectionary & Snacks",Parle Products,FC-Alpha,SKU-00571,"Parle Top Delicious Rich Buttery Crackers, 10Rs Pack",Crackers & Sweet Biscuits,3,16,4,VND-039,PARLE BISCUITS PRIVATE LIMITED - Region Epsilon,200000,VALUE,10488,72,146.0,73836.0,1501,"{""sellable"": 1485.0, ""contingency"": null, ""pending_putaway"": 16.0, ""under_transfer"": null}",673,0.063,11/03/26,{},13104,0.0,0.0,0,21,0,0.0,0.0,N/A,8.4,7.84,Band A,2.2303120356612185,14605,20,13460,0,0,0,0,355,14605
FC-001,"Biscuit, Confectionary & Snacks",Parle Products,FC-Alpha,SKU-00572,"Parle Monaco Classic Regular, 46.4g Pack",Crackers & Sweet Biscuits,1,16,4,VND-033,BAJRANG TRADERS - Region Alpha,150000,VALUE,1404,120,12.0,10769.0,110,"{""sellable"": 104.0, ""contingency"": null, ""pending_putaway"": null, ""under_transfer"": null}",131,0.062,11/03/26,"{""open_po_1"": {""promise_date"": ""2026-03-17"", ""orderedquantity"": 240.0, ""order_item_amount"": 1840.8, ""open_po_cases"": 2.2222222222222223, ""mrp"": 8.9, ""price_per_unit"": 7.67, ""order_id"": ""PO-00042"", ""po_raising_drr"": 131.0, ""po_raising_total_space"": 1404.0, ""po_raising_final_available_space"": 327.0, ""order_date"": ""2026-03-16""}, ""open_po_2"": {""promise_date"": ""2026-03-16"", ""orderedquantity"": 600.0, ""order_item_amount"": 4602.0, ""open_po_cases"": 5.555555555555555, ""mrp"": 8.9, ""price_per_unit"": 7.67, ""order_id"": ""PO-00023"", ""po_raising_drr"": 134.0, ""po_raising_total_space"": 1404.0, ""po_raising_final_available_space"": 711.0, ""order_date"": ""2026-03-12""}, ""open_po_3"": {""promise_date"": ""2026-03-11"", ""orderedquantity"": 240.0, ""order_item_amount"": 1840.8, ""open_po_cases"": 2.2222222222222223, ""mrp"": 8.9, ""price_per_unit"": 7.67, ""order_id"": ""PO-00005"", ""po_raising_drr"": 127.0, ""po_raising_total_space"": 1404.0, ""po_raising_final_available_space"": 256.0, ""order_date"": ""2026-03-10""}}",1560,11855.0,14.0,0,12,0,0.0,0.0,N/A,10.13,8.81,Band A,0.8396946564885496,1670,20,2620,950,0,0,8,142,1670
FC-001,"Biscuit, Confectionary & Snacks",Parle Products,FC-Alpha,SKU-00572,"Parle Monaco Classic Regular, 46.4g Pack",Crackers & Sweet Biscuits,3,16,4,VND-036,PANKAJ ENTERPRISES - Region Alpha,200000,VALUE,1404,120,12.0,10446.0,110,"{""sellable"": 104.0, ""contingency"": null, ""pending_putaway"": null, ""under_transfer"": null}",131,0.062,11/03/26,"{""open_po_1"": {""promise_date"": ""2026-03-17"", ""orderedquantity"": 240.0, ""order_item_amount"": 1785.6, ""open_po_cases"": 2.2222222222222223, ""mrp"": 8.9, ""price_per_unit"": 7.4399999999999995, ""order_id"": ""PO-00043"", ""po_raising_drr"": 131.0, ""po_raising_total_space"": 1404.0, ""po_raising_final_available_space"": 327.0, ""order_date"": ""2026-03-16""}, ""open_po_2"": {""promise_date"": ""2026-03-16"", ""orderedquantity"": 240.0, ""order_item_amount"": 1785.6, ""open_po_cases"": 2.2222222222222223, ""mrp"": 8.9, ""price_per_unit"": 7.4399999999999995, ""order_id"": ""PO-00017"", ""po_raising_drr"": 133.0, ""po_raising_total_space"": 1404.0, ""po_raising_final_available_space"": 304.0, ""order_date"": ""2026-03-13""}}",1560,11855.0,14.0,0,12,0,0.0,0.0,N/A,8.8,7.15,Band A,0.8396946564885496,1670,20,2620,950,0,0,8,234,1670
FC-001,"Biscuit, Confectionary & Snacks",Parle Products,FC-Alpha,SKU-00572,"Parle Monaco Classic Regular, 46.4g Pack",Crackers & Sweet Biscuits,3,16,4,VND-039,PARLE BISCUITS PRIVATE LIMITED - Region Epsilon,200000,VALUE,1404,120,12.0,10741.0,110,"{""sellable"": 104.0, ""contingency"": null, ""pending_putaway"": null, ""under_transfer"": null}",131,0.062,11/03/26,{},1560,0.0,0.0,0,12,0,0.0,0.0,N/A,8.6,7.53,Band A,0.8396946564885496,1670,20,2620,950,0,0,8,222,1670
FC-001,"Biscuit, Confectionary & Snacks",Parle Products,FC-Alpha,SKU-00573,"Parle Hide & Seek Chocolate Chip Cookies, 100g Pack",Cookies,1,14,4,VND-033,BAJRANG TRADERS - Region Alpha,150000,VALUE,360,90,4.0,8280.0,80,"{""sellable"": 75.0, ""contingency"": null, ""pending_putaway"": 5.0, ""under_transfer"": null}",15,0.103,16/03/26,"{""open_po_1"": {""promise_date"": ""2026-03-17"", ""orderedquantity"": 90.0, ""order_item_amount"": 2070.0, ""open_po_cases"": 1.25, ""mrp"": 26.7, ""price_per_unit"": 23.0, ""order_id"": ""PO-00042"", ""po_raising_drr"": 15.0, ""po_raising_total_space"": 360.0, ""po_raising_final_available_space"": 102.0, ""order_date"": ""2026-03-16""}, ""open_po_2"": {""promise_date"": ""2026-03-16"", ""orderedquantity"": 180.0, ""order_item_amount"": 4140.0, ""open_po_cases"": 2.5, ""mrp"": 26.7, ""price_per_unit"": 23.0, ""order_id"": ""PO-00023"", ""po_raising_drr"": 29.0, ""po_raising_total_space"": 360.0, ""po_raising_final_available_space"": 203.0, ""order_date"": ""2026-03-12""}}",360,8280.0,5.0,0,29,0,0.0,0.0,N/A,27.37,24.53,Band B,5.333333333333333,440,18,270,0,0,0,0,68,440
FC-001,"Biscuit, Confectionary & Snacks",Parle Products,FC-Alpha,SKU-00573,"Parle Hide & Seek Chocolate Chip Cookies, 100g Pack",Cookies,3,14,4,VND-036,PANKAJ ENTERPRISES - Region Alpha,200000,VALUE,360,90,4.0,8280.0,80,"{""sellable"": 75.0, ""contingency"": null, ""pending_putaway"": 5.0, ""under_transfer"": null}",15,0.103,16/03/26,"{""open_po_1"": {""promise_date"": ""2026-03-17"", ""orderedquantity"": 90.0, ""order_item_amount"": 2070.0, ""open_po_cases"": 1.25, ""mrp"": 26.7, ""price_per_unit"": 23.0, ""order_id"": ""PO-00043"", ""po_raising_drr"": 15.0, ""po_raising_total_space"": 360.0, ""po_raising_final_available_space"": 102.0, ""order_date"": ""2026-03-16""}}",360,8280.0,5.0,0,29,0,0.0,0.0,N/A,29.51,25.66,Band B,5.333333333333333,440,18,270,0,0,0,0,87,440
FC-001,"Biscuit, Confectionary & Snacks",Parle Products,FC-Alpha,SKU-00573,"Parle Hide & Seek Chocolate Chip Cookies, 100g Pack",Cookies,3,14,4,VND-039,PARLE BISCUITS PRIVATE LIMITED - Region Epsilon,200000,VALUE,360,90,4.0,7272.0,80,"{""sellable"": 75.0, ""contingency"": null, ""pending_putaway"": 5.0, ""under_transfer"": null}",15,0.103,16/03/26,{},360,0.0,0.0,0,29,0,0.0,0.0,N/A,30.84,20.76,Band B,5.333333333333333,440,18,270,0,0,0,0,108,440
FC-001,"Biscuit, Confectionary & Snacks",Parle Products,FC-Alpha,SKU-00588,"Parle Happy Happy Choco-Chip Cookies, 10Rs Pack",Cookies,1,16,4,VND-033,BAJRANG TRADERS - Region Alpha,150000,VALUE,3264,96,34.0,25035.0,102,"{""sellable"": 84.0, ""contingency"": null, ""pending_putaway"": null, ""under_transfer"": null}",186,0.063,11/03/26,"{""open_po_1"": {""promise_date"": ""2026-03-17"", ""orderedquantity"": 1440.0, ""order_item_amount"": 11044.8, ""open_po_cases"": 15.0, ""mrp"": 8.9, ""price_per_unit"": 7.67, ""order_id"": ""PO-00042"", ""po_raising_drr"": 186.0, ""po_raising_total_space"": 3264.0, ""po_raising_final_available_space"": 1710.0, ""order_date"": ""2026-03-16""}, ""open_po_2"": {""promise_date"": ""2026-03-16"", ""orderedquantity"": 384.0, ""order_item_amount"": 2945.28, ""open_po_cases"": 4.0, ""mrp"": 8.9, ""price_per_unit"": 7.670000000000001, ""order_id"": ""PO-00023"", ""po_raising_drr"": 282.0, ""po_raising_total_space"": 3264.0, ""po_raising_final_available_space"": 421.0, ""order_date"": ""2026-03-12""}, ""open_po_3"": {""promise_date"": ""2026-03-11"", ""orderedquantity"": 1056.0, ""order_item_amount"": 8099.52, ""open_po_cases"": 11.0, ""mrp"": 8.9, ""price_per_unit"": 7.670000000000001, ""order_id"": ""PO-00005"", ""po_raising_drr"": 292.0, ""po_raising_total_space"": 3264.0, ""po_raising_final_available_space"": 1127.0, ""order_date"": ""2026-03-10""}}",4608,35343.0,48.0,0,25,0,0.0,0.0,N/A,10.2,7.42,Band A,0.5483870967741935,4710,20,3720,0,0,0,0,211,4710
FC-001,"Biscuit, Confectionary & Snacks",Parle Products,FC-Alpha,SKU-00588,"Parle Happy Happy Choco-Chip Cookies, 10Rs Pack",Cookies,3,16,4,VND-036,PANKAJ ENTERPRISES - Region Alpha,200000,VALUE,3264,96,34.0,25035.0,102,"{""sellable"": 84.0, ""contingency"": null, ""pending_putaway"": null, ""under_transfer"": null}",186,0.063,11/03/26,"{""open_po_1"": {""promise_date"": ""2026-03-17"", ""orderedquantity"": 1536.0, ""order_item_amount"": 11781.12, ""open_po_cases"": 16.0, ""mrp"": 8.9, ""price_per_unit"": 7.670000000000001, ""order_id"": ""PO-00043"", ""po_raising_drr"": 186.0, ""po_raising_total_space"": 3264.0, ""po_raising_final_available_space"": 1710.0, ""order_date"": ""2026-03-16""}, ""open_po_2"": {""promise_date"": ""2026-03-16"", ""orderedquantity"": 192.0, ""order_item_amount"": 1472.64, ""open_po_cases"": 2.0, ""mrp"": 8.9, ""price_per_unit"": 7.670000000000001, ""order_id"": ""PO-00017"", ""po_raising_drr"": 284.0, ""po_raising_total_space"": 3264.0, ""po_raising_final_available_space"": 327.0, ""order_date"": ""2026-03-13""}}",4608,35343.0,48.0,0,25,0,0.0,0.0,N/A,9.43,7.47,Band A,0.5483870967741935,4710,20,3720,0,0,0,0,279,4710
FC-001,"Biscuit, Confectionary & Snacks",Parle Products,FC-Alpha,SKU-00588,"Parle Happy Happy Choco-Chip Cookies, 10Rs Pack",Cookies,3,16,4,VND-039,PARLE BISCUITS PRIVATE LIMITED - Region Epsilon,200000,VALUE,3264,96,34.0,24970.0,102,"{""sellable"": 84.0, ""contingency"": null, ""pending_putaway"": null, ""under_transfer"": null}",186,0.063,11/03/26,{},4608,0.0,0.0,0,25,0,0.0,0.0,N/A,9.1,8.1,Band A,0.5483870967741935,4710,20,3720,0,0,0,0,258,4710
FC-001,"Biscuit, Confectionary & Snacks",Parle Products,FC-Alpha,SKU-00589,"Parle Happy Happy Choco-Chip Cookies, 30g Pack",Cookies,1,16,4,VND-033,BAJRANG TRADERS - Region Alpha,150000,VALUE,30384,144,211.0,130651.0,10752,"{""sellable"": 10656.0, ""contingency"": null, ""pending_putaway"": 72.0, ""under_transfer"": null}",1724,0.033,11/03/26,"{""open_po_1"": {""promise_date"": ""2026-03-17"", ""orderedquantity"": 3168.0, ""order_item_amount"": 12133.44, ""open_po_cases"": 22.0, ""mrp"": 4.45, ""price_per_unit"": 3.83, ""order_id"": ""PO-00042"", ""po_raising_drr"": 1724.0, ""po_raising_total_space"": 30384.0, ""po_raising_final_available_space"": 5420.0, ""order_date"": ""2026-03-16""}, ""open_po_2"": {""promise_date"": ""2026-03-16"", ""orderedquantity"": 2880.0, ""order_item_amount"": 11030.4, ""open_po_cases"": 20.0, ""mrp"": 4.45, ""price_per_unit"": 3.83, ""order_id"": ""PO-00023"", ""po_raising_drr"": 2350.0, ""po_raising_total_space"": 30384.0, ""po_raising_final_available_space"": 2898.0, ""order_date"": ""2026-03-12""}, ""open_po_3"": {""promise_date"": ""2026-03-16"", ""orderedquantity"": 2880.0, ""order_item_amount"": 11030.4, ""open_po_cases"": 20.0, ""mrp"": 4.45, ""price_per_unit"": 3.83, ""order_id"": ""PO-00055"", ""po_raising_drr"": 2011.0, ""po_raising_total_space"": 30384.0, ""po_raising_final_available_space"": 2818.0, ""order_date"": ""2026-03-14""}, ""open_po_4"": {""promise_date"": ""2026-03-11"", ""orderedquantity"": 6480.0, ""order_item_amount"": 24818.4, ""open_po_cases"": 45.0, ""mrp"": 4.45, ""price_per_unit"": 3.83, ""order_id"": ""PO-00005"", ""po_raising_drr"": 2117.0, ""po_raising_total_space"": 30384.0, ""po_raising_final_available_space"": 6529.0, ""order_date"": ""2026-03-10""}}",22176,84934.0,154.0,0,19,0,0.0,0.0,N/A,4.71,3.66,Band A,6.236658932714617,32928,20,34480,1552,0,0,11,285,32928
FC-001,"Biscuit, Confectionary & Snacks",Parle Products,FC-Alpha,SKU-00589,"Parle Happy Happy Choco-Chip Cookies, 30g Pack",Cookies,3,16,4,VND-036,PANKAJ ENTERPRISES - Region Alpha,200000,VALUE,30384,144,211.0,116371.0,10752,"{""sellable"": 10656.0, ""contingency"": null, ""pending_putaway"": 72.0, ""under_transfer"": null}",1724,0.033,11/03/26,"{""open_po_1"": {""promise_date"": ""2026-03-17"", ""orderedquantity"": 5328.0, ""order_item_amount"": 20406.24, ""open_po_cases"": 37.0, ""mrp"": 4.45, ""price_per_unit"": 3.8300000000000005, ""order_id"": ""PO-00043"", ""po_raising_drr"": 1724.0, ""po_raising_total_space"": 30384.0, ""po_raising_final_available_space"": 5420.0, ""order_date"": ""2026-03-16""}, ""open_po_2"": {""promise_date"": ""2026-03-16"", ""orderedquantity"": 1440.0, ""order_item_amount"": 5515.2, ""open_po_cases"": 10.0, ""mrp"": 4.45, ""price_per_unit"": 3.83, ""order_id"": ""PO-00017"", ""po_raising_drr"": 2156.0, ""po_raising_total_space"": 30384.0, ""po_raising_final_available_space"": 1504.0, ""order_date"": ""2026-03-13""}}",22176,84934.0,154.0,0,19,0,0.0,0.0,N/A,4.87,3.97,Band A,6.236658932714617,32928,20,34480,1552,0,0,11,350,32928
FC-001,"Biscuit, Confectionary & Snacks",Parle Products,FC-Alpha,SKU-00590,"Parle 20-20 Cashew Cookies, 25g Pack",Cookies,1,13,4,VND-033,BAJRANG TRADERS - Region Alpha,150000,VALUE,864,144,6.0,3715.0,309,"{""sellable"": 294.0, ""contingency"": null, ""pending_putaway"": 12.0, ""under_transfer"": null}",115,0.037,11/03/26,"{""open_po_1"": {""promise_date"": ""2026-03-17"", ""orderedquantity"": 144.0, ""order_item_amount"": 619.2, ""open_po_cases"": 1.0, ""mrp"": 5.0, ""price_per_unit"": 4.300000000000001, ""order_id"": ""PO-00042"", ""po_raising_drr"": 115.0, ""po_raising_total_space"": 864.0, ""po_raising_final_available_space"": 207.0, ""order_date"": ""2026-03-16""}, ""open_po_2"": {""promise_date"": ""2026-03-16"", ""orderedquantity"": 144.0, ""order_item_amount"": 619.2, ""open_po_cases"": 1.0, ""mrp"": 5.0, ""price_per_unit"": 4.300000000000001, ""order_id"": ""PO-00055"", ""po_raising_drr"": 107.0, ""po_raising_total_space"": 864.0, ""po_raising_final_available_space"": 252.0, ""order_date"": ""2026-03-14""}, ""open_po_3"": {""promise_date"": ""2026-03-11"", ""orderedquantity"": 288.0, ""order_item_amount"": 1238.4, ""open_po_cases"": 2.0, ""mrp"": 5.0, ""price_per_unit"": 4.300000000000001, ""order_id"": ""PO-00005"", ""po_raising_drr"": 203.0, ""po_raising_total_space"": 864.0, ""po_raising_final_available_space"": 327.0, ""order_date"": ""2026-03-10""}, ""open_po_4"": {""promise_date"": null, ""orderedquantity"": 144.0, ""order_item_amount"": 619.2, ""open_po_cases"": 1.0, ""mrp"": 5.0, ""price_per_unit"": 4.300000000000001, ""order_id"": ""PO-00034"", ""po_raising_drr"": 115.0, ""po_raising_total_space"": 864.0, ""po_raising_final_available_space"": 63.0, ""order_date"": ""2026-03-16""}}",720,3096.0,5.0,0,8,0,0.0,0.0,N/A,5.28,4.11,Band C,2.6869565217391305,1029,17,1955,926,0,0,7,254,1029
FC-001,"Biscuit, Confectionary & Snacks",Parle Products,FC-Alpha,SKU-00603,"Parle Krack Jack Sweet & Salty Crackers, 176.4g Pack",Crackers & Sweet Biscuits,1,14,4,VND-033,BAJRANG TRADERS - Region Alpha,150000,VALUE,80,40,2.0,2454.0,37,"{""sellable"": 37.0, ""contingency"": null, ""pending_putaway"": null, ""under_transfer"": null}",8,0.27,17/03/26,"{""open_po_1"": {""promise_date"": ""2026-03-17"", ""orderedquantity"": 40.0, ""order_item_amount"": 1226.8, ""open_po_cases"": 1.0, ""mrp"": 35.6, ""price_per_unit"": 30.669999999999998, ""order_id"": ""PO-00042"", ""po_raising_drr"": 8.0, ""po_raising_total_space"": 80.0, ""po_raising_final_available_space"": 44.0, ""order_date"": ""2026-03-16""}, ""open_po_2"": {""promise_date"": ""2026-03-17"", ""orderedquantity"": 40.0, ""order_item_amount"": 1226.8, ""open_po_cases"": 1.0, ""mrp"": 35.6, ""price_per_unit"": 30.669999999999998, ""order_id"": ""PO-00034"", ""po_raising_drr"": 8.0, ""po_raising_total_space"": 80.0, ""po_raising_final_available_space"": 4.0, ""order_date"": ""2026-03-16""}}",80,2454.0,2.0,0,14,0,0.0,0.0,N/A,38.39,33.38,Band C,4.625,117,18,144,27,0,0,1,113,117
FC-001,"Biscuit, Confectionary & Snacks",Parle Products,FC-Alpha,SKU-00603,"Parle Krack Jack Sweet & Salty Crackers, 176.4g Pack",Crackers & Sweet Biscuits,3,14,4,VND-039,PARLE BISCUITS PRIVATE LIMITED - Region Epsilon,200000,VALUE,80,40,2.0,2380.0,37,"{""sellable"": 37.0, ""contingency"": null, ""pending_putaway"": null, ""under_transfer"": null}",8,0.27,17/03/26,{},80,0.0,0.0,0,14,0,0.0,0.0,N/A,39.31,26.12,Band C,4.625,117,18,144,27,0,0,1,192,117
FC-001,"Biscuit, Confectionary & Snacks",Parle Products,FC-Alpha,SKU-00604,"Parle Magix Sandwich Biscuits (Round), Chocolate, 29g Pack",Cream Biscuits,3,9,5,VND-036,PANKAJ ENTERPRISES - Region Alpha,200000,VALUE,1152,144,8.0,4424.0,840,"{""sellable"": 840.0, ""contingency"": null, ""pending_putaway"": null, ""under_transfer"": null}",10,0.037,16/03/26,"{""open_po_1"": {""promise_date"": ""2026-03-17"", ""orderedquantity"": 144.0, ""order_item_amount"": 552.96, ""open_po_cases"": 1.0, ""mrp"": 4.45, ""price_per_unit"": 3.8400000000000003, ""order_id"": ""PO-00043"", ""po_raising_drr"": 10.0, ""po_raising_total_space"": 1152.0, ""po_raising_final_available_space"": 178.0, ""order_date"": ""2026-03-16""}, ""open_po_2"": {""promise_date"": ""2026-03-16"", ""orderedquantity"": 144.0, ""order_item_amount"": 552.96, ""open_po_cases"": 1.0, ""mrp"": 4.45, ""price_per_unit"": 3.8400000000000003, ""order_id"": ""PO-00024"", ""po_raising_drr"": 10.0, ""po_raising_total_space"": 1152.0, ""po_raising_final_available_space"": 274.0, ""order_date"": ""2026-03-12""}}",288,1106.0,2.0,0,112,0,0.0,0.0,N/A,4.88,3.94,Band C,84.0,1128,14,140,0,24,0,0,353,1128
FC-001,"Biscuit, Confectionary & Snacks",Parle Products,FC-Alpha,SKU-00626,"Parle Magix Sandwich Biscuits (Round), Strawberry, 41.7g Pack",Cream Biscuits,3,9,5,VND-036,PANKAJ ENTERPRISES - Region Alpha,200000,VALUE,864,144,6.0,3318.0,18,"{""sellable"": 18.0, ""contingency"": null, ""pending_putaway"": null, ""under_transfer"": null}",47,0.05,16/03/26,"{""open_po_1"": {""promise_date"": ""2026-03-17"", ""orderedquantity"": 144.0, ""order_item_amount"": 552.96, ""open_po_cases"": 1.0, ""mrp"": 4.45, ""price_per_unit"": 3.8400000000000003, ""order_id"": ""PO-00043"", ""po_raising_drr"": 47.0, ""po_raising_total_space"": 864.0, ""po_raising_final_available_space"": 173.0, ""order_date"": ""2026-03-16""}, ""open_po_2"": {""promise_date"": ""2026-03-16"", ""orderedquantity"": 576.0, ""order_item_amount"": 2211.84, ""open_po_cases"": 4.0, ""mrp"": 4.45, ""price_per_unit"": 3.8400000000000003, ""order_id"": ""PO-00024"", ""po_raising_drr"": 50.0, ""po_raising_total_space"": 864.0, ""po_raising_final_available_space"": 864.0, ""order_date"": ""2026-03-12""}, ""open_po_3"": {""promise_date"": ""2026-03-16"", ""orderedquantity"": 144.0, ""order_item_amount"": 552.96, ""open_po_cases"": 1.0, ""mrp"": 4.45, ""price_per_unit"": 3.8400000000000003, ""order_id"": ""PO-00017"", ""po_raising_drr"": 51.0, ""po_raising_total_space"": 864.0, ""po_raising_final_available_space"": 309.0, ""order_date"": ""2026-03-13""}}",864,3318.0,6.0,0,18,0,0.0,0.0,N/A,4.75,4.0,Band B,0.3829787234042553,882,14,658,0,0,0,0,348,882
FC-001,"Biscuit, Confectionary & Snacks",Parle Products,FC-Alpha,SKU-00695,"Parle Hide & Seek Chocolate Chip Cookies, 33g Pack",Cookies,1,16,4,VND-033,BAJRANG TRADERS - Region Alpha,150000,VALUE,2080,160,13.0,15954.0,1220,"{""sellable"": 1220.0, ""contingency"": null, ""pending_putaway"": null, ""under_transfer"": null}",198,0.04,16/03/26,"{""open_po_1"": {""promise_date"": ""2026-03-17"", ""orderedquantity"": 160.0, ""order_item_amount"": 1227.2, ""open_po_cases"": 1.0, ""mrp"": 8.9, ""price_per_unit"": 7.67, ""order_id"": ""PO-00042"", ""po_raising_drr"": 198.0, ""po_raising_total_space"": 2080.0, ""po_raising_final_available_space"": 238.0, ""order_date"": ""2026-03-16""}, ""open_po_2"": {""promise_date"": ""2026-03-16"", ""orderedquantity"": 320.0, ""order_item_amount"": 2454.4, ""open_po_cases"": 2.0, ""mrp"": 8.9, ""price_per_unit"": 7.67, ""order_id"": ""PO-00023"", ""po_raising_drr"": 194.0, ""po_raising_total_space"": 2080.0, ""po_raising_final_available_space"": 500.0, ""order_date"": ""2026-03-12""}, ""open_po_3"": {""promise_date"": ""2026-03-16"", ""orderedquantity"": 160.0, ""order_item_amount"": 1227.2, ""open_po_cases"": 1.0, ""mrp"": 8.9, ""price_per_unit"": 7.67, ""order_id"": ""PO-00055"", ""po_raising_drr"": 190.0, ""po_raising_total_space"": 2080.0, ""po_raising_final_available_space"": 280.0, ""order_date"": ""2026-03-14""}}",1120,8590.0,7.0,0,11,0,0.0,0.0,N/A,9.2,6.67,Band A,6.161616161616162,2340,20,3960,1620,0,0,11,141,2340
FC-001,"Biscuit, Confectionary & Snacks",Parle Products,FC-Alpha,SKU-00695,"Parle Hide & Seek Chocolate Chip Cookies, 33g Pack",Cookies,3,16,4,VND-036,PANKAJ ENTERPRISES - Region Alpha,200000,VALUE,2080,160,13.0,15954.0,1220,"{""sellable"": 1220.0, ""contingency"": null, ""pending_putaway"": null, ""under_transfer"": null}",198,0.04,16/03/26,"{""open_po_1"": {""promise_date"": ""2026-03-17"", ""orderedquantity"": 160.0, ""order_item_amount"": 1227.2, ""open_po_cases"": 1.0, ""mrp"": 8.9, ""price_per_unit"": 7.67, ""order_id"": ""PO-00043"", ""po_raising_drr"": 198.0, ""po_raising_total_space"": 2080.0, ""po_raising_final_available_space"": 238.0, ""order_date"": ""2026-03-16""}, ""open_po_2"": {""promise_date"": ""2026-03-16"", ""orderedquantity"": 160.0, ""order_item_amount"": 1227.2, ""open_po_cases"": 1.0, ""mrp"": 8.9, ""price_per_unit"": 7.67, ""order_id"": ""PO-00024"", ""po_raising_drr"": 194.0, ""po_raising_total_space"": 2080.0, ""po_raising_final_available_space"": 180.0, ""order_date"": ""2026-03-12""}, ""open_po_3"": {""promise_date"": ""2026-03-16"", ""orderedquantity"": 160.0, ""order_item_amount"": 1227.2, ""open_po_cases"": 1.0, ""mrp"": 8.9, ""price_per_unit"": 7.67, ""order_id"": ""PO-00017"", ""po_raising_drr"": 271.0, ""po_raising_total_space"": 2080.0, ""po_raising_final_available_space"": 291.0, ""order_date"": ""2026-03-13""}}",1120,8590.0,7.0,0,11,0,0.0,0.0,N/A,8.68,7.85,Band A,6.161616161616162,2340,20,3960,1620,0,0,11,160,2340
FC-001,"Biscuit, Confectionary & Snacks",Parle Products,FC-Alpha,SKU-00695,"Parle Hide & Seek Chocolate Chip Cookies, 33g Pack",Cookies,3,16,4,VND-039,PARLE BISCUITS PRIVATE LIMITED - Region Epsilon,200000,VALUE,2080,160,13.0,15912.0,1220,"{""sellable"": 1220.0, ""contingency"": null, ""pending_putaway"": null, ""under_transfer"": null}",198,0.04,16/03/26,{},1120,0.0,0.0,0,11,0,0.0,0.0,N/A,10.17,7.79,Band A,6.161616161616162,2340,20,3960,1620,0,0,11,161,2340
FC-001,"Biscuit, Confectionary & Snacks",Parle Products,FC-Alpha,SKU-00719,"Parle-G Original Gluco Biscuits, 200g Pack",Glucose Biscuits,1,14,4,VND-033,BAJRANG TRADERS - Region Alpha,150000,VALUE,144,48,3.0,3390.0,3,"{""sellable"": 3.0, ""contingency"": null, ""pending_putaway"": null, ""under_transfer"": null}",12,0.265,16/03/26,"{""open_po_1"": {""promise_date"": ""2026-03-16"", ""orderedquantity"": 48.0, ""order_item_amount"": 1129.92, ""open_po_cases"": 1.0, ""mrp"": 26.7, ""price_per_unit"": 23.540000000000003, ""order_id"": ""PO-00023"", ""po_raising_drr"": 13.0, ""po_raising_total_space"": 144.0, ""po_raising_final_available_space"": 56.0, ""order_date"": ""2026-03-12""}, ""open_po_2"": {""promise_date"": ""2026-03-16"", ""orderedquantity"": 48.0, ""order_item_amount"": 1129.92, ""open_po_cases"": 1.0, ""mrp"": 26.7, ""price_per_unit"": 23.540000000000003, ""order_id"": ""PO-00055"", ""po_raising_drr"": 15.0, ""po_raising_total_space"": 144.0, ""po_raising_final_available_space"": 78.0, ""order_date"": ""2026-03-14""}}",144,3384.0,3.0,0,12,0,0.0,0.0,N/A,29.63,23.97,Band C,0.25,147,18,216,69,0,0,2,131,147
FC-001,"Biscuit, Confectionary & Snacks",Parle Products,FC-Alpha,SKU-00719,"Parle-G Original Gluco Biscuits, 200g Pack",Glucose Biscuits,3,14,4,VND-036,PANKAJ ENTERPRISES - Region Alpha,200000,VALUE,144,48,3.0,3372.0,3,"{""sellable"": 3.0, ""contingency"": null, ""pending_putaway"": null, ""under_transfer"": null}",12,0.265,16/03/26,"{""open_po_1"": {""promise_date"": ""2026-03-16"", ""orderedquantity"": 48.0, ""order_item_amount"": 1124.16, ""open_po_cases"": 1.0, ""mrp"": 26.7, ""price_per_unit"": 23.42, ""order_id"": ""PO-00017"", ""po_raising_drr"": 26.0, ""po_raising_total_space"": 144.0, ""po_raising_final_available_space"": 72.0, ""order_date"": ""2026-03-13""}}",144,3384.0,3.0,0,12,0,0.0,0.0,N/A,27.77,24.15,Band C,0.25,147,18,216,69,0,0,2,173,147
FC-001,"Biscuit, Confectionary & Snacks",Parle Products,FC-Alpha,SKU-00719,"Parle-G Original Gluco Biscuits, 200g Pack",Glucose Biscuits,3,14,4,VND-039,PARLE BISCUITS PRIVATE LIMITED - Region Epsilon,200000,VALUE,144,48,3.0,3227.0,3,"{""sellable"": 3.0, ""contingency"": null, ""pending_putaway"": null, ""under_transfer"": null}",12,0.265,16/03/26,{},144,0.0,0.0,0,12,0,0.0,0.0,N/A,27.14,23.6,Band C,0.25,147,18,216,69,0,0,2,177,147
FC-001,"Biscuit, Confectionary & Snacks",Parle Products,FC-Alpha,SKU-00720,"Parle-G Original Gluco Biscuits, 45g Pack",Glucose Biscuits,1,16,4,VND-033,BAJRANG TRADERS - Region Alpha,150000,VALUE,9936,192,52.0,38949.0,618,"{""sellable"": 498.0, ""contingency"": null, ""pending_putaway"": 96.0, ""under_transfer"": null}",1013,0.052,11/03/26,"{""open_po_1"": {""promise_date"": ""2026-03-17"", ""orderedquantity"": 3072.0, ""order_item_amount"": 12042.24, ""open_po_cases"": 21.333333333333332, ""mrp"": 4.45, ""price_per_unit"": 3.92, ""order_id"": ""PO-00042"", ""po_raising_drr"": 1013.0, ""po_raising_total_space"": 9936.0, ""po_raising_final_available_space"": 3131.0, ""order_date"": ""2026-03-16""}, ""open_po_2"": {""promise_date"": ""2026-03-16"", ""orderedquantity"": 1728.0, ""order_item_amount"": 6773.76, ""open_po_cases"": 12.0, ""mrp"": 4.45, ""price_per_unit"": 3.92, ""order_id"": ""PO-00023"", ""po_raising_drr"": 737.0, ""po_raising_total_space"": 9936.0, ""po_raising_final_available_space"": 1753.0, ""order_date"": ""2026-03-12""}, ""open_po_3"": {""promise_date"": ""2026-03-16"", ""orderedquantity"": 2112.0, ""order_item_amount"": 8279.04, ""open_po_cases"": 14.666666666666666, ""mrp"": 4.45, ""price_per_unit"": 3.9200000000000004, ""order_id"": ""PO-00055"", ""po_raising_drr"": 1272.0, ""po_raising_total_space"": 9936.0, ""po_raising_final_available_space"": 3534.0, ""order_date"": ""2026-03-14""}, ""open_po_4"": {""promise_date"": ""2026-03-11"", ""orderedquantity"": 960.0, ""order_item_amount"": 3763.2, ""open_po_cases"": 6.666666666666667, ""mrp"": 4.45, ""price_per_unit"": 3.92, ""order_id"": ""PO-00005"", ""po_raising_drr"": 966.0, ""po_raising_total_space"": 9936.0, ""po_raising_final_available_space"": 1039.0, ""order_date"": ""2026-03-10""}}",12288,48081.0,85.0,0,12,0,0.0,0.0,N/A,4.29,4.28,Band A,0.6100691016781836,12906,20,20260,7354,0,0,39,183,12906
FC-001,"Biscuit, Confectionary & Snacks",Parle Products,FC-Alpha,SKU-00720,"Parle-G Original Gluco Biscuits, 45g Pack",Glucose Biscuits,3,16,4,VND-036,PANKAJ ENTERPRISES - Region Alpha,200000,VALUE,9936,192,52.0,38750.0,618,"{""sellable"": 498.0, ""contingency"": null, ""pending_putaway"": 96.0, ""under_transfer"": null}",1013,0.052,11/03/26,"{""open_po_1"": {""promise_date"": ""2026-03-17"", ""orderedquantity"": 3072.0, ""order_item_amount"": 11980.8, ""open_po_cases"": 21.333333333333332, ""mrp"": 4.45, ""price_per_unit"": 3.9, ""order_id"": ""PO-00043"", ""po_raising_drr"": 1013.0, ""po_raising_total_space"": 9936.0, ""po_raising_final_available_space"": 3131.0, ""order_date"": ""2026-03-16""}, ""open_po_2"": {""promise_date"": ""2026-03-16"", ""orderedquantity"": 1344.0, ""order_item_amount"": 5241.6, ""open_po_cases"": 9.333333333333334, ""mrp"": 4.45, ""price_per_unit"": 3.9000000000000004, ""order_id"": ""PO-00017"", ""po_raising_drr"": 775.0, ""po_raising_total_space"": 9936.0, ""po_raising_final_available_space"": 1472.0, ""order_date"": ""2026-03-13""}}",12288,48081.0,85.0,0,12,0,0.0,0.0,N/A,4.86,3.63,Band A,0.6100691016781836,12906,20,20260,7354,0,0,39,287,12906
FC-001,"Biscuit, Confectionary & Snacks",Parle Products,FC-Alpha,SKU-00771,"Parle Fab! Bourbon Sandwich Biscuits, Chocolate, 10Rs Pack",Cream Biscuits,1,14,4,VND-033,BAJRANG TRADERS - Region Alpha,150000,VALUE,1320,120,11.0,10124.0,140,"{""sellable"": null, ""contingency"": null, ""pending_putaway"": null, ""under_transfer"": 20.0}",211,0.062,11/03/26,"{""open_po_1"": {""promise_date"": ""2026-03-16"", ""orderedquantity"": 720.0, ""order_item_amount"": 5522.4, ""open_po_cases"": 6.0, ""mrp"": 8.9, ""price_per_unit"": 7.67, ""order_id"": ""PO-00055"", ""po_raising_drr"": 210.0, ""po_raising_total_space"": 1320.0, ""po_raising_final_available_space"": 780.0, ""order_date"": ""2026-03-14""}, ""open_po_2"": {""promise_date"": ""2026-03-11"", ""orderedquantity"": 480.0, ""order_item_amount"": 3681.6, ""open_po_cases"": 4.0, ""mrp"": 8.9, ""price_per_unit"": 7.67, ""order_id"": ""PO-00005"", ""po_raising_drr"": 165.0, ""po_raising_total_space"": 1320.0, ""po_raising_final_available_space"": 581.0, ""order_date"": ""2026-03-10""}}",1200,9204.0,10.0,0,6,0,0.0,0.0,N/A,10.2,8.42,Band B,0.6635071090047393,1340,18,3798,2458,0,0,21,149,1340
FC-001,"Biscuit, Confectionary & Snacks",Parle Products,FC-Alpha,SKU-00771,"Parle Fab! Bourbon Sandwich Biscuits, Chocolate, 10Rs Pack",Cream Biscuits,3,14,4,VND-039,PARLE BISCUITS PRIVATE LIMITED - Region Epsilon,200000,VALUE,1320,120,11.0,8884.0,140,"{""sellable"": null, ""contingency"": null, ""pending_putaway"": null, ""under_transfer"": 20.0}",211,0.062,11/03/26,{},1200,0.0,0.0,0,6,0,0.0,0.0,N/A,8.06,6.73,Band B,0.6635071090047393,1340,18,3798,2458,0,0,21,248,1340
FC-001,"Biscuit, Confectionary & Snacks",Parle Products,FC-Alpha,SKU-00831,"Parle Marie Biscuits, 10Rs Pack",Marie Biscuits,1,14,4,VND-033,BAJRANG TRADERS - Region Alpha,150000,VALUE,1153,72,16.0,8844.0,67,"{""sellable"": 7.0, ""contingency"": null, ""pending_putaway"": null, ""under_transfer"": null}",52,0.063,16/03/26,"{""open_po_1"": {""promise_date"": ""2026-03-17"", ""orderedquantity"": 72.0, ""order_item_amount"": 552.24, ""open_po_cases"": 1.0, ""mrp"": 8.9, ""price_per_unit"": 7.67, ""order_id"": ""PO-00042"", ""po_raising_drr"": 52.0, ""po_raising_total_space"": 1153.0, ""po_raising_final_available_space"": 274.0, ""order_date"": ""2026-03-16""}, ""open_po_2"": {""promise_date"": ""2026-03-16"", ""orderedquantity"": 216.0, ""order_item_amount"": 1656.72, ""open_po_cases"": 3.0, ""mrp"": 8.9, ""price_per_unit"": 7.67, ""order_id"": ""PO-00023"", ""po_raising_drr"": 51.0, ""po_raising_total_space"": 1153.0, ""po_raising_final_available_space"": 709.0, ""order_date"": ""2026-03-12""}, ""open_po_3"": {""promise_date"": ""2026-03-16"", ""orderedquantity"": 144.0, ""order_item_amount"": 1104.48, ""open_po_cases"": 2.0, ""mrp"": 8.9, ""price_per_unit"": 7.67, ""order_id"": ""PO-00055"", ""po_raising_drr"": 68.0, ""po_raising_total_space"": 1153.0, ""po_raising_final_available_space"": 329.0, ""order_date"": ""2026-03-14""}}",1008,7599.0,14.0,72,22,1,482.4,0.0045,FAIL,9.15,6.7,Band B,1.2884615384615385,1075,18,936,0,78,1,0,311,1147
FC-001,"Biscuit, Confectionary & Snacks",Parle Products,FC-Alpha,SKU-00831,"Parle Marie Biscuits, 10Rs Pack",Marie Biscuits,3,14,4,VND-036,PANKAJ ENTERPRISES - Region Alpha,200000,VALUE,1153,72,16.0,8578.0,67,"{""sellable"": 7.0, ""contingency"": null, ""pending_putaway"": null, ""under_transfer"": null}",52,0.063,16/03/26,"{""open_po_1"": {""promise_date"": ""2026-03-17"", ""orderedquantity"": 72.0, ""order_item_amount"": 535.68, ""open_po_cases"": 1.0, ""mrp"": 8.9, ""price_per_unit"": 7.4399999999999995, ""order_id"": ""PO-00043"", ""po_raising_drr"": 52.0, ""po_raising_total_space"": 1153.0, ""po_raising_final_available_space"": 274.0, ""order_date"": ""2026-03-16""}, ""open_po_2"": {""promise_date"": ""2026-03-16"", ""orderedquantity"": 288.0, ""order_item_amount"": 2142.72, ""open_po_cases"": 4.0, ""mrp"": 8.9, ""price_per_unit"": 7.4399999999999995, ""order_id"": ""PO-00024"", ""po_raising_drr"": 51.0, ""po_raising_total_space"": 1153.0, ""po_raising_final_available_space"": 493.0, ""order_date"": ""2026-03-12""}, ""open_po_3"": {""promise_date"": ""2026-03-16"", ""orderedquantity"": 216.0, ""order_item_amount"": 1607.04, ""open_po_cases"": 3.0, ""mrp"": 8.9, ""price_per_unit"": 7.4399999999999995, ""order_id"": ""PO-00017"", ""po_raising_drr"": 54.0, ""po_raising_total_space"": 1153.0, ""po_raising_final_available_space"": 397.0, ""order_date"": ""2026-03-13""}}",1008,7599.0,14.0,72,22,1,464.4,0.0045,FAIL,8.58,6.45,Band B,1.2884615384615385,1075,18,936,0,78,1,0,431,1147
FC-001,"Biscuit, Confectionary & Snacks",Parle Products,FC-Alpha,SKU-00831,"Parle Marie Biscuits, 10Rs Pack",Marie Biscuits,3,14,4,VND-039,PARLE BISCUITS PRIVATE LIMITED - Region Epsilon,200000,VALUE,1153,72,16.0,7944.0,67,"{""sellable"": 7.0, ""contingency"": null, ""pending_putaway"": null, ""under_transfer"": null}",52,0.063,16/03/26,{},1008,0.0,0.0,72,22,1,471.6,0.0045,FAIL,10.27,6.55,Band B,1.2884615384615385,1075,18,936,0,78,1,0,425,1147
FC-001,"Biscuit, Confectionary & Snacks",Parle Products,FC-Alpha,SKU-00857,"Parle Mazelo Candies, Assorted, 594g Jar (150Pcs x 3.96g)",Candies,1,14,4,VND-033,BAJRANG TRADERS - Region Alpha,150000,VALUE,24,12,2.0,2916.0,0,"{""sellable"": null, ""contingency"": null, ""pending_putaway"": null, ""under_transfer"": null}",3,0.73,11/03/26,"{""open_po_1"": {""promise_date"": ""2026-03-17"", ""orderedquantity"": 12.0, ""order_item_amount"": 1457.88, ""open_po_cases"": 1.0, ""mrp"": 141.0, ""price_per_unit"": 121.49000000000001, ""order_id"": ""PO-00042"", ""po_raising_drr"": 3.0, ""po_raising_total_space"": 24.0, ""po_raising_final_available_space"": 12.0, ""order_date"": ""2026-03-16""}, ""open_po_2"": {""promise_date"": ""2026-03-11"", ""orderedquantity"": 12.0, ""order_item_amount"": 1457.88, ""open_po_cases"": 1.0, ""mrp"": 141.0, ""price_per_unit"": 121.49000000000001, ""order_id"": ""PO-00005"", ""po_raising_drr"": 5.0, ""po_raising_total_space"": 24.0, ""po_raising_final_available_space"": 14.0, ""order_date"": ""2026-03-10""}}",24,2916.0,2.0,0,8,0,0.0,0.0,N/A,155.47,131.87,Band C,0.0,24,18,54,30,0,0,3,95,24
FC-001,"Biscuit, Confectionary & Snacks",Parle Products,FC-Alpha,SKU-00857,"Parle Mazelo Candies, Assorted, 594g Jar (150Pcs x 3.96g)",Candies,3,14,4,VND-039,PARLE BISCUITS PRIVATE LIMITED - Region Epsilon,200000,VALUE,24,12,2.0,2436.0,0,"{""sellable"": null, ""contingency"": null, ""pending_putaway"": null, ""under_transfer"": null}",3,0.73,11/03/26,{},24,0.0,0.0,0,8,0,0.0,0.0,N/A,155.31,107.85,Band C,0.0,24,18,54,30,0,0,3,155,24
FC-001,"Biscuit, Confectionary & Snacks",Parle Products,FC-Alpha,SKU-00858,"Parle Kismi Toffees, Assorted, 736.5g Jar (150Pcs x 4.91g)",Toffee,1,14,4,VND-033,BAJRANG TRADERS - Region Alpha,150000,VALUE,144,12,12.0,17495.0,113,"{""sellable"": 112.0, ""contingency"": null, ""pending_putaway"": 1.0, ""under_transfer"": null}",6,0.919,11/03/26,"{""open_po_1"": {""promise_date"": ""2026-03-17"", ""orderedquantity"": 12.0, ""order_item_amount"": 1457.88, ""open_po_cases"": 1.0, ""mrp"": 141.0, ""price_per_unit"": 121.49000000000001, ""order_id"": ""PO-00042"", ""po_raising_drr"": 6.0, ""po_raising_total_space"": 144.0, ""po_raising_final_available_space"": 25.0, ""order_date"": ""2026-03-16""}, ""open_po_2"": {""promise_date"": ""2026-03-11"", ""orderedquantity"": 12.0, ""order_item_amount"": 1457.88, ""open_po_cases"": 1.0, ""mrp"": 141.0, ""price_per_unit"": 121.49000000000001, ""order_id"": ""PO-00005"", ""po_raising_drr"": 4.0, ""po_raising_total_space"": 144.0, ""po_raising_final_available_space"": 21.0, ""order_date"": ""2026-03-10""}}",24,2916.0,2.0,0,22,0,0.0,0.0,N/A,139.68,132.01,Band B,18.833333333333332,137,18,108,0,7,0,0,95,137
FC-001,"Biscuit, Confectionary & Snacks",Parle Products,FC-Alpha,SKU-00858,"Parle Kismi Toffees, Assorted, 736.5g Jar (150Pcs x 4.91g)",Toffee,3,14,4,VND-039,PARLE BISCUITS PRIVATE LIMITED - Region Epsilon,200000,VALUE,144,12,12.0,14619.0,113,"{""sellable"": 112.0, ""contingency"": null, ""pending_putaway"": 1.0, ""under_transfer"": null}",6,0.919,11/03/26,{},24,0.0,0.0,0,22,0,0.0,0.0,N/A,137.4,102.05,Band B,18.833333333333332,137,18,108,0,7,0,0,164,137
FC-001,"Biscuit, Confectionary & Snacks",Parle Products,FC-Alpha,SKU-00864,"Parle Milk Shakti Biscuits, 30g Pack",Milk Biscuits,3,9,5,VND-036,PANKAJ ENTERPRISES - Region Alpha,200000,VALUE,60,60,1.0,230.0,120,"{""sellable"": null, ""contingency"": 120.0, ""pending_putaway"": null, ""under_transfer"": null}",7,0.03,,{},0,0.0,0.0,0,17,0,0.0,0.0,N/A,4.15,3.77,Band C,17.142857142857142,120,14,98,0,0,0,0,885,120
FC-001,"Biscuit, Confectionary & Snacks",Parle Products,FC-Alpha,SKU-00909,"Parle Milk Shakti Biscuits, 60g Pack",Milk Biscuits,1,16,4,VND-033,BAJRANG TRADERS - Region Alpha,150000,VALUE,240,120,2.0,1841.0,0,"{""sellable"": null, ""contingency"": null, ""pending_putaway"": null, ""under_transfer"": null}",0,0.06,16/03/26,"{""open_po_1"": {""promise_date"": ""2026-03-17"", ""orderedquantity"": 120.0, ""order_item_amount"": 920.4, ""open_po_cases"": 1.0, ""mrp"": 8.9, ""price_per_unit"": 7.67, ""order_id"": ""PO-00042"", ""po_raising_drr"": 0.0, ""po_raising_total_space"": 240.0, ""po_raising_final_available_space"": 120.0, ""order_date"": ""2026-03-16""}, ""open_po_2"": {""promise_date"": ""2026-03-16"", ""orderedquantity"": 120.0, ""order_item_amount"": 920.4, ""open_po_cases"": 1.0, ""mrp"": 8.9, ""price_per_unit"": 7.67, ""order_id"": ""PO-00023"", ""po_raising_drr"": 0.0, ""po_raising_total_space"": 240.0, ""po_raising_final_available_space"": 120.0, ""order_date"": ""2026-03-12""}}",240,1841.0,2.0,0,0,0,0.0,0.0,N/A,9.87,7.27,Band C,0.0,240,20,0,0,0,0,0,0,240
FC-001,"Biscuit, Confectionary & Snacks",Parle Products,FC-Alpha,SKU-00909,"Parle Milk Shakti Biscuits, 60g Pack",Milk Biscuits,3,16,4,VND-039,PARLE BISCUITS PRIVATE LIMITED - Region Epsilon,200000,VALUE,240,120,2.0,1654.0,0,"{""sellable"": null, ""contingency"": null, ""pending_putaway"": null, ""under_transfer"": null}",0,0.06,16/03/26,{},240,0.0,0.0,0,0,0,0.0,0.0,N/A,9.84,6.75,Band C,0.0,240,20,0,0,0,0,0,0,240
FC-001,"Biscuit, Confectionary & Snacks",Parle Products,FC-Alpha,SKU-00917,"Parle Poppins Fruit Flavoured Rolls, 25g Pack",Candies,1,15,4,VND-033,BAJRANG TRADERS - Region Alpha,150000,VALUE,2250,480,5.0,9675.0,4,"{""sellable"": 1.0, ""contingency"": null, ""pending_putaway"": 3.0, ""under_transfer"": null}",125,0.026,16/03/26,"{""open_po_1"": {""promise_date"": ""2026-03-17"", ""orderedquantity"": 480.0, ""order_item_amount"": 2064.0, ""open_po_cases"": 1.0666666666666667, ""mrp"": 5.0, ""price_per_unit"": 4.3, ""order_id"": ""PO-00042"", ""po_raising_drr"": 125.0, ""po_raising_total_space"": 2250.0, ""po_raising_final_available_space"": 1864.0, ""order_date"": ""2026-03-16""}, ""open_po_2"": {""promise_date"": ""2026-03-16"", ""orderedquantity"": 480.0, ""order_item_amount"": 2064.0, ""open_po_cases"": 1.0666666666666667, ""mrp"": 5.0, ""price_per_unit"": 4.3, ""order_id"": ""PO-00023"", ""po_raising_drr"": 163.0, ""po_raising_total_space"": 2250.0, ""po_raising_final_available_space"": 523.0, ""order_date"": ""2026-03-12""}}",960,4128.0,2.0,960,15,2,3619.2,0.025,FAIL,5.75,3.77,Band C,0.032,964,19,2375,1411,1286,2,3,83,1924
FC-001,"Biscuit, Confectionary & Snacks",Parle Products,FC-Alpha,SKU-00958,"Parle Marie Biscuits, 300g Pack",Marie Biscuits,1,14,4,VND-033,BAJRANG TRADERS - Region Alpha,150000,VALUE,80,16,5.0,2454.0,36,"{""sellable"": 20.0, ""contingency"": null, ""pending_putaway"": 16.0, ""under_transfer"": null}",13,0.3,11/03/26,"{""open_po_1"": {""promise_date"": ""2026-03-16"", ""orderedquantity"": 16.0, ""order_item_amount"": 490.72, ""open_po_cases"": 1.0, ""mrp"": 35.6, ""price_per_unit"": 30.67, ""order_id"": ""PO-00023"", ""po_raising_drr"": 21.0, ""po_raising_total_space"": 80.0, ""po_raising_final_available_space"": 25.0, ""order_date"": ""2026-03-12""}, ""open_po_2"": {""promise_date"": ""2026-03-16"", ""orderedquantity"": 16.0, ""order_item_amount"": 490.72, ""open_po_cases"": 1.0, ""mrp"": 35.6, ""price_per_unit"": 30.67, ""order_id"": ""PO-00055"", ""po_raising_drr"": 16.0, ""po_raising_total_space"": 80.0, ""po_raising_final_available_space"": 38.0, ""order_date"": ""2026-03-14""}, ""open_po_3"": {""promise_date"": ""2026-03-11"", ""orderedquantity"": 16.0, ""order_item_amount"": 490.72, ""open_po_cases"": 1.0, ""mrp"": 35.6, ""price_per_unit"": 30.67, ""order_id"": ""PO-00005"", ""po_raising_drr"": 14.0, ""po_raising_total_space"": 80.0, ""po_raising_final_available_space"": 29.0, ""order_date"": ""2026-03-10""}}",64,1948.0,4.0,0,7,0,0.0,0.0,N/A,40.9,28.1,Band C,2.769230769230769,100,18,234,134,0,0,9,334,100
FC-001,"Biscuit, Confectionary & Snacks",Parle Products,FC-Alpha,SKU-00958,"Parle Marie Biscuits, 300g Pack",Marie Biscuits,3,14,4,VND-036,PANKAJ ENTERPRISES - Region Alpha,200000,VALUE,80,16,5.0,2380.0,36,"{""sellable"": 20.0, ""contingency"": null, ""pending_putaway"": 16.0, ""under_transfer"": null}",13,0.3,11/03/26,"{""open_po_1"": {""promise_date"": ""2026-03-16"", ""orderedquantity"": 16.0, ""order_item_amount"": 476.0, ""open_po_cases"": 1.0, ""mrp"": 35.6, ""price_per_unit"": 29.75, ""order_id"": ""PO-00017"", ""po_raising_drr"": 17.0, ""po_raising_total_space"": 80.0, ""po_raising_final_available_space"": 25.0, ""order_date"": ""2026-03-13""}}",64,1948.0,4.0,0,7,0,0.0,0.0,N/A,36.19,30.63,Band C,2.769230769230769,100,18,234,134,0,0,9,409,100
FC-001,"Biscuit, Confectionary & Snacks",Parle Products,FC-Alpha,SKU-00958,"Parle Marie Biscuits, 300g Pack",Marie Biscuits,3,14,4,VND-039,PARLE BISCUITS PRIVATE LIMITED - Region Epsilon,200000,VALUE,80,16,5.0,2448.0,36,"{""sellable"": 20.0, ""contingency"": null, ""pending_putaway"": 16.0, ""under_transfer"": null}",13,0.3,11/03/26,{},64,0.0,0.0,0,7,0,0.0,0.0,N/A,38.91,32.76,Band C,2.769230769230769,100,18,234,134,0,0,9,382,100
FC-001,"Biscuit, Confectionary & Snacks",Parle Products,FC-Alpha,SKU-00961,"Parle Top Delicious Rich Buttery Crackers, 150g Pack",Crackers & Sweet Biscuits,1,16,4,VND-033,BAJRANG TRADERS - Region Alpha,150000,VALUE,30,30,1.0,690.0,9,"{""sellable"": 9.0, ""contingency"": null, ""pending_putaway"": null, ""under_transfer"": null}",0,0.168,,{},0,0.0,0.0,0,0,0,0.0,0.0,N/A,30.26,26.44,,0.0,9,20,0,0,21,0,0,0,9
FC-001,"Biscuit, Confectionary & Snacks",Parle Products,FC-Alpha,SKU-00961,"Parle Top Delicious Rich Buttery Crackers, 150g Pack",Crackers & Sweet Biscuits,3,16,4,VND-036,PANKAJ ENTERPRISES - Region Alpha,200000,VALUE,30,30,1.0,669.0,9,"{""sellable"": 9.0, ""contingency"": null, ""pending_putaway"": null, ""under_transfer"": null}",0,0.168,,{},0,0.0,0.0,0,0,0,0.0,0.0,N/A,29.5,25.21,,0.0,9,20,0,0,21,0,0,0,9
FC-001,"Biscuit, Confectionary & Snacks",Parle Products,FC-Alpha,SKU-00961,"Parle Top Delicious Rich Buttery Crackers, 150g Pack",Crackers & Sweet Biscuits,3,16,4,VND-039,PARLE BISCUITS PRIVATE LIMITED - Region Epsilon,200000,VALUE,30,20,2.0,681.0,9,"{""sellable"": 9.0, ""contingency"": null, ""pending_putaway"": null, ""under_transfer"": null}",0,0.168,,{},0,0.0,0.0,0,0,0,0.0,0.0,N/A,24.68,23.67,,0.0,9,20,0,0,21,1,0,0,9
FC-001,"Biscuit, Confectionary & Snacks",Parle Products,FC-Alpha,SKU-00966,"Parle Mango Bite Candy, Bigger, 214.5g Pack (55Pcs x 3.9)",Candies,1,14,4,VND-033,BAJRANG TRADERS - Region Alpha,150000,VALUE,96,48,2.0,4665.0,1,"{""sellable"": 1.0, ""contingency"": null, ""pending_putaway"": null, ""under_transfer"": null}",5,0.23,16/03/26,"{""open_po_1"": {""promise_date"": ""2026-03-17"", ""orderedquantity"": 48.0, ""order_item_amount"": 2332.32, ""open_po_cases"": 1.0, ""mrp"": 56.4, ""price_per_unit"": 48.59, ""order_id"": ""PO-00042"", ""po_raising_drr"": 5.0, ""po_raising_total_space"": 96.0, ""po_raising_final_available_space"": 52.0, ""order_date"": ""2026-03-16""}, ""open_po_2"": {""promise_date"": ""2026-03-16"", ""orderedquantity"": 48.0, ""order_item_amount"": 2332.32, ""open_po_cases"": 1.0, ""mrp"": 56.4, ""price_per_unit"": 48.59, ""order_id"": ""PO-00023"", ""po_raising_drr"": 8.0, ""po_raising_total_space"": 96.0, ""po_raising_final_available_space"": 52.0, ""order_date"": ""2026-03-12""}}",144,6770.0,3.0,0,29,0,0.0,0.0,N/A,55.56,47.44,Band C,0.2,145,18,90,0,0,0,0,66,145
FC-001,"Biscuit, Confectionary & Snacks",Parle Products,FC-Alpha,SKU-00966,"Parle Mango Bite Candy, Bigger, 214.5g Pack (55Pcs x 3.9)",Candies,3,14,4,VND-036,PANKAJ ENTERPRISES - Region Alpha,200000,VALUE,96,48,2.0,4211.0,1,"{""sellable"": 1.0, ""contingency"": null, ""pending_putaway"": null, ""under_transfer"": null}",5,0.23,16/03/26,"{""open_po_1"": {""promise_date"": ""2026-03-17"", ""orderedquantity"": 48.0, ""order_item_amount"": 2105.28, ""open_po_cases"": 1.0, ""mrp"": 50.0, ""price_per_unit"": 43.86000000000001, ""order_id"": ""PO-00043"", ""po_raising_drr"": 5.0, ""po_raising_total_space"": 96.0, ""po_raising_final_available_space"": 52.0, ""order_date"": ""2026-03-16""}}",144,6770.0,3.0,0,29,0,0.0,0.0,N/A,52.5,45.65,Band C,0.2,145,18,90,0,0,0,0,92,145
FC-001,"Biscuit, Confectionary & Snacks",Parle Products,FC-Alpha,SKU-00966,"Parle Mango Bite Candy, Bigger, 214.5g Pack (55Pcs x 3.9)",Candies,3,14,4,VND-039,PARLE BISCUITS PRIVATE LIMITED - Region Epsilon,200000,VALUE,96,48,2.0,3283.0,1,"{""sellable"": 1.0, ""contingency"": null, ""pending_putaway"": null, ""under_transfer"": null}",5,0.23,16/03/26,{},144,0.0,0.0,0,29,0,0.0,0.0,N/A,64.76,37.13,Band C,0.2,145,18,90,0,0,0,0,113,145
FC-001,"Biscuit, Confectionary & Snacks",Parle Products,FC-Alpha,SKU-00967,"Parle 2 in 1 Eclairs Toffee, Bigger, 201.96g Pack",Toffee,1,14,4,VND-033,BAJRANG TRADERS - Region Alpha,150000,VALUE,96,48,2.0,4665.0,19,"{""sellable"": 19.0, ""contingency"": null, ""pending_putaway"": null, ""under_transfer"": null}",7,0.203,16/03/26,"{""open_po_1"": {""promise_date"": ""2026-03-16"", ""orderedquantity"": 48.0, ""order_item_amount"": 2332.32, ""open_po_cases"": 1.0, ""mrp"": 56.4, ""price_per_unit"": 48.59, ""order_id"": ""PO-00055"", ""po_raising_drr"": 6.0, ""po_raising_total_space"": 96.0, ""po_raising_final_available_space"": 69.0, ""order_date"": ""2026-03-14""}}",48,2332.0,1.0,0,9,0,0.0,0.0,N/A,58.2,43.03,Band C,2.7142857142857144,67,18,126,59,29,0,2,73,67
FC-001,"Biscuit, Confectionary & Snacks",Parle Products,FC-Alpha,SKU-00967,"Parle 2 in 1 Eclairs Toffee, Bigger, 201.96g Pack",Toffee,3,14,4,VND-039,PARLE BISCUITS PRIVATE LIMITED - Region Epsilon,200000,VALUE,96,48,2.0,3283.0,19,"{""sellable"": 19.0, ""contingency"": null, ""pending_putaway"": null, ""under_transfer"": null}",7,0.203,16/03/26,{},48,0.0,0.0,0,9,0,0.0,0.0,N/A,52.36,33.28,Band C,2.7142857142857144,67,18,126,59,29,0,2,126,67
FC-001,"Biscuit, Confectionary & Snacks",Parle Products,FC-Alpha,SKU-00980,"Parle Londonderry Grand Caramelised Milk Candy, 217.8g Pack",Candies,1,14,4,VND-033,BAJRANG TRADERS - Region Alpha,150000,VALUE,80,48,2.0,3887.0,4,"{""sellable"": 4.0, ""contingency"": null, ""pending_putaway"": null, ""under_transfer"": null}",3,0.203,16/03/26,{},48,0.0,0.0,0,17,0,0.0,0.0,N/A,59.31,53.54,Band C,1.3333333333333333,52,18,54,2,28,0,1,59,52
FC-001,"Biscuit, Confectionary & Snacks",Parle Products,FC-Alpha,SKU-00980,"Parle Londonderry Grand Caramelised Milk Candy, 217.8g Pack",Candies,3,14,4,VND-036,PANKAJ ENTERPRISES - Region Alpha,200000,VALUE,80,48,2.0,3509.0,4,"{""sellable"": 4.0, ""contingency"": null, ""pending_putaway"": null, ""under_transfer"": null}",3,0.203,16/03/26,"{""open_po_1"": {""promise_date"": ""2026-03-16"", ""orderedquantity"": 48.0, ""order_item_amount"": 2105.28, ""open_po_cases"": 1.0, ""mrp"": 50.0, ""price_per_unit"": 43.86000000000001, ""order_id"": ""PO-00017"", ""po_raising_drr"": 4.0, ""po_raising_total_space"": 80.0, ""po_raising_final_available_space"": 68.0, ""order_date"": ""2026-03-13""}}",48,2105.0,1.0,0,17,0,0.0,0.0,N/A,51.77,42.33,Band C,1.3333333333333333,52,18,54,2,28,0,1,99,52
FC-001,"Biscuit, Confectionary & Snacks",Parle Products,FC-Alpha,SKU-00980,"Parle Londonderry Grand Caramelised Milk Candy, 217.8g Pack",Candies,3,14,4,VND-039,PARLE BISCUITS PRIVATE LIMITED - Region Epsilon,200000,VALUE,80,48,2.0,2736.0,4,"{""sellable"": 4.0, ""contingency"": null, ""pending_putaway"": null, ""under_transfer"": null}",3,0.203,16/03/26,{},48,0.0,0.0,0,17,0,0.0,0.0,N/A,54.57,34.94,Band C,1.3333333333333333,52,18,54,2,28,0,1,120,52
FC-001,"Biscuit, Confectionary & Snacks",Parle Products,FC-Alpha,SKU-01041,"Parle Coconut Crunchy Cookies, 150g Pack",Cookies,1,16,4,VND-033,BAJRANG TRADERS - Region Alpha,150000,VALUE,90,30,3.0,1381.0,0,"{""sellable"": null, ""contingency"": null, ""pending_putaway"": null, ""under_transfer"": null}",10,0.15,16/03/26,"{""open_po_1"": {""promise_date"": ""2026-03-16"", ""orderedquantity"": 90.0, ""order_item_amount"": 1380.6, ""open_po_cases"": 3.0, ""mrp"": 17.8, ""price_per_unit"": 15.34, ""order_id"": ""PO-00055"", ""po_raising_drr"": 29.0, ""po_raising_total_space"": 90.0, ""po_raising_final_available_space"": 90.0, ""order_date"": ""2026-03-14""}}",90,1381.0,3.0,0,9,0,0.0,0.0,N/A,18.1,15.74,Band C,0.0,90,20,200,110,0,0,4,318,90
FC-001,"Biscuit, Confectionary & Snacks",Parle Products,FC-Alpha,SKU-01041,"Parle Coconut Crunchy Cookies, 150g Pack",Cookies,3,16,4,VND-039,PARLE BISCUITS PRIVATE LIMITED - Region Epsilon,200000,VALUE,90,30,3.0,1239.0,0,"{""sellable"": null, ""contingency"": null, ""pending_putaway"": null, ""under_transfer"": null}",10,0.15,16/03/26,{},90,0.0,0.0,0,9,0,0.0,0.0,N/A,18.93,12.47,Band C,0.0,90,20,200,110,0,0,4,535,90
FC-001,"Biscuit, Confectionary & Snacks",Perfitti Van Melle,FC-Alpha,SKU-00097,"Chupa Chups Sour Soft Candy, Crawlers, Rockat & Crazy Feet, 504g Pack (24Pcs x 21g)",Candies,3,18,4,VND-063,PERFETTI VAN MELLE INDIA PVT LTD. - Region Epsilon,10000,CASES,20,24,1.0,4054.0,0,"{""sellable"": null, ""contingency"": null, ""pending_putaway"": null, ""under_transfer"": null}",6,0.504,,{},0,0.0,0.0,0,0,0,0.0,0.0,N/A,243.74,222.87,Band C,0.0,0,22,132,132,20,0,6,10000,0
FC-001,"Biscuit, Confectionary & Snacks",Perfitti Van Melle,FC-Alpha,SKU-00115,"Mentos Pure Fresh Sugar Free Chewing Gum, Assorted, 187.2g Box (12Pcs x 15.6g)",Chewing Gums,3,18,4,VND-063,PERFETTI VAN MELLE INDIA PVT LTD. - Region Epsilon,10000,CASES,24,12,2.0,7296.0,12,"{""sellable"": 12.0, ""contingency"": null, ""pending_putaway"": null, ""under_transfer"": null}",0,0.1872,,{},0,0.0,0.0,0,0,0,0.0,0.0,N/A,366.58,283.3,Band C,0.0,12,22,0,0,12,1,0,0,12
FC-001,"Biscuit, Confectionary & Snacks",Perfitti Van Melle,FC-Alpha,SKU-00116,"Alpenliebe Juzt Jelly Jungle Land, Assorted, 760g Pack (8Pcs x 95g)",Jellies,3,18,4,VND-063,PERFETTI VAN MELLE INDIA PVT LTD. - Region Epsilon,10000,CASES,8,8,1.0,2702.0,6,"{""sellable"": 6.0, ""contingency"": null, ""pending_putaway"": null, ""under_transfer"": null}",0,0.76,,{},0,0.0,0.0,0,0,0,0.0,0.0,N/A,445.2,339.58,Band C,0.0,6,22,0,0,2,0,0,0,6
FC-001,"Biscuit, Confectionary & Snacks",Perfitti Van Melle,FC-Alpha,SKU-00117,"Alpenliebe Eclairs Pop, Rich Choco, 384g Pack (48Pcs x 8g)",Lollipop,3,18,4,VND-063,PERFETTI VAN MELLE INDIA PVT LTD. - Region Epsilon,10000,CASES,12,12,1.0,2432.0,14,"{""sellable"": 11.0, ""contingency"": 2.0, ""pending_putaway"": null, ""under_transfer"": null}",0,0.38,,{},0,0.0,0.0,0,0,0,0.0,0.0,N/A,233.05,190.46,Band C,0.0,14,22,0,0,0,0,0,0,14
FC-001,"Biscuit, Confectionary & Snacks",Perfitti Van Melle,FC-Alpha,SKU-00217,"Alpenliebe Juzt Jelly, Guava & Strawberry, 333g Pack (90Pcs x 3.7g) Pack",Jellies,3,18,4,VND-063,PERFETTI VAN MELLE INDIA PVT LTD. - Region Epsilon,10000,CASES,48,24,2.0,4464.0,45,"{""sellable"": 45.0, ""contingency"": null, ""pending_putaway"": null, ""under_transfer"": null}",0,0.338,,{},0,0.0,0.0,0,0,0,0.0,0.0,N/A,121.11,105.31,Band C,0.0,45,22,0,0,3,0,0,0,45
FC-001,"Biscuit, Confectionary & Snacks",Perfitti Van Melle,FC-Alpha,SKU-00224,"Alpenliebe Gold Toffee, Rich Milky Caramel, 324g Pack (90Pcs x 3.6g)",Toffee,3,18,4,VND-063,PERFETTI VAN MELLE INDIA PVT LTD. - Region Epsilon,10000,CASES,48,24,2.0,4464.0,34,"{""sellable"": 33.0, ""contingency"": null, ""pending_putaway"": 1.0, ""under_transfer"": null}",3,0.357,,{},0,0.0,0.0,0,11,0,0.0,0.0,N/A,94.45,86.29,Band C,11.333333333333334,34,22,66,32,14,0,2,10000,34
FC-001,"Biscuit, Confectionary & Snacks",Perfitti Van Melle,FC-Alpha,SKU-00340,"Alpenliebe Juzt Jelly, Assorted, 648g Pack (24Pcs x 29.7g)",Jellies,3,18,4,VND-063,PERFETTI VAN MELLE INDIA PVT LTD. - Region Epsilon,10000,CASES,50,10,5.0,10135.0,41,"{""sellable"": 41.0, ""contingency"": null, ""pending_putaway"": null, ""under_transfer"": null}",1,0.65,,{},0,0.0,0.0,0,41,0,0.0,0.0,N/A,258.37,198.42,Band C,41.0,41,22,22,0,9,0,0,10000,41
FC-001,"Biscuit, Confectionary & Snacks",Perfitti Van Melle,FC-Alpha,SKU-00424,"Center Fruit Chewing Gum, Fruits Flavour, 588g Jar (210Pcs x 2.8g)",Chewing Gums,3,18,4,VND-063,PERFETTI VAN MELLE INDIA PVT LTD. - Region Epsilon,10000,CASES,48,16,3.0,8616.0,16,"{""sellable"": 14.0, ""contingency"": 1.0, ""pending_putaway"": 1.0, ""under_transfer"": 1.0}",10,0.65,,{},0,0.0,0.0,32,4,2,6386.24,0.0208,FAIL,217.58,199.57,Band B,1.6,16,22,220,204,32,2,13,10000,48
FC-001,"Biscuit, Confectionary & Snacks",Perfitti Van Melle,FC-Alpha,SKU-00425,"Alpenliebe Gold Toffee, Cream Strawberry, 360g Pack (100Pcs x 3.6g)",Toffee,3,18,4,VND-063,PERFETTI VAN MELLE INDIA PVT LTD. - Region Epsilon,10000,CASES,48,24,2.0,4075.0,35,"{""sellable"": 34.0, ""contingency"": null, ""pending_putaway"": 1.0, ""under_transfer"": null}",7,0.4,,"{""open_po_1"": {""promise_date"": null, ""orderedquantity"": 24.0, ""order_item_amount"": 2037.6, ""open_po_cases"": 1.0, ""mrp"": 100.0, ""price_per_unit"": 84.89999999999999, ""order_id"": ""PO-00046"", ""po_raising_drr"": 7.0, ""po_raising_total_space"": 48.0, ""po_raising_final_available_space"": 33.0, ""order_date"": ""2026-03-16""}}",24,2038.0,1.0,0,8,0,0.0,0.0,N/A,106.12,93.61,Band C,5.0,59,22,154,95,0,0,4,10000,59
FC-001,"Biscuit, Confectionary & Snacks",Perfitti Van Melle,FC-Alpha,SKU-00426,"Alpenliebe Gold Candy, Cream Strawberry, 595.2g Box (24Pcs x 24.8g)",Candies,3,18,4,VND-063,PERFETTI VAN MELLE INDIA PVT LTD. - Region Epsilon,10000,CASES,12,12,1.0,2432.0,10,"{""sellable"": 10.0, ""contingency"": null, ""pending_putaway"": null, ""under_transfer"": null}",0,0.82,,{},0,0.0,0.0,0,0,0,0.0,0.0,N/A,219.33,183.61,Band C,0.0,10,22,0,0,2,0,0,0,10
FC-001,"Biscuit, Confectionary & Snacks",Perfitti Van Melle,FC-Alpha,SKU-00427,"Alpenliebe Creamfills Candy, Butter, 720g Jar (200Pcs x 3.6g)",Candies,3,18,4,VND-063,PERFETTI VAN MELLE INDIA PVT LTD. - Region Epsilon,10000,CASES,64,16,4.0,11366.0,30,"{""sellable"": 7.0, ""contingency"": 23.0, ""pending_putaway"": null, ""under_transfer"": 23.0}",20,0.67,,{},0,0.0,0.0,32,3,2,6199.04,0.0214,FAIL,222.78,193.72,Band A,1.5,30,22,440,410,34,2,26,10000,62
FC-001,"Biscuit, Confectionary & Snacks",Perfitti Van Melle,FC-Alpha,SKU-00430,"Center Fruit Chewing Gum, Watermelon, 588g Jar (210Pcs x 2.8g)",Chewing Gums,3,18,4,VND-063,PERFETTI VAN MELLE INDIA PVT LTD. - Region Epsilon,10000,CASES,32,16,2.0,5744.0,1,"{""sellable"": null, ""contingency"": null, ""pending_putaway"": 1.0, ""under_transfer"": null}",2,0.65,,"{""open_po_1"": {""promise_date"": null, ""orderedquantity"": 32.0, ""order_item_amount"": 5744.0, ""open_po_cases"": 2.0, ""mrp"": 210.0, ""price_per_unit"": 179.5, ""order_id"": ""PO-00046"", ""po_raising_drr"": 2.0, ""po_raising_total_space"": 32.0, ""po_raising_final_available_space"": 32.0, ""order_date"": ""2026-03-16""}}",32,5744.0,2.0,0,16,0,0.0,0.0,N/A,179.42,177.25,Band B,0.5,33,22,44,11,0,0,1,10000,33
FC-001,"Biscuit, Confectionary & Snacks",Perfitti Van Melle,FC-Alpha,SKU-00449,"Alpenliebe Juzt Jelly, Strawberry, 855g Jar (225Pcs x 3.8g)",Jellies,3,18,4,VND-063,PERFETTI VAN MELLE INDIA PVT LTD. - Region Epsilon,10000,CASES,48,16,3.0,9125.0,30,"{""sellable"": 30.0, ""contingency"": null, ""pending_putaway"": null, ""under_transfer"": null}",9,0.85,,"{""open_po_1"": {""promise_date"": null, ""orderedquantity"": 32.0, ""order_item_amount"": 6083.52, ""open_po_cases"": 2.0, ""mrp"": 225.0, ""price_per_unit"": 190.11, ""order_id"": ""PO-00046"", ""po_raising_drr"": 9.0, ""po_raising_total_space"": 48.0, ""po_raising_final_available_space"": 38.0, ""order_date"": ""2026-03-16""}}",32,6084.0,2.0,0,6,0,0.0,0.0,N/A,214.91,189.14,Band B,3.3333333333333335,62,22,198,136,0,0,9,10000,62
FC-001,"Biscuit, Confectionary & Snacks",Perfitti Van Melle,FC-Alpha,SKU-00497,"Alpenliebe Pop Lollipop, Assorted, 384g Pack (48Pcs x 8g)",Lollipop,3,18,4,VND-063,PERFETTI VAN MELLE INDIA PVT LTD. - Region Epsilon,10000,CASES,36,12,3.0,7297.0,18,"{""sellable"": 17.0, ""contingency"": null, ""pending_putaway"": 1.0, ""under_transfer"": null}",5,0.49,19/03/26,"{""open_po_1"": {""promise_date"": ""2026-03-19"", ""orderedquantity"": 24.0, ""order_item_amount"": 4864.8, ""open_po_cases"": 2.0, ""mrp"": 240.0, ""price_per_unit"": 202.70000000000002, ""order_id"": ""PO-00046"", ""po_raising_drr"": 5.0, ""po_raising_total_space"": 36.0, ""po_raising_final_available_space"": 30.0, ""order_date"": ""2026-03-16""}}",24,4865.0,2.0,0,8,0,0.0,0.0,N/A,246.47,180.41,Band B,3.6,42,22,110,68,0,0,6,10000,42
FC-001,"Biscuit, Confectionary & Snacks",Perfitti Van Melle,FC-Alpha,SKU-00823,"Center Fresh Chewing Gum, Spearmint, 630g Jar (225Pcs x 2.8g)",Chewing Gums,3,18,4,VND-063,PERFETTI VAN MELLE INDIA PVT LTD. - Region Epsilon,10000,CASES,176,16,11.0,33968.0,139,"{""sellable"": 136.0, ""contingency"": 1.0, ""pending_putaway"": 2.0, ""under_transfer"": 1.0}",20,0.72,,{},0,0.0,0.0,32,8,2,5399.04,0.023,FAIL,217.73,168.72,Band A,6.95,139,22,440,301,37,2,19,10000,171
FC-001,Packaged Foods,Bambino Agro Industries Limited,FC-Alpha,SKU-00551,"Bambino Popular Vermicelli, 150g Pack",Vermicelli,2,9,4,VND-024,FAZZLI AGRO INDIA PRIVATE LIMITED - Region Alpha,40000,VALUE,200,100,2.0,3120.0,88,"{""sellable"": 88.0, ""contingency"": null, ""pending_putaway"": null, ""under_transfer"": null}",5,0.15,,{},0,0.0,0.0,100,37,1,1396.0,0.015,FAIL,19.53,13.96,Band C,17.6,88,13,65,0,112,1,0,29,188
FC-001,Packaged Foods,Bambino Agro Industries Limited,FC-Alpha,SKU-00736,"Bambino Nutraawell Macaroni Pasta, Elbow, 200g Pack",Pasta,2,9,4,VND-024,FAZZLI AGRO INDIA PRIVATE LIMITED - Region Alpha,40000,VALUE,200,100,2.0,3120.0,0,"{""sellable"": null, ""contingency"": null, ""pending_putaway"": null, ""under_transfer"": null}",2,0.203,,{},0,0.0,0.0,200,100,2,3086.0,0.0406,FAIL,21.43,15.43,Band C,0.0,0,13,26,26,200,2,1,26,200
FC-001,Packaged Foods,Bambino Agro Industries Limited,FC-Alpha,SKU-00737,"Bambino Nutraawell Macaroni Pasta, Elbow, 400g Pack",Pasta,2,9,4,VND-024,FAZZLI AGRO INDIA PRIVATE LIMITED - Region Alpha,40000,VALUE,45,45,1.0,2001.0,36,"{""sellable"": 36.0, ""contingency"": null, ""pending_putaway"": null, ""under_transfer"": null}",1,0.406,,{},0,0.0,0.0,0,36,0,0.0,0.0,N/A,52.53,50.88,Band C,36.0,36,13,13,0,9,0,0,18,36
FC-001,Packaged Foods,Bambino Agro Industries Limited,FC-Alpha,SKU-00739,"Bambino Roasted Vermicelli, 200g Pack",Vermicelli,2,9,4,VND-024,FAZZLI AGRO INDIA PRIVATE LIMITED - Region Alpha,40000,VALUE,400,100,4.0,7800.0,73,"{""sellable"": 73.0, ""contingency"": null, ""pending_putaway"": null, ""under_transfer"": null}",6,0.204,,{},0,0.0,0.0,300,62,3,5820.0,0.0612,FAIL,22.08,19.4,Band C,12.166666666666666,73,13,78,5,327,3,1,21,373
FC-001,Packaged Foods,Bambino Agro Industries Limited,FC-Alpha,SKU-00873,"Bambino Macaroni Elbow Pasta, 80g Pack",Pasta,2,10,5,VND-024,FAZZLI AGRO INDIA PRIVATE LIMITED - Region Alpha,40000,VALUE,360,180,2.0,2808.0,244,"{""sellable"": 244.0, ""contingency"": null, ""pending_putaway"": null, ""under_transfer"": null}",11,0.08,,{},0,0.0,0.0,0,22,0,0.0,0.0,N/A,9.56,8.65,Band C,22.181818181818183,244,15,165,0,116,0,0,26,244
FC-001,"Biscuit, Confectionary & Snacks",Haldiram Snacks Pvt Ltd,FC-Alpha,SKU-00147,"Haldiram's Bhujia, 16g Pack",Namkeens,1,16,4,VND-062,Gupta Traders - Region Epsilon,50000,VALUE,4032,504,8.0,16652.0,951,"{""sellable"": 951.0, ""contingency"": null, ""pending_putaway"": null, ""under_transfer"": null}",614,0.018,17/03/26,"{""open_po_1"": {""promise_date"": ""2026-03-17"", ""orderedquantity"": 2520.0, ""order_item_amount"": 10407.6, ""open_po_cases"": 4.883720930232558, ""mrp"": 5.0, ""price_per_unit"": 4.13, ""order_id"": ""PO-00044"", ""po_raising_drr"": 614.0, ""po_raising_total_space"": 4032.0, ""po_raising_final_available_space"": 2951.0, ""order_date"": ""2026-03-16""}}",2520,10408.0,5.0,504,6,1,2046.24,0.0091,FAIL,4.3,4.06,Band A,1.5488599348534202,3471,20,12280,8809,561,1,18,25,3975
FC-001,"Biscuit, Confectionary & Snacks",Haldiram Snacks Pvt Ltd,FC-Alpha,SKU-00261,"Haldiram's Nagpur Khatta Meetha Mixture, 25g Pack",Mixtures,1,16,4,VND-062,Gupta Traders - Region Epsilon,50000,VALUE,1008,504,2.0,4163.0,3,"{""sellable"": 3.0, ""contingency"": null, ""pending_putaway"": null, ""under_transfer"": null}",308,0.027,17/03/26,"{""open_po_1"": {""promise_date"": ""2026-03-17"", ""orderedquantity"": 1008.0, ""order_item_amount"": 4163.04, ""open_po_cases"": 1.9534883720930232, ""mrp"": 5.0, ""price_per_unit"": 4.13, ""order_id"": ""PO-00044"", ""po_raising_drr"": 308.0, ""po_raising_total_space"": 1008.0, ""po_raising_final_available_space"": 1008.0, ""order_date"": ""2026-03-16""}}",1008,4163.0,2.0,0,3,0,0.0,0.0,N/A,5.06,4.3,Band B,0.00974025974025974,1011,20,6160,5149,0,0,11,24,1011
FC-001,"Biscuit, Confectionary & Snacks",Haldiram Snacks Pvt Ltd,FC-Alpha,SKU-00312,"Haldiram's Nagpur Lite Chiwda, 25g Pack",Namkeens,1,16,4,VND-062,Gupta Traders - Region Epsilon,50000,VALUE,1080,360,3.0,4460.0,46,"{""sellable"": null, ""contingency"": null, ""pending_putaway"": 46.0, ""under_transfer"": null}",182,0.027,17/03/26,"{""open_po_1"": {""promise_date"": ""2026-03-17"", ""orderedquantity"": 1080.0, ""order_item_amount"": 4460.4, ""open_po_cases"": 3.0, ""mrp"": 5.0, ""price_per_unit"": 4.13, ""order_id"": ""PO-00044"", ""po_raising_drr"": 182.0, ""po_raising_total_space"": 1080.0, ""po_raising_final_available_space"": 1080.0, ""order_date"": ""2026-03-16""}}",1080,4460.0,3.0,0,6,0,0.0,0.0,N/A,5.18,4.37,Band B,0.25274725274725274,1126,20,3640,2514,0,0,7,32,1126
FC-001,"Biscuit, Confectionary & Snacks",Haldiram Snacks Pvt Ltd,FC-Alpha,SKU-00328,"Haldiram's Nagpur Moong Dal, 35g Pack",Namkeens,1,16,4,VND-062,Gupta Traders - Region Epsilon,50000,VALUE,600,300,2.0,4926.0,41,"{""sellable"": 11.0, ""contingency"": null, ""pending_putaway"": 30.0, ""under_transfer"": null}",85,0.037,17/03/26,"{""open_po_1"": {""promise_date"": ""2026-03-17"", ""orderedquantity"": 600.0, ""order_item_amount"": 4926.0, ""open_po_cases"": 2.0, ""mrp"": 10.0, ""price_per_unit"": 8.21, ""order_id"": ""PO-00044"", ""po_raising_drr"": 85.0, ""po_raising_total_space"": 600.0, ""po_raising_final_available_space"": 600.0, ""order_date"": ""2026-03-16""}}",600,4926.0,2.0,0,7,0,0.0,0.0,N/A,8.66,7.57,Band B,0.4823529411764706,641,20,1700,1059,0,0,4,23,641
FC-001,"Biscuit, Confectionary & Snacks",Haldiram Snacks Pvt Ltd,FC-Alpha,SKU-00336,"Haldiram's Rusky Classic Toast, 75g Pack",Namkeens,1,16,4,VND-062,Gupta Traders - Region Epsilon,50000,VALUE,216,54,4.0,1773.0,0,"{""sellable"": null, ""contingency"": null, ""pending_putaway"": null, ""under_transfer"": null}",0,0.08,17/03/26,"{""open_po_1"": {""promise_date"": ""2026-03-17"", ""orderedquantity"": 54.0, ""order_item_amount"": 443.34, ""open_po_cases"": 1.0, ""mrp"": 10.0, ""price_per_unit"": 8.209999999999999, ""order_id"": ""PO-00044"", ""po_raising_drr"": 0.0, ""po_raising_total_space"": 216.0, ""po_raising_final_available_space"": 168.0, ""order_date"": ""2026-03-16""}}",102,819.0,2.0,0,0,0,0.0,0.0,N/A,10.12,7.28,,0.0,102,20,0,0,114,2,0,0,102
FC-001,"Biscuit, Confectionary & Snacks",Haldiram Snacks Pvt Ltd,FC-Alpha,SKU-00373,"Haldiram's Nagpur Aloo Bhujia, 42g Pack",Namkeens,1,16,4,VND-062,Gupta Traders - Region Epsilon,50000,VALUE,600,300,2.0,4926.0,113,"{""sellable"": 7.0, ""contingency"": null, ""pending_putaway"": 82.0, ""under_transfer"": null}",114,0.046,17/03/26,"{""open_po_1"": {""promise_date"": ""2026-03-17"", ""orderedquantity"": 600.0, ""order_item_amount"": 4926.0, ""open_po_cases"": 2.0, ""mrp"": 10.0, ""price_per_unit"": 8.21, ""order_id"": ""PO-00044"", ""po_raising_drr"": 114.0, ""po_raising_total_space"": 600.0, ""po_raising_final_available_space"": 600.0, ""order_date"": ""2026-03-16""}}",600,4926.0,2.0,0,6,0,0.0,0.0,N/A,10.68,7.23,Band B,0.9912280701754386,713,20,2280,1567,0,0,6,24,713
FC-001,"Biscuit, Confectionary & Snacks",Haldiram Snacks Pvt Ltd,FC-Alpha,SKU-00387,"Haldiram's Nagpur Moong Dal, 17g Pack",Namkeens,1,18,4,VND-062,Gupta Traders - Region Epsilon,50000,VALUE,2520,504,5.0,10408.0,804,"{""sellable"": 600.0, ""contingency"": null, ""pending_putaway"": null, ""under_transfer"": null}",393,0.019,17/03/26,"{""open_po_1"": {""promise_date"": ""2026-03-17"", ""orderedquantity"": 1008.0, ""order_item_amount"": 4163.04, ""open_po_cases"": 2.0, ""mrp"": 5.0, ""price_per_unit"": 4.13, ""order_id"": ""PO-00044"", ""po_raising_drr"": 393.0, ""po_raising_total_space"": 2520.0, ""po_raising_final_available_space"": 1437.0, ""order_date"": ""2026-03-16""}}",1008,4163.0,2.0,504,5,1,1809.36,0.0096,FAIL,5.02,3.59,Band A,2.045801526717557,1812,22,8646,6834,708,1,14,28,2316
FC-001,"Biscuit, Confectionary & Snacks",Haldiram Snacks Pvt Ltd,FC-Alpha,SKU-00796,"Haldiram's Nagpur Khatta Meetha Mixture, 55g Pack",Mixtures,1,16,4,VND-062,Gupta Traders - Region Epsilon,50000,VALUE,756,252,3.0,6207.0,24,"{""sellable"": null, ""contingency"": null, ""pending_putaway"": 24.0, ""under_transfer"": null}",151,0.06,17/03/26,"{""open_po_1"": {""promise_date"": ""2026-03-17"", ""orderedquantity"": 756.0, ""order_item_amount"": 6206.76, ""open_po_cases"": 3.0, ""mrp"": 10.0, ""price_per_unit"": 8.21, ""order_id"": ""PO-00044"", ""po_raising_drr"": 151.0, ""po_raising_total_space"": 756.0, ""po_raising_final_available_space"": 756.0, ""order_date"": ""2026-03-16""}}",756,6207.0,3.0,0,5,0,0.0,0.0,N/A,9.31,8.98,Band B,0.15894039735099338,780,20,3020,2240,0,0,9,23,780
FC-001,"Biscuit, Confectionary & Snacks",Haldiram Snacks Pvt Ltd,FC-Alpha,SKU-00839,"Haldiram's Nagpur Bhujia Sev, 38g Pack",Namkeens,1,18,4,VND-062,Gupta Traders - Region Epsilon,50000,VALUE,900,300,3.0,7389.0,11,"{""sellable"": 7.0, ""contingency"": null, ""pending_putaway"": null, ""under_transfer"": null}",233,0.04,17/03/26,"{""open_po_1"": {""promise_date"": ""2026-03-17"", ""orderedquantity"": 600.0, ""order_item_amount"": 4926.0, ""open_po_cases"": 2.0, ""mrp"": 10.0, ""price_per_unit"": 8.21, ""order_id"": ""PO-00044"", ""po_raising_drr"": 233.0, ""po_raising_total_space"": 900.0, ""po_raising_final_available_space"": 896.0, ""order_date"": ""2026-03-16""}}",600,4926.0,2.0,0,2,0,0.0,0.0,N/A,8.74,7.73,Band A,0.04721030042918455,611,22,5126,4515,289,0,16,22,611
FC-001,"Biscuit, Confectionary & Snacks",Haldiram Snacks Pvt Ltd,FC-Alpha,SKU-00904,"Haldiram's Punjabi Tadka, 42g Pack",Namkeens,1,16,4,VND-062,Gupta Traders - Region Epsilon,50000,VALUE,720,250,3.0,5911.0,20,"{""sellable"": null, ""contingency"": null, ""pending_putaway"": 20.0, ""under_transfer"": null}",166,0.045,17/03/26,"{""open_po_1"": {""promise_date"": ""2026-03-17"", ""orderedquantity"": 500.0, ""order_item_amount"": 4105.0, ""open_po_cases"": 2.0833333333333335, ""mrp"": 10.0, ""price_per_unit"": 8.21, ""order_id"": ""PO-00044"", ""po_raising_drr"": 166.0, ""po_raising_total_space"": 720.0, ""po_raising_final_available_space"": 720.0, ""order_date"": ""2026-03-16""}}",500,4105.0,2.0,0,3,0,0.0,0.0,N/A,11.01,8.03,Band B,0.12048192771084337,520,20,3320,2800,200,0,12,25,520
FC-001,"Biscuit, Confectionary & Snacks",Haldiram Snacks Pvt Ltd,FC-Alpha,SKU-00905,"Haldiram's Classic Nut Cracker, 40g Pack","Fruit, Nut & Seed Snacks",1,14,4,VND-062,Gupta Traders - Region Epsilon,50000,VALUE,600,300,2.0,4926.0,342,"{""sellable"": null, ""contingency"": 300.0, ""pending_putaway"": 42.0, ""under_transfer"": 300.0}",37,0.043,17/03/26,"{""open_po_1"": {""promise_date"": ""2026-03-17"", ""orderedquantity"": 300.0, ""order_item_amount"": 2463.0, ""open_po_cases"": 1.0, ""mrp"": 10.0, ""price_per_unit"": 8.21, ""order_id"": ""PO-00044"", ""po_raising_drr"": 37.0, ""po_raising_total_space"": 600.0, ""po_raising_final_available_space"": 317.0, ""order_date"": ""2026-03-16""}}",300,2463.0,1.0,0,17,0,0.0,0.0,N/A,9.73,9.16,Band C,9.243243243243244,642,18,666,24,0,0,1,19,642
FC-001,"Biscuit, Confectionary & Snacks",Haldiram Snacks Pvt Ltd,FC-Alpha,SKU-00906,"Haldiram's Navrattan Mixture, 42g Pack",Mixtures,1,14,4,VND-062,Gupta Traders - Region Epsilon,50000,VALUE,600,300,2.0,4926.0,0,"{""sellable"": null, ""contingency"": null, ""pending_putaway"": null, ""under_transfer"": null}",120,0.045,17/03/26,"{""open_po_1"": {""promise_date"": ""2026-03-17"", ""orderedquantity"": 600.0, ""order_item_amount"": 4926.0, ""open_po_cases"": 2.0, ""mrp"": 10.0, ""price_per_unit"": 8.21, ""order_id"": ""PO-00044"", ""po_raising_drr"": 120.0, ""po_raising_total_space"": 600.0, ""po_raising_final_available_space"": 600.0, ""order_date"": ""2026-03-16""}}",600,4926.0,2.0,0,5,0,0.0,0.0,N/A,8.97,7.46,Band B,0.0,600,18,2160,1560,0,0,6,23,600
FC-001,"Biscuit, Confectionary & Snacks",Haldiram Snacks Pvt Ltd,FC-Alpha,SKU-00907,"Haldiram's Aloo Bhujia, 20g Pack",Namkeens,1,16,4,VND-062,Gupta Traders - Region Epsilon,50000,VALUE,3024,504,6.0,12489.0,267,"{""sellable"": 267.0, ""contingency"": null, ""pending_putaway"": null, ""under_transfer"": null}",536,0.02,17/03/26,"{""open_po_1"": {""promise_date"": ""2026-03-17"", ""orderedquantity"": 2520.0, ""order_item_amount"": 10407.6, ""open_po_cases"": 4.883720930232558, ""mrp"": 5.0, ""price_per_unit"": 4.13, ""order_id"": ""PO-00044"", ""po_raising_drr"": 536.0, ""po_raising_total_space"": 3024.0, ""po_raising_final_available_space"": 2741.0, ""order_date"": ""2026-03-16""}}",2520,10408.0,5.0,0,5,0,0.0,0.0,N/A,5.07,4.02,Band A,0.498134328358209,2787,20,10720,7933,237,0,16,25,2787
FC-001,"Biscuit, Confectionary & Snacks",Haldiram Snacks Pvt Ltd,FC-Alpha,SKU-00935,"Haldiram's Classic Salted Peanuts, 18g Pack",Namkeens,1,14,4,VND-062,Gupta Traders - Region Epsilon,50000,VALUE,2016,504,4.0,8326.0,0,"{""sellable"": null, ""contingency"": null, ""pending_putaway"": null, ""under_transfer"": null}",346,0.02,17/03/26,"{""open_po_1"": {""promise_date"": ""2026-03-17"", ""orderedquantity"": 2016.0, ""order_item_amount"": 8326.08, ""open_po_cases"": 4.0, ""mrp"": 5.0, ""price_per_unit"": 4.13, ""order_id"": ""PO-00044"", ""po_raising_drr"": 346.0, ""po_raising_total_space"": 2016.0, ""po_raising_final_available_space"": 2016.0, ""order_date"": ""2026-03-16""}}",2016,8326.0,4.0,0,5,0,0.0,0.0,N/A,5.24,4.42,Band B,0.0,2016,18,6228,4212,0,0,9,23,2016
FC-001,"Biscuit, Confectionary & Snacks",Haldiram Snacks Pvt Ltd,FC-Alpha,SKU-00936,"Haldiram's Punjabi Tadka, 20g Pack",Namkeens,1,16,4,VND-062,Gupta Traders - Region Epsilon,50000,VALUE,5651,504,11.0,23339.0,15,"{""sellable"": 3.0, ""contingency"": null, ""pending_putaway"": 12.0, ""under_transfer"": null}",537,0.02,17/03/26,"{""open_po_1"": {""promise_date"": ""2026-03-17"", ""orderedquantity"": 5544.0, ""order_item_amount"": 22896.72, ""open_po_cases"": 12.486486486486486, ""mrp"": 5.0, ""price_per_unit"": 4.13, ""order_id"": ""PO-00044"", ""po_raising_drr"": 537.0, ""po_raising_total_space"": 5651.0, ""po_raising_final_available_space"": 5651.0, ""order_date"": ""2026-03-16""}}",5544,22897.0,12.0,0,10,0,0.0,0.0,N/A,5.68,3.52,Band A,0.027932960893854747,5559,20,10740,5181,92,0,11,29,5559
FC-001,"Biscuit, Confectionary & Snacks",Haldiram Snacks Pvt Ltd,FC-Alpha,SKU-00950,"Haldiram's Classic Nut Cracker, 18g Pack","Fruit, Nut & Seed Snacks",1,16,4,VND-062,Gupta Traders - Region Epsilon,50000,VALUE,2016,504,4.0,8326.0,383,"{""sellable"": 383.0, ""contingency"": null, ""pending_putaway"": null, ""under_transfer"": null}",351,0.02,17/03/26,"{""open_po_1"": {""promise_date"": ""2026-03-17"", ""orderedquantity"": 1512.0, ""order_item_amount"": 6244.56, ""open_po_cases"": 3.0, ""mrp"": 5.0, ""price_per_unit"": 4.13, ""order_id"": ""PO-00044"", ""po_raising_drr"": 351.0, ""po_raising_total_space"": 2016.0, ""po_raising_final_available_space"": 1804.0, ""order_date"": ""2026-03-16""}}",1512,6245.0,3.0,0,5,0,0.0,0.0,N/A,5.17,3.53,Band B,1.0911680911680912,1895,20,7020,5125,121,0,11,29,1895
FC-001,"Biscuit, Confectionary & Snacks",Haldiram Snacks Pvt Ltd,FC-Alpha,SKU-00951,"Haldiram's Navrattan Mixture, 20g Pack",Mixtures,1,16,4,VND-062,Gupta Traders - Region Epsilon,50000,VALUE,2030,504,4.0,8384.0,483,"{""sellable"": 468.0, ""contingency"": null, ""pending_putaway"": 12.0, ""under_transfer"": null}",328,0.02,17/03/26,"{""open_po_1"": {""promise_date"": ""2026-03-17"", ""orderedquantity"": 1512.0, ""order_item_amount"": 6244.56, ""open_po_cases"": 3.0, ""mrp"": 5.0, ""price_per_unit"": 4.13, ""order_id"": ""PO-00044"", ""po_raising_drr"": 328.0, ""po_raising_total_space"": 2030.0, ""po_raising_final_available_space"": 1650.0, ""order_date"": ""2026-03-16""}}",1512,6245.0,3.0,0,6,0,0.0,0.0,N/A,4.62,4.45,Band B,1.4725609756097562,1995,20,6560,4565,35,0,10,23,1995
FC-001,"Biscuit, Confectionary & Snacks",Haldiram Snacks Pvt Ltd,FC-Alpha,SKU-00952,"Haldiram's Lite Mixture, 25g Pack",Mixtures,1,14,4,VND-062,Gupta Traders - Region Epsilon,50000,VALUE,1440,504,3.0,5947.0,18,"{""sellable"": 18.0, ""contingency"": null, ""pending_putaway"": null, ""under_transfer"": null}",139,0.018,17/03/26,"{""open_po_1"": {""promise_date"": ""2026-03-17"", ""orderedquantity"": 1008.0, ""order_item_amount"": 4163.04, ""open_po_cases"": 2.8, ""mrp"": 5.0, ""price_per_unit"": 4.13, ""order_id"": ""PO-00044"", ""po_raising_drr"": 139.0, ""po_raising_total_space"": 1440.0, ""po_raising_final_available_space"": 1440.0, ""order_date"": ""2026-03-16""}}",1008,4163.0,3.0,0,7,0,0.0,0.0,N/A,5.39,4.17,Band B,0.12949640287769784,1026,18,2502,1476,414,0,3,24,1026
FC-001,"Biscuit, Confectionary & Snacks",Pramod Multifood Pvt Ltd,FC-Alpha,SKU-00178,"Pramod Malai Sev, 32g Pack",Namkeens,1,12,6,VND-062,Gupta Traders - Region Epsilon,50000,VALUE,500,250,2.0,3950.0,55,"{""sellable"": 5.0, ""contingency"": null, ""pending_putaway"": 25.0, ""under_transfer"": null}",20,0.032,12/03/26,{},250,0.0,0.0,0,15,0,0.0,0.0,N/A,11.21,7.89,Band B,2.75,305,18,360,55,195,0,1,26,305
FC-001,"Biscuit, Confectionary & Snacks",Pramod Multifood Pvt Ltd,FC-Alpha,SKU-00179,"Pramod Aloo Bhujia, 32g Pack",Namkeens,1,12,6,VND-062,Gupta Traders - Region Epsilon,50000,VALUE,500,250,2.0,3950.0,8,"{""sellable"": 8.0, ""contingency"": null, ""pending_putaway"": null, ""under_transfer"": null}",13,0.032,12/03/26,{},250,0.0,0.0,0,19,0,0.0,0.0,N/A,10.04,8.44,Band B,0.6153846153846154,258,18,234,0,242,0,0,24,258
FC-001,"Biscuit, Confectionary & Snacks",Pramod Multifood Pvt Ltd,FC-Alpha,SKU-00180,"Pramod Khatta Mitha, 35g Pack",Namkeens,1,9,4,VND-062,Gupta Traders - Region Epsilon,50000,VALUE,500,250,2.0,3950.0,387,"{""sellable"": 383.0, ""contingency"": null, ""pending_putaway"": null, ""under_transfer"": null}",14,0.035,,{},0,0.0,0.0,0,27,0,0.0,0.0,N/A,9.69,7.09,Band B,27.642857142857142,387,13,182,0,113,0,0,29,387
FC-001,"Biscuit, Confectionary & Snacks",Pramod Multifood Pvt Ltd,FC-Alpha,SKU-00181,"Pramod Bihari Jayka, 42g Pack",Namkeens,1,15,4,VND-062,Gupta Traders - Region Epsilon,50000,VALUE,1000,250,4.0,7900.0,57,"{""sellable"": 57.0, ""contingency"": null, ""pending_putaway"": null, ""under_transfer"": null}",247,0.042,12/03/26,{},250,0.0,0.0,500,3,2,3520.0,0.021,FAIL,11.09,7.04,Band A,0.23076923076923078,307,19,4693,4386,693,2,18,29,807
FC-001,"Biscuit, Confectionary & Snacks",Pramod Multifood Pvt Ltd,FC-Alpha,SKU-00182,"Pramod Badam Pakori, 32g Pack",Namkeens,1,12,6,VND-062,Gupta Traders - Region Epsilon,50000,VALUE,500,250,2.0,3950.0,171,"{""sellable"": 169.0, ""contingency"": null, ""pending_putaway"": null, ""under_transfer"": null}",0,0.032,,{},0,0.0,0.0,0,0,0,0.0,0.0,N/A,8.94,8.27,Band C,0.0,171,18,0,0,329,1,0,0,171
FC-001,"Biscuit, Confectionary & Snacks",Pramod Multifood Pvt Ltd,FC-Alpha,SKU-00183,"Pramod Mixture, 42g Pack",Mixtures,1,9,4,VND-062,Gupta Traders - Region Epsilon,50000,VALUE,500,250,2.0,3950.0,770,"{""sellable"": 20.0, ""contingency"": 750.0, ""pending_putaway"": null, ""under_transfer"": null}",36,0.042,,{},0,0.0,0.0,0,21,0,0.0,0.0,N/A,9.98,6.88,Band A,21.38888888888889,770,13,468,0,0,0,0,30,770
FC-001,"Biscuit, Confectionary & Snacks",Pramod Multifood Pvt Ltd,FC-Alpha,SKU-00184,"Pramod Moong Dal, 30g Pack",Namkeens,1,12,6,VND-062,Gupta Traders - Region Epsilon,50000,VALUE,500,250,2.0,3950.0,53,"{""sellable"": 33.0, ""contingency"": null, ""pending_putaway"": null, ""under_transfer"": null}",22,0.03,12/03/26,{},250,0.0,0.0,0,13,0,0.0,0.0,N/A,9.88,7.38,Band B,2.409090909090909,303,18,396,93,197,0,1,28,303
FC-001,"Biscuit, Confectionary & Snacks",Pramod Multifood Pvt Ltd,FC-Alpha,SKU-00185,"Pramod Lite Chiwda, 48g Pack",Namkeens,1,9,4,VND-062,Gupta Traders - Region Epsilon,50000,VALUE,250,250,1.0,1975.0,0,"{""sellable"": null, ""contingency"": null, ""pending_putaway"": null, ""under_transfer"": null}",0,0.048,,{},0,0.0,0.0,0,0,0,0.0,0.0,N/A,9.98,7.3,,0.0,0,13,0,0,250,1,0,0,0
FC-001,"Biscuit, Confectionary & Snacks",Pramod Multifood Pvt Ltd,FC-Alpha,SKU-00186,"Pramod Punjabi Tadka, 35g Pack",Namkeens,1,12,6,VND-062,Gupta Traders - Region Epsilon,50000,VALUE,500,250,2.0,3950.0,35,"{""sellable"": 10.0, ""contingency"": null, ""pending_putaway"": null, ""under_transfer"": null}",27,0.035,12/03/26,{},500,0.0,0.0,0,19,0,0.0,0.0,N/A,10.4,7.31,Band B,1.2962962962962963,535,18,486,0,0,0,0,28,535
FC-001,"Biscuit, Confectionary & Snacks",Pramod Multifood Pvt Ltd,FC-Alpha,SKU-00187,"Pramod Umang Classic Mixture, 42g Pack",Mixtures,1,9,4,VND-062,Gupta Traders - Region Epsilon,50000,VALUE,500,250,2.0,3950.0,25,"{""sellable"": null, ""contingency"": null, ""pending_putaway"": null, ""under_transfer"": null}",16,0.042,12/03/26,{},250,0.0,0.0,0,17,0,0.0,0.0,N/A,8.73,8.51,Band B,1.5625,275,13,208,0,225,0,0,24,275
FC-001,"Biscuit, Confectionary & Snacks",Pramod Multifood Pvt Ltd,FC-Alpha,SKU-00188,"Pramod Bhujia, 32g Pack",Namkeens,1,9,4,VND-062,Gupta Traders - Region Epsilon,50000,VALUE,500,250,2.0,3950.0,66,"{""sellable"": 66.0, ""contingency"": null, ""pending_putaway"": null, ""under_transfer"": null}",21,0.032,12/03/26,{},250,0.0,0.0,0,15,0,0.0,0.0,N/A,8.88,8.56,Band B,3.142857142857143,316,13,273,0,184,0,0,24,316
FC-001,"Biscuit, Confectionary & Snacks",Pramod Multifood Pvt Ltd,FC-Alpha,SKU-00189,"Pramod Khasta Mixture, 40g Pack",Mixtures,1,15,4,VND-062,Gupta Traders - Region Epsilon,50000,VALUE,1000,250,4.0,7900.0,15,"{""sellable"": 15.0, ""contingency"": null, ""pending_putaway"": null, ""under_transfer"": null}",116,0.04,12/03/26,{},1000,0.0,0.0,0,8,0,0.0,0.0,N/A,8.92,7.87,Band A,0.12931034482758622,1015,19,2204,1189,0,0,5,26,1015
FC-001,"Biscuit, Confectionary & Snacks",Pramod Multifood Pvt Ltd,FC-Alpha,SKU-00190,"Pramod Umang Classic Mixture, 400g Standup Pouch",Mixtures,1,15,4,VND-062,Gupta Traders - Region Epsilon,50000,VALUE,60,30,2.0,5309.0,4,"{""sellable"": 4.0, ""contingency"": null, ""pending_putaway"": null, ""under_transfer"": null}",6,0.4,,{},60,0.0,0.0,0,10,0,0.0,0.0,N/A,101.31,76.87,Band A,0.6666666666666666,64,19,114,50,0,0,2,22,64
FC-001,"Biscuit, Confectionary & Snacks",Pramod Multifood Pvt Ltd,FC-Alpha,SKU-00191,"Pramod Umang Classic Mixture, 150g Pack",Mixtures,1,12,6,VND-062,Gupta Traders - Region Epsilon,50000,VALUE,120,60,2.0,3223.0,4,"{""sellable"": null, ""contingency"": null, ""pending_putaway"": 4.0, ""under_transfer"": null}",7,0.15,18/03/26,{},60,0.0,0.0,0,9,0,0.0,0.0,N/A,38.05,23.95,Band B,0.5714285714285714,64,18,126,62,56,0,2,35,64
FC-001,"Biscuit, Confectionary & Snacks",Pramod Multifood Pvt Ltd,FC-Alpha,SKU-00192,"Pramod Bhujia, 400g Standup Pouch",Namkeens,1,9,4,VND-062,Gupta Traders - Region Epsilon,50000,VALUE,28,14,2.0,2477.0,0,"{""sellable"": null, ""contingency"": null, ""pending_putaway"": null, ""under_transfer"": null}",1,0.4,12/03/26,{},14,0.0,0.0,14,28,1,1205.68,0.0056,FAIL,117.63,86.12,Band C,0.0,14,13,13,0,14,1,0,42,28
FC-001,"Biscuit, Confectionary & Snacks",Pramod Multifood Pvt Ltd,FC-Alpha,SKU-00193,"Pramod Masala Sev, 400g Standup Pouch",Namkeens,1,9,4,VND-062,Gupta Traders - Region Epsilon,50000,VALUE,14,14,1.0,1239.0,0,"{""sellable"": null, ""contingency"": null, ""pending_putaway"": null, ""under_transfer"": null}",0,0.4,,{},14,0.0,0.0,0,0,0,0.0,0.0,N/A,101.66,99.09,,0.0,14,13,0,0,0,0,0,0,14
FC-001,"Biscuit, Confectionary & Snacks",Pramod Multifood Pvt Ltd,FC-Alpha,SKU-00194,"Pramod Aloo Bhujia, 16g Pack",Namkeens,1,12,6,VND-062,Gupta Traders - Region Epsilon,50000,VALUE,960,480,2.0,3792.0,0,"{""sellable"": null, ""contingency"": null, ""pending_putaway"": null, ""under_transfer"": null}",43,0.016,12/03/26,{},480,0.0,0.0,480,22,1,1987.2,0.0077,FAIL,4.5,4.14,Band B,0.0,480,18,774,294,480,1,1,26,960
FC-001,"Biscuit, Confectionary & Snacks",Pramod Multifood Pvt Ltd,FC-Alpha,SKU-00195,"Pramod Badam Pakori, 16g Pack",Namkeens,1,12,6,VND-062,Gupta Traders - Region Epsilon,50000,VALUE,960,480,2.0,3792.0,275,"{""sellable"": 275.0, ""contingency"": null, ""pending_putaway"": null, ""under_transfer"": null}",44,0.016,18/03/26,{},480,0.0,0.0,0,17,0,0.0,0.0,N/A,4.52,4.02,Band B,6.25,755,18,792,37,205,0,1,26,755
FC-001,"Biscuit, Confectionary & Snacks",Pramod Multifood Pvt Ltd,FC-Alpha,SKU-00196,"Pramod Mixture, 200g Pack",Mixtures,1,9,4,VND-062,Gupta Traders - Region Epsilon,50000,VALUE,120,60,2.0,4266.0,3,"{""sellable"": 3.0, ""contingency"": null, ""pending_putaway"": null, ""under_transfer"": null}",16,0.2,,{},120,0.0,0.0,0,7,0,0.0,0.0,N/A,39.88,30.77,Band A,0.1875,123,13,208,85,0,0,2,28,123
FC-001,"Biscuit, Confectionary & Snacks",Pramod Multifood Pvt Ltd,FC-Alpha,SKU-00197,"Pramod Chini Chor Mixture, 22g Pack",Mixtures,1,9,4,VND-062,Gupta Traders - Region Epsilon,50000,VALUE,960,480,2.0,3792.0,408,"{""sellable"": 408.0, ""contingency"": null, ""pending_putaway"": null, ""under_transfer"": null}",62,0.022,,{},0,0.0,0.0,480,14,1,1761.6,0.0106,FAIL,4.56,3.67,Band B,6.580645161290323,408,13,806,398,552,1,1,29,888
FC-001,"Biscuit, Confectionary & Snacks",Pramod Multifood Pvt Ltd,FC-Alpha,SKU-00198,"Pramod Bhujia, 15g Pack",Namkeens,1,15,4,VND-062,Gupta Traders - Region Epsilon,50000,VALUE,960,480,2.0,3792.0,100,"{""sellable"": 100.0, ""contingency"": null, ""pending_putaway"": null, ""under_transfer"": null}",57,0.015,12/03/26,{},960,0.0,0.0,0,18,0,0.0,0.0,N/A,5.01,4.52,Band A,1.7543859649122806,1060,19,1083,23,0,0,1,24,1060
FC-001,"Biscuit, Confectionary & Snacks",Pramod Multifood Pvt Ltd,FC-Alpha,SKU-00199,"Pramod Chana Muri, 25g Pack",Namkeens,1,9,4,VND-062,Gupta Traders - Region Epsilon,50000,VALUE,384,480,1.0,1517.0,4,"{""sellable"": null, ""contingency"": null, ""pending_putaway"": 4.0, ""under_transfer"": null}",75,0.025,,{},0,0.0,0.0,0,0,0,0.0,0.0,N/A,4.31,4.13,Band C,0.05333333333333334,4,13,975,971,380,0,3,26,4
FC-001,"Biscuit, Confectionary & Snacks",Pramod Multifood Pvt Ltd,FC-Alpha,SKU-00200,"Pramod Khasta Mixture, 20g Pack",Mixtures,1,15,4,VND-062,Gupta Traders - Region Epsilon,50000,VALUE,960,480,2.0,3792.0,43,"{""sellable"": 11.0, ""contingency"": null, ""pending_putaway"": 32.0, ""under_transfer"": null}",79,0.02,12/03/26,{},480,0.0,0.0,0,6,0,0.0,0.0,N/A,5.19,4.03,Band A,0.5443037974683544,523,19,1501,978,437,0,3,26,523
FC-001,"Biscuit, Confectionary & Snacks",Pramod Multifood Pvt Ltd,FC-Alpha,SKU-00201,"Pramod Punjabi Tadka, 16g Pack",Namkeens,1,9,4,VND-062,Gupta Traders - Region Epsilon,50000,VALUE,865,480,2.0,3417.0,4,"{""sellable"": 4.0, ""contingency"": null, ""pending_putaway"": null, ""under_transfer"": null}",43,0.016,,{},0,0.0,0.0,480,11,1,2164.8,0.0077,FAIL,5.56,4.51,Band B,0.09302325581395349,4,13,559,555,861,1,2,24,484
FC-001,"Biscuit, Confectionary & Snacks",Pramod Multifood Pvt Ltd,FC-Alpha,SKU-00202,"Pramod Masala Chiwra, 48g Pack",Namkeens,1,9,4,VND-062,Gupta Traders - Region Epsilon,50000,VALUE,500,250,2.0,3950.0,6,"{""sellable"": 6.0, ""contingency"": null, ""pending_putaway"": null, ""under_transfer"": null}",26,0.048,12/03/26,{},250,0.0,0.0,0,9,0,0.0,0.0,N/A,8.68,7.54,Band B,0.23076923076923078,256,13,338,82,244,0,1,27,256
FC-001,"Biscuit, Confectionary & Snacks",Pramod Multifood Pvt Ltd,FC-Alpha,SKU-00203,"Pramod Chini Chor Mixture, 44g Pack",Mixtures,1,11,4,VND-062,Gupta Traders - Region Epsilon,50000,VALUE,500,250,2.0,3950.0,108,"{""sellable"": 108.0, ""contingency"": null, ""pending_putaway"": null, ""under_transfer"": null}",69,0.044,,{},0,0.0,0.0,250,5,1,1767.5,0.011,FAIL,10.92,7.07,Band A,1.565217391304348,108,15,1035,927,392,1,4,29,358
FC-001,"Biscuit, Confectionary & Snacks",Pramod Multifood Pvt Ltd,FC-Alpha,SKU-00204,"Pramod Salted Peanut, 15g Pack",Namkeens,1,9,4,VND-062,Gupta Traders - Region Epsilon,50000,VALUE,960,480,2.0,3792.0,8,"{""sellable"": 8.0, ""contingency"": null, ""pending_putaway"": null, ""under_transfer"": null}",38,0.015,12/03/26,{},480,0.0,0.0,0,12,0,0.0,0.0,N/A,4.53,3.65,Band B,0.21052631578947367,488,13,494,6,472,0,1,29,488
FC-001,"Biscuit, Confectionary & Snacks",Pramod Multifood Pvt Ltd,FC-Alpha,SKU-00205,"Pramod Jhal Mix Mixture, 22g Pack",Mixtures,1,15,4,VND-062,Gupta Traders - Region Epsilon,50000,VALUE,1440,480,3.0,5688.0,107,"{""sellable"": 35.0, ""contingency"": null, ""pending_putaway"": 72.0, ""under_transfer"": null}",183,0.022,12/03/26,{},480,0.0,0.0,480,5,1,1929.6,0.0106,FAIL,4.81,4.02,Band A,0.5846994535519126,587,19,3477,2890,853,1,7,26,1067
FC-001,"Biscuit, Confectionary & Snacks",Pramod Multifood Pvt Ltd,FC-Alpha,SKU-00206,"Pramod Malai Sev, 400g Standup Pouch",Namkeens,1,9,4,VND-062,Gupta Traders - Region Epsilon,50000,VALUE,24,14,2.0,2124.0,0,"{""sellable"": null, ""contingency"": null, ""pending_putaway"": null, ""under_transfer"": null}",0,0.4,12/03/26,{},12,0.0,0.0,0,0,0,0.0,0.0,N/A,115.97,78.25,Band B,0.0,12,13,0,0,12,0,0,0,12
FC-001,"Biscuit, Confectionary & Snacks",Pramod Multifood Pvt Ltd,FC-Alpha,SKU-00238,"Pramod Navratan Mixture, 150g Pack",Mixtures,1,12,6,VND-062,Gupta Traders - Region Epsilon,50000,VALUE,40,24,2.0,1485.0,0,"{""sellable"": null, ""contingency"": null, ""pending_putaway"": null, ""under_transfer"": null}",9,0.15,,{},0,0.0,0.0,24,2,1,950.64,0.0036,FAIL,46.47,39.61,Band C,0.0,0,18,162,162,40,1,7,53,24
FC-001,"Biscuit, Confectionary & Snacks",Pramod Multifood Pvt Ltd,FC-Alpha,SKU-00239,"Pramod Jhal Mix Mixture, 45g Pack",Mixtures,1,15,4,VND-062,Gupta Traders - Region Epsilon,50000,VALUE,1250,250,5.0,9875.0,47,"{""sellable"": 8.0, ""contingency"": null, ""pending_putaway"": 19.0, ""under_transfer"": null}",125,0.045,12/03/26,{},1250,0.0,0.0,0,10,0,0.0,0.0,N/A,8.61,8.39,Band A,0.376,1297,19,2375,1078,0,0,5,24,1297
FC-001,"Biscuit, Confectionary & Snacks",Pramod Multifood Pvt Ltd,FC-Alpha,SKU-00240,"Pramod Hara Matar Masala, 18g Pack",Namkeens,1,15,4,VND-062,Gupta Traders - Region Epsilon,50000,VALUE,960,480,2.0,3965.0,30,"{""sellable"": 30.0, ""contingency"": null, ""pending_putaway"": null, ""under_transfer"": null}",192,0.018,12/03/26,{},960,0.0,0.0,0,5,0,0.0,0.0,N/A,5.32,3.61,Band A,0.15625,990,19,3648,2658,0,0,6,29,990
FC-001,"Biscuit, Confectionary & Snacks",Pramod Multifood Pvt Ltd,FC-Alpha,SKU-00241,"Pramod Bhujia, 150g Pack",Namkeens,1,9,4,VND-062,Gupta Traders - Region Epsilon,50000,VALUE,32,18,2.0,1138.0,2,"{""sellable"": 2.0, ""contingency"": null, ""pending_putaway"": null, ""under_transfer"": null}",1,0.15,18/03/26,{},16,0.0,0.0,0,18,0,0.0,0.0,N/A,45.16,35.39,Band C,2.0,18,13,13,0,14,0,0,79,18
FC-001,"Biscuit, Confectionary & Snacks",Pramod Multifood Pvt Ltd,FC-Alpha,SKU-00853,"Pramod Khasta Mixture, 400g Standup Pouch",Mixtures,1,15,4,VND-062,Gupta Traders - Region Epsilon,50000,VALUE,70,35,2.0,5419.0,3,"{""sellable"": 1.0, ""contingency"": null, ""pending_putaway"": 2.0, ""under_transfer"": null}",6,0.4,12/03/26,{},60,0.0,0.0,0,10,0,0.0,0.0,N/A,100.94,87.77,Band A,0.5,63,19,114,51,7,0,2,17,63
FC-001,"Biscuit, Confectionary & Snacks",Pramod Multifood Pvt Ltd,FC-Alpha,SKU-00855,"Pramod Masala Chiwra, 24g Pack",Namkeens,1,9,4,VND-062,Gupta Traders - Region Epsilon,50000,VALUE,960,480,2.0,3792.0,40,"{""sellable"": null, ""contingency"": null, ""pending_putaway"": null, ""under_transfer"": null}",98,0.024,12/03/26,{},960,0.0,0.0,0,10,0,0.0,0.0,N/A,5.05,4.15,Band B,0.40816326530612246,1000,13,1274,274,0,0,1,26,1000
FC-001,"Biscuit, Confectionary & Snacks",Pramod Multifood Pvt Ltd,FC-Alpha,SKU-00861,"Pramod Coconut Cookies, 180g Box",Cookies,1,9,4,VND-062,Gupta Traders - Region Epsilon,50000,VALUE,36,18,2.0,1991.0,6,"{""sellable"": null, ""contingency"": null, ""pending_putaway"": null, ""under_transfer"": null}",0,0.2,12/03/26,{},18,0.0,0.0,0,0,0,0.0,0.0,N/A,65.15,53.84,,0.0,24,13,0,0,12,0,0,0,24
FC-001,"Biscuit, Confectionary & Snacks",Pramod Multifood Pvt Ltd,FC-Alpha,SKU-00862,"Pramod Jeera Cookies, 180g Box",Cookies,1,9,4,VND-062,Gupta Traders - Region Epsilon,50000,VALUE,36,18,2.0,1706.0,2,"{""sellable"": 2.0, ""contingency"": null, ""pending_putaway"": null, ""under_transfer"": null}",2,0.2,12/03/26,{},18,0.0,0.0,0,10,0,0.0,0.0,N/A,51.36,48.05,Band C,1.0,20,13,26,6,16,0,1,58,20
FC-001,"Biscuit, Confectionary & Snacks",Pramod Multifood Pvt Ltd,FC-Alpha,SKU-00870,"Pramod Navratan Mixture, 400g Standup Pouch",Mixtures,1,9,4,VND-062,Gupta Traders - Region Epsilon,50000,VALUE,28,14,2.0,2522.0,7,"{""sellable"": null, ""contingency"": 7.0, ""pending_putaway"": null, ""under_transfer"": 7.0}",1,0.4,,{},0,0.0,0.0,14,21,1,1265.6,0.0056,FAIL,104.13,90.4,Band B,7.0,7,13,13,6,21,1,1,40,21
FC-001,Beverages,Hector Beverages,FC-Alpha,SKU-00010,"Paper Boat Swing Top Secret Fruit Drink, Strawberry, 125ml Spout Pouch",Fruit Drinks,7,33,5,VND-012,HECTOR BEVERAGES PVT LTD - Region Delta,70000,VALUE,810,54,15.0,6480.0,0,"{""sellable"": null, ""contingency"": null, ""pending_putaway"": null, ""under_transfer"": null}",0,0.0,16/03/26,"{""open_po_1"": {""promise_date"": ""2026-03-16"", ""orderedquantity"": 810.0, ""order_item_amount"": 6480.0, ""open_po_cases"": 15.0, ""mrp"": 10.0, ""price_per_unit"": 8.0, ""order_id"": ""PO-00003"", ""po_raising_drr"": 0.0, ""po_raising_total_space"": 810.0, ""po_raising_final_available_space"": 810.0, ""order_date"": ""2026-03-07""}}",810,6480.0,15.0,0,0,0,0.0,0.0,N/A,11.23,7.06,,0.0,810,38,0,0,0,0,0,0,810
FC-001,Beverages,Hector Beverages,FC-Alpha,SKU-00011,"Paper Boat Swing Top Secret Fruit Drink, Orange, 125ml Spout Pouch",Fruit Drinks,7,33,5,VND-012,HECTOR BEVERAGES PVT LTD - Region Delta,70000,VALUE,810,54,15.0,6480.0,0,"{""sellable"": null, ""contingency"": null, ""pending_putaway"": null, ""under_transfer"": null}",0,0.0,16/03/26,"{""open_po_1"": {""promise_date"": ""2026-03-16"", ""orderedquantity"": 810.0, ""order_item_amount"": 6480.0, ""open_po_cases"": 15.0, ""mrp"": 10.0, ""price_per_unit"": 8.0, ""order_id"": ""PO-00003"", ""po_raising_drr"": 0.0, ""po_raising_total_space"": 810.0, ""po_raising_final_available_space"": 810.0, ""order_date"": ""2026-03-07""}}",810,6480.0,15.0,0,0,0,0.0,0.0,N/A,9.28,8.38,,0.0,810,38,0,0,0,0,0,0,810
FC-001,Beverages,Hector Beverages,FC-Alpha,SKU-00082,"Paper Boat Swing Juicier Drink, Zesty Pomegranate, Rs.10 Spout Pouch",Fruit Drinks,7,18,4,VND-012,HECTOR BEVERAGES PVT LTD - Region Delta,70000,VALUE,540,54,10.0,4320.0,0,"{""sellable"": null, ""contingency"": null, ""pending_putaway"": null, ""under_transfer"": null}",0,0.14,16/03/26,"{""open_po_1"": {""promise_date"": ""2026-03-16"", ""orderedquantity"": 540.0, ""order_item_amount"": 4320.0, ""open_po_cases"": 10.0, ""mrp"": 10.0, ""price_per_unit"": 8.0, ""order_id"": ""PO-00003"", ""po_raising_drr"": 0.0, ""po_raising_total_space"": 540.0, ""po_raising_final_available_space"": 540.0, ""order_date"": ""2026-03-07""}}",540,4320.0,10.0,0,0,0,0.0,0.0,N/A,10.49,9.2,,0.0,540,22,0,0,0,0,0,0,540
FC-001,Beverages,Hector Beverages,FC-Alpha,SKU-00294,"Paper Boat Swing Yummy Guava Juice, Rs.10 Spout Pouch",Fruit Drinks,7,18,4,VND-012,HECTOR BEVERAGES PVT LTD - Region Delta,70000,VALUE,540,54,10.0,4320.0,0,"{""sellable"": null, ""contingency"": null, ""pending_putaway"": null, ""under_transfer"": null}",0,0.168,16/03/26,"{""open_po_1"": {""promise_date"": ""2026-03-16"", ""orderedquantity"": 540.0, ""order_item_amount"": 4320.0, ""open_po_cases"": 10.0, ""mrp"": 10.0, ""price_per_unit"": 8.0, ""order_id"": ""PO-00003"", ""po_raising_drr"": 0.0, ""po_raising_total_space"": 540.0, ""po_raising_final_available_space"": 540.0, ""order_date"": ""2026-03-07""}}",540,4320.0,10.0,0,0,0,0.0,0.0,N/A,9.44,6.92,,0.0,540,22,0,0,0,0,0,0,540
FC-001,Beverages,Hector Beverages,FC-Alpha,SKU-00353,"Paper Boat Swing Mixed Fruit Medley, Rs.10 Spout Pouch",Fruit Drinks,7,18,4,VND-012,HECTOR BEVERAGES PVT LTD - Region Delta,70000,VALUE,540,54,10.0,4320.0,0,"{""sellable"": null, ""contingency"": null, ""pending_putaway"": null, ""under_transfer"": null}",0,0.13,16/03/26,"{""open_po_1"": {""promise_date"": ""2026-03-16"", ""orderedquantity"": 432.0, ""order_item_amount"": 3456.0, ""open_po_cases"": 8.0, ""mrp"": 10.0, ""price_per_unit"": 8.0, ""order_id"": ""PO-00003"", ""po_raising_drr"": 0.0, ""po_raising_total_space"": 540.0, ""po_raising_final_available_space"": 460.0, ""order_date"": ""2026-03-07""}}",432,3456.0,8.0,0,0,0,0.0,0.0,N/A,10.06,9.15,,0.0,432,22,0,0,108,2,0,0,432
FC-001,Beverages,Hector Beverages,FC-Alpha,SKU-00354,"Paper Boat Swing Pulpy Orange Juice, 140ml Spout Pouch",Fruit Drinks,7,18,4,VND-012,HECTOR BEVERAGES PVT LTD - Region Delta,70000,VALUE,2042,54,38.0,16336.0,0,"{""sellable"": null, ""contingency"": null, ""pending_putaway"": null, ""under_transfer"": null}",0,0.125,16/03/26,"{""open_po_1"": {""promise_date"": ""2026-03-16"", ""orderedquantity"": 2042.0, ""order_item_amount"": 16336.0, ""open_po_cases"": 37.81481481481482, ""mrp"": 10.0, ""price_per_unit"": 8.0, ""order_id"": ""PO-00003"", ""po_raising_drr"": 0.0, ""po_raising_total_space"": 2042.0, ""po_raising_final_available_space"": 2042.0, ""order_date"": ""2026-03-07""}}",2042,16336.0,38.0,0,0,0,0.0,0.0,N/A,10.14,7.78,,0.0,2042,22,0,0,0,0,0,0,2042
FC-001,Beverages,Hector Beverages,FC-Alpha,SKU-00890,"Paper Boat Swing+ Juicier Drink, Zesty Pomegranate, 270ml Bottle",Fruit Drinks,7,18,4,VND-012,HECTOR BEVERAGES PVT LTD - Region Delta,70000,VALUE,300,30,10.0,4800.0,0,"{""sellable"": null, ""contingency"": null, ""pending_putaway"": null, ""under_transfer"": null}",0,0.275,16/03/26,"{""open_po_1"": {""promise_date"": ""2026-03-16"", ""orderedquantity"": 300.0, ""order_item_amount"": 4800.0, ""open_po_cases"": 10.0, ""mrp"": 20.0, ""price_per_unit"": 16.0, ""order_id"": ""PO-00003"", ""po_raising_drr"": 0.0, ""po_raising_total_space"": 300.0, ""po_raising_final_available_space"": 300.0, ""order_date"": ""2026-03-07""}}",300,4800.0,10.0,0,0,0,0.0,0.0,N/A,18.11,17.78,Band C,0.0,300,22,0,0,0,0,0,0,300
FC-001,Beverages,Hector Beverages,FC-Alpha,SKU-00891,"Paper Boat Swing+ Juicer Drink, Lush Lychee, Rs.20 Bottle",Fruit Drinks,7,18,4,VND-012,HECTOR BEVERAGES PVT LTD - Region Delta,70000,VALUE,300,30,10.0,4800.0,0,"{""sellable"": null, ""contingency"": null, ""pending_putaway"": null, ""under_transfer"": null}",0,0.25,16/03/26,"{""open_po_1"": {""promise_date"": ""2026-03-16"", ""orderedquantity"": 300.0, ""order_item_amount"": 4800.0, ""open_po_cases"": 10.0, ""mrp"": 20.0, ""price_per_unit"": 16.0, ""order_id"": ""PO-00003"", ""po_raising_drr"": 0.0, ""po_raising_total_space"": 300.0, ""po_raising_final_available_space"": 300.0, ""order_date"": ""2026-03-07""}}",300,4800.0,10.0,0,0,0,0.0,0.0,N/A,21.65,16.32,,0.0,300,22,0,0,0,0,0,0,300
FC-001,Beverages,Hector Beverages,FC-Alpha,SKU-00892,"Paper Boat Swing+ Juicer Drink, Yummy Guava, 250ml Bottle",Fruit Drinks,7,18,4,VND-012,HECTOR BEVERAGES PVT LTD - Region Delta,70000,VALUE,300,30,10.0,4800.0,0,"{""sellable"": null, ""contingency"": null, ""pending_putaway"": null, ""under_transfer"": null}",0,0.28,16/03/26,"{""open_po_1"": {""promise_date"": ""2026-03-16"", ""orderedquantity"": 300.0, ""order_item_amount"": 4800.0, ""open_po_cases"": 10.0, ""mrp"": 20.0, ""price_per_unit"": 16.0, ""order_id"": ""PO-00003"", ""po_raising_drr"": 0.0, ""po_raising_total_space"": 300.0, ""po_raising_final_available_space"": 300.0, ""order_date"": ""2026-03-07""}}",300,4800.0,10.0,0,0,0,0.0,0.0,N/A,22.37,17.82,,0.0,300,22,0,0,0,0,0,0,300
FC-001,Cleaning & Household Supplies,Jyothy Labs Limited,FC-Alpha,SKU-00338,"Exo Safai Dish Scrub, Stainless Steel, 15g Pack",Scrubbers,1,25,7,VND-033,BAJRANG TRADERS - Region Alpha,150000,VALUE,600,300,2.0,3666.0,409,"{""sellable"": 409.0, ""contingency"": null, ""pending_putaway"": null, ""under_transfer"": null}",29,0.015,,{},0,0.0,0.0,0,14,0,0.0,0.0,N/A,16.83,5.42,Band B,14.10344827586207,409,32,928,519,191,0,2,93,409
FC-001,Cleaning & Household Supplies,Jyothy Labs Limited,FC-Alpha,SKU-00362,"Exo Anti-Bacterial Bacto Scrub, Ginger Twist, 1Pc Pack",Scrubbers,1,25,7,VND-033,BAJRANG TRADERS - Region Alpha,150000,VALUE,400,200,2.0,3020.0,140,"{""sellable"": 120.0, ""contingency"": null, ""pending_putaway"": 20.0, ""under_transfer"": null}",45,0.005,17/03/26,"{""open_po_1"": {""promise_date"": ""2026-03-17"", ""orderedquantity"": 200.0, ""order_item_amount"": 1510.0, ""open_po_cases"": 1.0, ""mrp"": 10.0, ""price_per_unit"": 7.55, ""order_id"": ""PO-00042"", ""po_raising_drr"": 45.0, ""po_raising_total_space"": 400.0, ""po_raising_final_available_space"": 265.0, ""order_date"": ""2026-03-16""}, ""open_po_2"": {""promise_date"": null, ""orderedquantity"": 200.0, ""order_item_amount"": 1510.0, ""open_po_cases"": 1.0, ""mrp"": 10.0, ""price_per_unit"": 7.55, ""order_id"": ""PO-00034"", ""po_raising_drr"": 45.0, ""po_raising_total_space"": 400.0, ""po_raising_final_available_space"": 45.0, ""order_date"": ""2026-03-16""}}",400,3020.0,2.0,0,12,0,0.0,0.0,N/A,10.37,7.95,Band B,3.111111111111111,540,32,1440,900,0,0,5,95,540
FC-001,Home Care,Jyothy Labs Limited,FC-Alpha,SKU-00331,"Maxo Genius Liquid Vapourizer, Calming Aroma, 45ml Box",Repellents,1,25,7,VND-033,BAJRANG TRADERS - Region Alpha,150000,VALUE,200,100,2.0,9492.0,122,"{""sellable"": 122.0, ""contingency"": null, ""pending_putaway"": null, ""under_transfer"": null}",8,0.06,,{},0,0.0,0.0,0,15,0,0.0,0.0,N/A,83.41,48.29,Band C,15.25,122,32,256,134,78,0,2,32,122
FC-001,Home Care,Jyothy Labs Limited,FC-Alpha,SKU-00364,"Maxo Genius Smart Auto-Shifts Repellent Machine + Cartridge, 45ml Box",Repellents,1,25,7,VND-033,BAJRANG TRADERS - Region Alpha,150000,VALUE,96,48,2.0,7746.0,0,"{""sellable"": null, ""contingency"": null, ""pending_putaway"": null, ""under_transfer"": null}",22,0.045,16/03/26,"{""open_po_1"": {""promise_date"": ""2026-03-16"", ""orderedquantity"": 96.0, ""order_item_amount"": 7746.24, ""open_po_cases"": 2.0, ""mrp"": 100.0, ""price_per_unit"": 80.69, ""order_id"": ""PO-00055"", ""po_raising_drr"": 28.0, ""po_raising_total_space"": 96.0, ""po_raising_final_available_space"": 96.0, ""order_date"": ""2026-03-14""}}",96,7746.0,2.0,0,4,0,0.0,0.0,N/A,102.92,76.89,Band A,0.0,96,32,704,608,0,0,13,41,96
FC-001,Home Care,Jyothy Labs Limited,FC-Alpha,SKU-00380,"Exo Anti-Bacterial Round Dishwash Bar, Ginger Twist, 500g Tub",Dishwash,1,25,7,VND-033,BAJRANG TRADERS - Region Alpha,150000,VALUE,72,36,2.0,3493.0,56,"{""sellable"": 52.0, ""contingency"": null, ""pending_putaway"": null, ""under_transfer"": null}",3,0.5,,{},0,0.0,0.0,0,18,0,0.0,0.0,N/A,61.81,51.86,Band B,18.666666666666668,56,32,96,40,16,0,2,81,56
FC-001,Home Care,Jyothy Labs Limited,FC-Alpha,SKU-00411,"Exo Anti-Bacterial Round Dishwash Bar, Ginger Twist, 250g Tub",Dishwash,1,27,7,VND-033,BAJRANG TRADERS - Region Alpha,150000,VALUE,144,72,2.0,3763.0,37,"{""sellable"": 34.0, ""contingency"": null, ""pending_putaway"": 3.0, ""under_transfer"": null}",5,0.26,16/03/26,"{""open_po_1"": {""promise_date"": ""2026-03-16"", ""orderedquantity"": 72.0, ""order_item_amount"": 1881.36, ""open_po_cases"": 1.0, ""mrp"": 32.0, ""price_per_unit"": 26.13, ""order_id"": ""PO-00055"", ""po_raising_drr"": 15.0, ""po_raising_total_space"": 144.0, ""po_raising_final_available_space"": 76.0, ""order_date"": ""2026-03-14""}}",72,1881.0,1.0,0,21,0,0.0,0.0,N/A,33.58,27.32,Band B,7.4,109,34,170,61,35,0,1,77,109
FC-001,"Biscuit, Confectionary & Snacks",Pran Beverages (India) Pvt. Ltd.,FC-Alpha,SKU-00002,"Pran Toast Family Rusk, 200g Pack",Rusks,4,8,4,VND-017,PRAN BEVERAGES (INDIA) PRIVATE LIMITED - Region Gamma,200000,VALUE,280,28,10.0,10500.0,280,"{""sellable"": 280.0, ""contingency"": null, ""pending_putaway"": null, ""under_transfer"": null}",0,0.25,,{},0,0.0,0.0,0,0,0,0.0,0.0,N/A,47.41,40.95,,0.0,280,12,0,0,0,0,0,0,280
FC-001,"Biscuit, Confectionary & Snacks",Pran Beverages (India) Pvt. Ltd.,FC-Alpha,SKU-00003,"Pran Toast Baby Rusk, 250g Pack",Rusks,4,8,4,VND-017,PRAN BEVERAGES (INDIA) PRIVATE LIMITED - Region Gamma,200000,VALUE,252,28,9.0,9450.0,252,"{""sellable"": 140.0, ""contingency"": 112.0, ""pending_putaway"": null, ""under_transfer"": 112.0}",0,0.25,,{},0,0.0,0.0,0,0,0,0.0,0.0,N/A,44.3,37.04,,0.0,252,12,0,0,0,0,0,0,252
FC-001,"Biscuit, Confectionary & Snacks",Pran Beverages (India) Pvt. Ltd.,FC-Alpha,SKU-00236,"Pran Potata Cheese Flavoured Biscuits, 75g Pack",Crackers & Sweet Biscuits,4,8,4,VND-017,PRAN BEVERAGES (INDIA) PRIVATE LIMITED - Region Gamma,200000,VALUE,432,48,9.0,7206.0,396,"{""sellable"": 384.0, ""contingency"": 12.0, ""pending_putaway"": null, ""under_transfer"": 12.0}",23,0.075,,{},0,0.0,0.0,0,17,0,0.0,0.0,N/A,27.93,14.44,Band C,17.217391304347824,396,12,276,0,36,0,0,289,396
FC-001,"Biscuit, Confectionary & Snacks",Pran Beverages (India) Pvt. Ltd.,FC-Alpha,SKU-00237,"Pran Potata Cream & Onion Flavoured Biscuits, 75g Pack",Crackers & Sweet Biscuits,4,8,4,VND-017,PRAN BEVERAGES (INDIA) PRIVATE LIMITED - Region Gamma,200000,VALUE,432,48,9.0,7206.0,408,"{""sellable"": 408.0, ""contingency"": null, ""pending_putaway"": null, ""under_transfer"": null}",16,0.075,,{},0,0.0,0.0,0,25,0,0.0,0.0,N/A,25.7,18.11,Band C,25.5,408,12,192,0,24,0,0,231,408
FC-001,"Biscuit, Confectionary & Snacks",Pran Beverages (India) Pvt. Ltd.,FC-Alpha,SKU-01069,"Pran Garlic Toast, Rusk, 250g Pack",Rusks,4,13,4,VND-017,PRAN BEVERAGES (INDIA) PRIVATE LIMITED - Region Gamma,200000,VALUE,252,28,9.0,9450.0,252,"{""sellable"": null, ""contingency"": null, ""pending_putaway"": null, ""under_transfer"": 252.0}",0,0.25,,{},0,0.0,0.0,0,0,0,0.0,0.0,N/A,52.69,34.14,,0.0,252,17,0,0,0,0,0,0,252
FC-001,"Biscuit, Confectionary & Snacks",Prayagh Consumer Care Private Limited,FC-Alpha,SKU-00004,"Lavian Cakkies Chocolate Cake, 26g Pack",Cakes,3,30,4,VND-022,M/S MANISH ENTERPRISES JH,200000,VALUE,1008,144,7.0,7560.0,0,"{""sellable"": null, ""contingency"": null, ""pending_putaway"": null, ""under_transfer"": null}",0,0.0,,{},0,0.0,0.0,0,0,0,0.0,0.0,N/A,10.87,6.96,,0.0,0,34,0,0,1008,7,0,0,0
FC-001,"Biscuit, Confectionary & Snacks",Prayagh Consumer Care Private Limited,FC-Alpha,SKU-00005,"Lavian Cakkies Mixed Fruit Cake, 52g Pack",Cakes,3,30,4,VND-022,M/S MANISH ENTERPRISES JH,200000,VALUE,360,72,5.0,5616.0,0,"{""sellable"": null, ""contingency"": null, ""pending_putaway"": null, ""under_transfer"": null}",0,0.0,,{},0,0.0,0.0,0,0,0,0.0,0.0,N/A,19.99,14.03,,0.0,0,34,0,0,360,5,0,0,0
FC-001,"Biscuit, Confectionary & Snacks",Prayagh Consumer Care Private Limited,FC-Alpha,SKU-00006,"Lavian Cakkies Mixed Fruit Cake, 26g Pack",Cakes,3,30,4,VND-022,M/S MANISH ENTERPRISES JH,200000,VALUE,1008,144,7.0,7862.0,0,"{""sellable"": null, ""contingency"": null, ""pending_putaway"": null, ""under_transfer"": null}",0,0.0,,{},0,0.0,0.0,0,0,0,0.0,0.0,N/A,8.76,7.4,,0.0,0,34,0,0,1008,7,0,0,0
FC-001,"Biscuit, Confectionary & Snacks",Prayagh Consumer Care Private Limited,FC-Alpha,SKU-00007,"Lavian Cakkies Chocolate Cake, 52g Pack",Cakes,3,30,4,VND-022,M/S MANISH ENTERPRISES JH,200000,VALUE,360,72,5.0,5616.0,0,"{""sellable"": null, ""contingency"": null, ""pending_putaway"": null, ""under_transfer"": null}",0,0.0,,{},0,0.0,0.0,0,0,0,0.0,0.0,N/A,20.22,16.8,,0.0,0,34,0,0,360,5,0,0,0
FC-001,"Biscuit, Confectionary & Snacks",Prayagh Consumer Care Private Limited,FC-Alpha,SKU-00054,"Lavian Jellyto's Yummy Bears Jelly, Guava And Imali, 30g Pack",Jellies,3,18,5,VND-022,M/S MANISH ENTERPRISES JH,200000,VALUE,4032,288,14.0,30240.0,3513,"{""sellable"": 3513.0, ""contingency"": null, ""pending_putaway"": null, ""under_transfer"": null}",35,0.03,,{},0,0.0,0.0,288,108,1,2171.52,0.0086,FAIL,10.26,7.54,Band B,100.37142857142857,3513,23,805,0,519,1,0,93,3801
FC-001,"Biscuit, Confectionary & Snacks",Prayagh Consumer Care Private Limited,FC-Alpha,SKU-00055,"Lavian Chokito Krunchy Choco Coated Wafers, Caramel & Crispies, 504g Box (24Pcs x 21g)",Wafers,3,16,5,VND-022,M/S MANISH ENTERPRISES JH,200000,VALUE,54,18,3.0,9461.0,38,"{""sellable"": 38.0, ""contingency"": null, ""pending_putaway"": null, ""under_transfer"": null}",0,0.504,,{},0,0.0,0.0,0,0,0,0.0,0.0,N/A,257.67,159.69,Band C,0.0,38,21,0,0,16,0,0,0,38
FC-001,"Biscuit, Confectionary & Snacks",Prayagh Consumer Care Private Limited,FC-Alpha,SKU-00056,"Lavian Dessert Cake, Belgian Dark Choco, 625g Box (50Pcs x 12.5g)",Cakes,3,16,5,VND-022,M/S MANISH ENTERPRISES JH,200000,VALUE,12,12,1.0,2102.0,0,"{""sellable"": null, ""contingency"": null, ""pending_putaway"": null, ""under_transfer"": null}",0,0.625,,{},0,0.0,0.0,0,0,0,0.0,0.0,N/A,235.08,195.06,Band C,0.0,0,21,0,0,12,1,0,0,0
FC-001,"Biscuit, Confectionary & Snacks",Prayagh Consumer Care Private Limited,FC-Alpha,SKU-00057,"Lavian Cuppies Choco Cupcake, Vanilla, 30g Pack",Cakes,3,16,5,VND-022,M/S MANISH ENTERPRISES JH,200000,VALUE,288,144,2.0,2102.0,236,"{""sellable"": 236.0, ""contingency"": null, ""pending_putaway"": null, ""under_transfer"": null}",9,0.03,,{},0,0.0,0.0,0,26,0,0.0,0.0,N/A,8.88,8.13,Band C,26.22222222222222,236,21,189,0,52,0,0,171,236
FC-001,"Biscuit, Confectionary & Snacks",Prayagh Consumer Care Private Limited,FC-Alpha,SKU-00058,"Lavian Twist Chatpata Masala Mango Candy, 180g Pack",Candies,3,16,5,VND-022,M/S MANISH ENTERPRISES JH,200000,VALUE,180,60,3.0,5670.0,111,"{""sellable"": 111.0, ""contingency"": null, ""pending_putaway"": null, ""under_transfer"": null}",1,0.18,,{},0,0.0,0.0,60,171,1,2100.0,0.0108,FAIL,46.76,35.0,Band C,111.0,111,21,21,0,69,1,0,96,171
FC-001,"Biscuit, Confectionary & Snacks",Prayagh Consumer Care Private Limited,FC-Alpha,SKU-00059,"Cintu Go Goli Candy, Orange, 100g Standup Pouch",Candies,3,16,5,VND-022,M/S MANISH ENTERPRISES JH,200000,VALUE,480,80,6.0,6192.0,435,"{""sellable"": 435.0, ""contingency"": null, ""pending_putaway"": null, ""under_transfer"": null}",5,0.1,,{},0,0.0,0.0,0,87,0,0.0,0.0,N/A,28.77,11.89,Band C,87.0,435,21,105,0,45,0,0,211,435
FC-001,"Biscuit, Confectionary & Snacks",Prayagh Consumer Care Private Limited,FC-Alpha,SKU-00060,"Cintu Go Goli Candy, Cola, 100g Standup Pouch",Candies,3,16,5,VND-022,M/S MANISH ENTERPRISES JH,200000,VALUE,960,80,12.0,12384.0,498,"{""sellable"": 498.0, ""contingency"": null, ""pending_putaway"": null, ""under_transfer"": null}",1,0.1,,{},0,0.0,0.0,400,898,5,5084.0,0.04,FAIL,31.31,12.71,Band C,498.0,498,21,21,0,462,5,0,197,898
FC-001,"Biscuit, Confectionary & Snacks",Prayagh Consumer Care Private Limited,FC-Alpha,SKU-00061,"Cintu Go Goli Candy, Green Raw Mango, 100g Standup Pouch",Candies,3,16,5,VND-022,M/S MANISH ENTERPRISES JH,200000,VALUE,480,80,6.0,6192.0,440,"{""sellable"": 440.0, ""contingency"": null, ""pending_putaway"": null, ""under_transfer"": null}",1,0.1,,{},0,0.0,0.0,0,440,0,0.0,0.0,N/A,30.64,14.78,Band C,440.0,440,21,21,0,40,0,0,170,440
FC-001,"Biscuit, Confectionary & Snacks",Prayagh Consumer Care Private Limited,FC-Alpha,SKU-00062,"Lavian Cuppies Cream Cupcake, Vanilla, 30g Pack",Cakes,3,16,5,VND-022,M/S MANISH ENTERPRISES JH,200000,VALUE,1152,144,8.0,8410.0,1041,"{""sellable"": 1041.0, ""contingency"": null, ""pending_putaway"": null, ""under_transfer"": null}",2,0.03,,{},0,0.0,0.0,0,520,0,0.0,0.0,N/A,9.57,7.9,Band C,520.5,1041,21,42,0,111,0,0,176,1041
FC-001,"Biscuit, Confectionary & Snacks",Prayagh Consumer Care Private Limited,FC-Alpha,SKU-00070,"Lavian Snipi Wafer, Orange, 32g Pack",Wafers,3,16,5,VND-022,M/S MANISH ENTERPRISES JH,200000,VALUE,3744,288,13.0,27331.0,3623,"{""sellable"": 3623.0, ""contingency"": null, ""pending_putaway"": null, ""under_transfer"": null}",7,0.032,,{},0,0.0,0.0,0,517,0,0.0,0.0,N/A,11.46,6.26,Band C,517.5714285714286,3623,21,147,0,121,0,0,111,3623
FC-001,"Biscuit, Confectionary & Snacks",Prayagh Consumer Care Private Limited,FC-Alpha,SKU-00071,"Lavian Snipi Wafer, Strawberry, 32g Pack",Wafers,3,16,5,VND-022,M/S MANISH ENTERPRISES JH,200000,VALUE,6048,288,21.0,44150.0,3565,"{""sellable"": 3565.0, ""contingency"": null, ""pending_putaway"": null, ""under_transfer"": null}",0,0.032,,{},0,0.0,0.0,0,0,0,0.0,0.0,N/A,10.32,6.35,Band C,0.0,3565,21,0,0,2483,8,0,0,3565
FC-001,"Biscuit, Confectionary & Snacks",Prayagh Consumer Care Private Limited,FC-Alpha,SKU-00122,"Cintu Dairy Swiss Moulded Choco, 396g Box (33Pcs x 12g)",Chocolate,3,16,5,VND-022,M/S MANISH ENTERPRISES JH,200000,VALUE,48,24,2.0,5400.0,5,"{""sellable"": 5.0, ""contingency"": null, ""pending_putaway"": null, ""under_transfer"": null}",1,0.438,,{},0,0.0,0.0,24,29,1,2670.72,0.0105,FAIL,138.18,111.28,Band B,5.0,5,21,21,16,43,1,1,75,29
FC-001,"Biscuit, Confectionary & Snacks",Prayagh Consumer Care Private Limited,FC-Alpha,SKU-00123,"Cintu Choco Eclairs Toffee, 1.08Kg Tub (300Pcs x 3.6g)",Toffee,3,16,5,VND-022,M/S MANISH ENTERPRISES JH,200000,VALUE,24,12,2.0,5040.0,0,"{""sellable"": null, ""contingency"": null, ""pending_putaway"": null, ""under_transfer"": null}",0,1.261,,{},0,0.0,0.0,0,0,0,0.0,0.0,N/A,264.16,235.78,Band B,0.0,0,21,0,0,24,2,0,0,0
FC-001,"Biscuit, Confectionary & Snacks",Prayagh Consumer Care Private Limited,FC-Alpha,SKU-00124,"Cintu Fruit Flavoured Chews, Guava, 555g Jar (150Pcs x 3.7g)",Jellies,3,16,5,VND-022,M/S MANISH ENTERPRISES JH,200000,VALUE,30,15,2.0,3060.0,10,"{""sellable"": 9.0, ""contingency"": null, ""pending_putaway"": 1.0, ""under_transfer"": null}",2,0.639,,{},0,0.0,0.0,15,12,1,1547.7,0.0096,FAIL,134.38,103.18,Band B,5.0,10,21,42,32,20,1,3,130,25
FC-001,"Biscuit, Confectionary & Snacks",Prayagh Consumer Care Private Limited,FC-Alpha,SKU-00125,"Cintu Fru Punch Candy, Strawberry, 495g Jar (150Pcs x 3.3g)",Candies,3,16,5,VND-022,M/S MANISH ENTERPRISES JH,200000,VALUE,24,12,2.0,2520.0,0,"{""sellable"": null, ""contingency"": null, ""pending_putaway"": null, ""under_transfer"": null}",0,0.584,,{},0,0.0,0.0,0,0,0,0.0,0.0,N/A,138.57,104.93,Band C,0.0,0,21,0,0,24,2,0,0,0
FC-001,"Biscuit, Confectionary & Snacks",Prayagh Consumer Care Private Limited,FC-Alpha,SKU-00126,"Lavian Orange Fills Candy, 185g Pack (50Pcs x 3.7g)",Candies,3,16,5,VND-022,M/S MANISH ENTERPRISES JH,200000,VALUE,96,48,2.0,3120.0,0,"{""sellable"": null, ""contingency"": null, ""pending_putaway"": null, ""under_transfer"": null}",1,0.197,,{},0,0.0,0.0,96,96,2,2750.4,0.0189,FAIL,44.91,28.65,Band C,0.0,0,21,21,21,96,2,1,146,96
FC-001,"Biscuit, Confectionary & Snacks",Prayagh Consumer Care Private Limited,FC-Alpha,SKU-00127,"Lavian Jellyto's Yummy Bears Jelly, Strawberry & Raw Mango, 30g Pack (10Pcs x 3g)",Jellies,3,16,5,VND-022,M/S MANISH ENTERPRISES JH,200000,VALUE,576,288,2.0,4320.0,156,"{""sellable"": 156.0, ""contingency"": null, ""pending_putaway"": null, ""under_transfer"": null}",25,0.03,,{},0,0.0,0.0,288,17,1,2260.8,0.0086,FAIL,9.06,7.85,Band B,6.24,156,21,525,369,420,1,2,89,444
FC-001,"Biscuit, Confectionary & Snacks",Prayagh Consumer Care Private Limited,FC-Alpha,SKU-00128,"Lavian Chokito Chocolate, Carmael, Nougat & Choco Bar, 624g Box (24Pcs x 26g)",Chocolate,3,16,5,VND-022,M/S MANISH ENTERPRISES JH,200000,VALUE,18,18,1.0,3240.0,10,"{""sellable"": 10.0, ""contingency"": null, ""pending_putaway"": null, ""under_transfer"": null}",0,0.732,,{},0,0.0,0.0,0,0,0,0.0,0.0,N/A,224.53,197.39,Band B,0.0,10,21,0,0,8,0,0,0,10
FC-001,"Biscuit, Confectionary & Snacks",Prayagh Consumer Care Private Limited,FC-Alpha,SKU-00129,"Cintu Milk Eclairs Toffee, 1.08Kg Tub",Toffee,3,18,5,VND-022,M/S MANISH ENTERPRISES JH,200000,VALUE,12,12,1.0,2520.0,0,"{""sellable"": null, ""contingency"": null, ""pending_putaway"": null, ""under_transfer"": null}",0,1.263,,{},0,0.0,0.0,0,0,0,0.0,0.0,N/A,270.6,202.47,Band B,0.0,0,23,0,0,12,1,0,0,0
FC-001,"Biscuit, Confectionary & Snacks",Prayagh Consumer Care Private Limited,FC-Alpha,SKU-00130,"Lavian Mango Fills Candy, 185g Pack (50Pcs x 3.7g)",Candies,3,16,5,VND-022,M/S MANISH ENTERPRISES JH,200000,VALUE,48,48,1.0,1560.0,44,"{""sellable"": 44.0, ""contingency"": null, ""pending_putaway"": null, ""under_transfer"": null}",0,0.201,,{},0,0.0,0.0,0,0,0,0.0,0.0,N/A,55.95,35.19,Band C,0.0,44,21,0,0,4,0,0,0,44
FC-001,"Biscuit, Confectionary & Snacks",Prayagh Consumer Care Private Limited,FC-Alpha,SKU-00131,"Cintu Tennis Soft Gum Ball, 495g Jar (150Pcs x 3.3g)",Chewing Gums,3,16,5,VND-022,M/S MANISH ENTERPRISES JH,200000,VALUE,12,12,1.0,1260.0,0,"{""sellable"": null, ""contingency"": null, ""pending_putaway"": null, ""under_transfer"": null}",1,0.612,,{},0,0.0,0.0,12,12,1,1435.56,0.0073,FAIL,131.11,119.63,Band B,0.0,0,21,21,21,12,1,2,140,12
FC-001,"Biscuit, Confectionary & Snacks",Prayagh Consumer Care Private Limited,FC-Alpha,SKU-00132,"Cintu Imli Jelly, 555g Jar (150Pcs x 3.7g)",Jellies,3,16,5,VND-022,M/S MANISH ENTERPRISES JH,200000,VALUE,15,15,1.0,1530.0,10,"{""sellable"": null, ""contingency"": null, ""pending_putaway"": null, ""under_transfer"": null}",0,0.637,,{},0,0.0,0.0,0,0,0,0.0,0.0,N/A,151.1,92.94,Band C,0.0,10,21,0,0,5,0,0,0,10
FC-001,"Biscuit, Confectionary & Snacks",Prayagh Consumer Care Private Limited,FC-Alpha,SKU-00133,"Cintu Fruit Flavoured Chews, Guava, 315g Box (85Pcs x 3.7g)",Jellies,3,16,5,VND-022,M/S MANISH ENTERPRISES JH,200000,VALUE,108,36,3.0,5967.0,58,"{""sellable"": 58.0, ""contingency"": null, ""pending_putaway"": null, ""under_transfer"": null}",0,0.315,,{},0,0.0,0.0,0,0,0,0.0,0.0,N/A,82.72,55.64,Band C,0.0,58,21,0,0,50,1,0,0,58
FC-001,"Biscuit, Confectionary & Snacks",Prayagh Consumer Care Private Limited,FC-Alpha,SKU-00134,"Cintu Imli Jelly, 315g Box (85Pcs x 3.7g)",Jellies,3,18,5,VND-022,M/S MANISH ENTERPRISES JH,200000,VALUE,108,36,3.0,5967.0,0,"{""sellable"": null, ""contingency"": null, ""pending_putaway"": null, ""under_transfer"": null}",0,0.363,,{},0,0.0,0.0,0,0,0,0.0,0.0,N/A,97.3,51.72,Band B,0.0,0,23,0,0,108,3,0,0,0
FC-001,"Biscuit, Confectionary & Snacks",Prayagh Consumer Care Private Limited,FC-Alpha,SKU-00164,"Cintu Dip N Joy Colorfly Jelly, 1.52Kg Jar (40Pcs x 38g)",Jellies,3,16,5,VND-022,M/S MANISH ENTERPRISES JH,200000,VALUE,18,9,2.0,2700.0,0,"{""sellable"": null, ""contingency"": null, ""pending_putaway"": null, ""under_transfer"": null}",7,1.52,,{},0,0.0,0.0,18,2,2,2937.24,0.0274,FAIL,176.72,163.18,Band B,0.0,0,21,147,147,18,2,17,137,18
FC-001,"Biscuit, Confectionary & Snacks",Prayagh Consumer Care Private Limited,FC-Alpha,SKU-00167,"Lavian Eclairs, 160g Pack (50Pcs x 3.2g)",Toffee,3,16,5,VND-022,M/S MANISH ENTERPRISES JH,200000,VALUE,96,48,2.0,3360.0,0,"{""sellable"": null, ""contingency"": null, ""pending_putaway"": null, ""under_transfer"": null}",2,0.16,,{},0,0.0,0.0,96,48,2,3437.76,0.0154,FAIL,48.47,35.81,Band C,0.0,0,21,42,42,96,2,1,117,96
FC-001,"Biscuit, Confectionary & Snacks",Prayagh Consumer Care Private Limited,FC-Alpha,SKU-00168,"Cintu Choco Star Caramel Nougat Bar, 560g Box (40Pcs x 14g)",Chocolate,3,18,5,VND-022,M/S MANISH ENTERPRISES JH,200000,VALUE,18,18,1.0,2700.0,16,"{""sellable"": 16.0, ""contingency"": null, ""pending_putaway"": null, ""under_transfer"": null}",0,0.56,,{},0,0.0,0.0,0,0,0,0.0,0.0,N/A,228.17,156.06,Band C,0.0,16,23,0,0,2,0,0,0,16
FC-001,"Biscuit, Confectionary & Snacks",Prayagh Consumer Care Private Limited,FC-Alpha,SKU-00169,"Lavian Fruity Blast Lollipops, Assorted, 110g Standup Pouch (10Pcs x 11g)",Lollipop,3,16,5,VND-022,M/S MANISH ENTERPRISES JH,200000,VALUE,48,24,2.0,1200.0,29,"{""sellable"": 29.0, ""contingency"": null, ""pending_putaway"": null, ""under_transfer"": null}",3,0.11,,{},0,0.0,0.0,0,9,0,0.0,0.0,N/A,55.48,27.23,Band C,9.666666666666666,29,21,63,34,19,0,2,307,29
FC-001,"Biscuit, Confectionary & Snacks",Prayagh Consumer Care Private Limited,FC-Alpha,SKU-00170,"Lavian Exotique Marvella Layered Strawberry Cake, 500g Box (25Pcs x 20g)",Cakes,3,16,5,VND-022,M/S MANISH ENTERPRISES JH,200000,VALUE,24,12,2.0,3300.0,7,"{""sellable"": 7.0, ""contingency"": null, ""pending_putaway"": null, ""under_transfer"": null}",1,0.5,,{},0,0.0,0.0,12,19,1,1598.52,0.006,FAIL,273.78,133.21,Band C,7.0,7,21,21,14,17,1,2,126,19
FC-001,"Biscuit, Confectionary & Snacks",Prayagh Consumer Care Private Limited,FC-Alpha,SKU-00171,"Lavian Exotique Marvella Layered Choco Cake, 500g Box (25Pcs x 20g)",Cakes,3,16,5,VND-022,M/S MANISH ENTERPRISES JH,200000,VALUE,60,12,5.0,8250.0,0,"{""sellable"": null, ""contingency"": null, ""pending_putaway"": null, ""under_transfer"": null}",0,0.5,,{},0,0.0,0.0,0,0,0,0.0,0.0,N/A,231.84,154.62,Band C,0.0,0,21,0,0,60,5,0,0,0
FC-001,"Biscuit, Confectionary & Snacks",Prayagh Consumer Care Private Limited,FC-Alpha,SKU-00172,"Cintu Fruit Flavoured Chews, Strawberry, 314.5g Box (85Pcs x 3.7g)",Jellies,3,16,5,VND-022,M/S MANISH ENTERPRISES JH,200000,VALUE,72,36,2.0,3794.0,0,"{""sellable"": null, ""contingency"": null, ""pending_putaway"": null, ""under_transfer"": null}",0,0.315,,{},0,0.0,0.0,0,0,0,0.0,0.0,N/A,76.61,53.22,Band C,0.0,0,21,0,0,72,2,0,0,0
FC-001,"Biscuit, Confectionary & Snacks",Prayagh Consumer Care Private Limited,FC-Alpha,SKU-00173,"Lavian Cuppies Cream Cupcake, Strawberry, 16g Pack",Cakes,3,18,5,VND-022,M/S MANISH ENTERPRISES JH,200000,VALUE,3744,288,13.0,14040.0,2832,"{""sellable"": 2832.0, ""contingency"": null, ""pending_putaway"": null, ""under_transfer"": null}",56,0.017,,{},0,0.0,0.0,864,66,3,2911.68,0.0147,FAIL,5.25,3.37,Band B,50.57142857142857,2832,23,1288,0,912,3,0,207,3696
FC-001,"Biscuit, Confectionary & Snacks",Prayagh Consumer Care Private Limited,FC-Alpha,SKU-00174,"Cintu Nutty Star Peanut Bar, 560g Box (40Pcs x 14g)",Chocolate,3,16,5,VND-022,M/S MANISH ENTERPRISES JH,200000,VALUE,18,18,1.0,2700.0,16,"{""sellable"": 16.0, ""contingency"": null, ""pending_putaway"": null, ""under_transfer"": null}",0,0.56,,{},0,0.0,0.0,0,0,0,0.0,0.0,N/A,225.76,158.82,Band B,0.0,16,21,0,0,2,0,0,0,16
FC-001,"Biscuit, Confectionary & Snacks",Prayagh Consumer Care Private Limited,FC-Alpha,SKU-00175,"Cintu Choco Star Caramel Nougat Bar, 420g Tub (30Pcs x 14g)",Chocolate,3,16,5,VND-022,M/S MANISH ENTERPRISES JH,200000,VALUE,48,24,2.0,5400.0,0,"{""sellable"": null, ""contingency"": null, ""pending_putaway"": null, ""under_transfer"": null}",0,0.499,,{},0,0.0,0.0,0,0,0,0.0,0.0,N/A,152.55,122.4,Band C,0.0,0,21,0,0,48,2,0,0,0
FC-001,"Biscuit, Confectionary & Snacks",Prayagh Consumer Care Private Limited,FC-Alpha,SKU-00176,"Lavian Exotique Creme Bakes Choco Brownie Cake, 360g Box (20Pcs x 18g)",Cakes,3,16,5,VND-022,M/S MANISH ENTERPRISES JH,200000,VALUE,18,18,1.0,1970.0,35,"{""sellable"": 14.0, ""contingency"": 21.0, ""pending_putaway"": null, ""under_transfer"": null}",1,0.457,,{},0,0.0,0.0,0,35,0,0.0,0.0,N/A,203.28,103.43,Band B,35.0,35,21,21,0,0,0,0,108,35
FC-001,"Biscuit, Confectionary & Snacks",Prayagh Consumer Care Private Limited,FC-Alpha,SKU-00177,"Lavian Exotique Festivities Chocolate, 96g Box",Chocolate,3,16,5,VND-022,M/S MANISH ENTERPRISES JH,200000,VALUE,192,96,2.0,6048.0,1,"{""sellable"": 1.0, ""contingency"": null, ""pending_putaway"": null, ""under_transfer"": null}",20,0.096,,{},0,0.0,0.0,96,4,1,3348.48,0.0092,FAIL,46.7,34.88,Band B,0.05,1,21,420,419,191,1,5,60,97
FC-001,"Biscuit, Confectionary & Snacks",Prayagh Consumer Care Private Limited,FC-Alpha,SKU-00227,"Lavian Milk Eclair, 160g Pack (50Pcs x 3.2g)",Toffee,3,16,5,VND-022,M/S MANISH ENTERPRISES JH,200000,VALUE,48,48,1.0,1680.0,0,"{""sellable"": null, ""contingency"": null, ""pending_putaway"": null, ""under_transfer"": null}",0,0.16,,{},0,0.0,0.0,0,0,0,0.0,0.0,N/A,54.04,39.26,Band C,0.0,0,21,0,0,48,1,0,0,0
FC-001,"Biscuit, Confectionary & Snacks",Prayagh Consumer Care Private Limited,FC-Alpha,SKU-00271,"Cintu Mango Double Centerfilled Candies, 600g Pack (150Pcs x 4g)",Candies,3,16,5,VND-022,M/S MANISH ENTERPRISES JH,200000,VALUE,40,20,2.0,3780.0,14,"{""sellable"": 13.0, ""contingency"": null, ""pending_putaway"": 1.0, ""under_transfer"": null}",2,0.645,,{},0,0.0,0.0,20,17,1,1763.6,0.0129,FAIL,135.92,88.18,Band B,7.0,14,21,42,28,26,1,2,114,34
FC-001,"Biscuit, Confectionary & Snacks",Prayagh Consumer Care Private Limited,FC-Alpha,SKU-00320,"Lavian Banarasi Pan Flavoured Candy, 760g Jar (200Pcs x 3.8g)",Candies,3,16,5,VND-022,M/S MANISH ENTERPRISES JH,200000,VALUE,60,15,4.0,8400.0,2,"{""sellable"": 1.0, ""contingency"": null, ""pending_putaway"": 1.0, ""under_transfer"": null}",2,0.882,,{},0,0.0,0.0,45,23,3,7213.95,0.0397,FAIL,189.42,160.31,Band B,1.0,2,21,42,40,58,3,3,84,47
FC-001,"Biscuit, Confectionary & Snacks",Prayagh Consumer Care Private Limited,FC-Alpha,SKU-00863,"Lavian Cuppies Choco Lava Cup Cake, 25g Pack",Cakes,3,16,5,VND-022,M/S MANISH ENTERPRISES JH,200000,VALUE,576,288,2.0,4205.0,0,"{""sellable"": null, ""contingency"": null, ""pending_putaway"": null, ""under_transfer"": null}",0,0.0,,{},0,0.0,0.0,0,0,0,0.0,0.0,N/A,9.78,6.51,,0.0,0,21,0,0,576,2,0,0,0
FC-001,"Biscuit, Confectionary & Snacks",Prayagh Consumer Care Private Limited,FC-Alpha,SKU-00869,"Lavian Frutos Soft Chew Toffees, Assorted, 200g Pack (50Pcs x 4g)",Toffee,3,16,5,VND-022,M/S MANISH ENTERPRISES JH,200000,VALUE,96,48,2.0,3120.0,33,"{""sellable"": 33.0, ""contingency"": null, ""pending_putaway"": null, ""under_transfer"": null}",1,0.217,,{},0,0.0,0.0,48,81,1,1420.32,0.0104,FAIL,50.11,29.59,Band C,33.0,33,21,21,0,63,1,0,141,81
FC-001,"Biscuit, Confectionary & Snacks",Prayagh Consumer Care Private Limited,FC-Alpha,SKU-00878,"Lavian Frutos Soft Chew Toffees, Assorted, 819g Jar (200Pcs x 4.095g)",Toffee,3,16,5,VND-022,M/S MANISH ENTERPRISES JH,200000,VALUE,30,15,2.0,4200.0,24,"{""sellable"": 24.0, ""contingency"": null, ""pending_putaway"": null, ""under_transfer"": null}",0,0.902,,{},0,0.0,0.0,0,0,0,0.0,0.0,N/A,184.54,126.74,Band C,0.0,24,21,0,0,6,0,0,0,24
FC-001,"Biscuit, Confectionary & Snacks",Prayagh Consumer Care Private Limited,FC-Alpha,SKU-00898,"Cintu Koffie Koffie Candy, 360g Pack (3.6g x 100Pcs)",Candies,3,18,5,VND-022,M/S MANISH ENTERPRISES JH,200000,VALUE,42,42,1.0,2520.0,0,"{""sellable"": null, ""contingency"": null, ""pending_putaway"": null, ""under_transfer"": null}",0,0.36,,{},0,0.0,0.0,0,0,0,0.0,0.0,N/A,88.45,67.09,Band C,0.0,0,23,0,0,42,1,0,0,0
FC-001,"Biscuit, Confectionary & Snacks",Prayagh Consumer Care Private Limited,FC-Alpha,SKU-00902,"Cintu Spicy Beats Mango Flavoured Candy, 456g Jar (3.8g x 120Pcs)",Candies,3,18,5,VND-022,M/S MANISH ENTERPRISES JH,200000,VALUE,570,15,38.0,38760.0,423,"{""sellable"": 422.0, ""contingency"": null, ""pending_putaway"": 1.0, ""under_transfer"": null}",6,0.456,,{},0,0.0,0.0,135,93,9,9605.25,0.0616,FAIL,103.32,71.15,Band A,70.5,423,23,138,0,147,9,0,188,558
FC-001,"Biscuit, Confectionary & Snacks",Prayagh Consumer Care Private Limited,FC-Alpha,SKU-00912,"Cintu Luv Paan Flavoured Choco Truffles, 875g Box (70Pcs x 12.5g)",Chocolate,3,16,5,VND-022,M/S MANISH ENTERPRISES JH,200000,VALUE,24,12,2.0,5880.0,24,"{""sellable"": 24.0, ""contingency"": null, ""pending_putaway"": null, ""under_transfer"": null}",0,0.914,,{},0,0.0,0.0,0,0,0,0.0,0.0,N/A,327.81,219.43,Band C,0.0,24,21,0,0,0,0,0,0,24
FC-001,"Biscuit, Confectionary & Snacks",Prayagh Consumer Care Private Limited,FC-Alpha,SKU-00913,"Cintu Choco Roundz Cream and Crispy With Rich Choco Chocolate, Original, 875g Box (70Pcs x 12.5g)",Chocolate,3,16,5,VND-022,M/S MANISH ENTERPRISES JH,200000,VALUE,12,12,1.0,2730.0,0,"{""sellable"": null, ""contingency"": null, ""pending_putaway"": null, ""under_transfer"": null}",0,0.875,,{},0,0.0,0.0,0,0,0,0.0,0.0,N/A,358.53,223.43,Band B,0.0,0,21,0,0,12,1,0,0,0
FC-001,"Biscuit, Confectionary & Snacks",Prayagh Consumer Care Private Limited,FC-Alpha,SKU-00919,"Cintu London Gold Milk & Creme Candy, Caramel, 380g Pack (100Pcs x 3.8g)",Candies,3,16,5,VND-022,M/S MANISH ENTERPRISES JH,200000,VALUE,64,32,2.0,3840.0,0,"{""sellable"": null, ""contingency"": null, ""pending_putaway"": null, ""under_transfer"": null}",5,0.38,,{},0,0.0,0.0,64,12,2,3973.12,0.0243,FAIL,89.63,62.08,Band B,0.0,0,21,105,105,64,2,4,101,64
FC-001,"Biscuit, Confectionary & Snacks",Prayagh Consumer Care Private Limited,FC-Alpha,SKU-00933,"Lavian Waferro Rolls Chocofillz Wafer Sticks, 287.5g Box (11.5g x 25Pcs)",Wafers,3,18,5,VND-022,M/S MANISH ENTERPRISES JH,200000,VALUE,72,24,3.0,5850.0,9,"{""sellable"": 9.0, ""contingency"": null, ""pending_putaway"": null, ""under_transfer"": null}",1,0.252,,{},0,0.0,0.0,48,57,2,3412.8,0.0121,FAIL,124.29,71.1,Band B,9.0,9,23,23,14,63,2,1,118,57
FC-001,"Biscuit, Confectionary & Snacks",Prayagh Consumer Care Private Limited,FC-Alpha,SKU-00959,"Lavian Chokito Caramell Filled Truffles, 700g Box (70Pcs X 10g)",Chocolate,3,16,5,VND-022,M/S MANISH ENTERPRISES JH,200000,VALUE,12,12,1.0,2940.0,0,"{""sellable"": null, ""contingency"": null, ""pending_putaway"": null, ""under_transfer"": null}",0,0.65,,{},0,0.0,0.0,0,0,0,0.0,0.0,N/A,353.42,273.11,Band C,0.0,0,21,0,0,12,1,0,0,0
FC-001,"Biscuit, Confectionary & Snacks",Prayagh Consumer Care Private Limited,FC-Alpha,SKU-00972,"Lavian Cuppies Cream Cupcake, Vanilla, 16g Pack",Cakes,3,16,5,VND-022,M/S MANISH ENTERPRISES JH,200000,VALUE,576,288,2.0,2160.0,1152,"{""sellable"": 264.0, ""contingency"": 864.0, ""pending_putaway"": 24.0, ""under_transfer"": 288.0}",37,0.016,,{},0,0.0,0.0,0,31,0,0.0,0.0,N/A,4.33,4.09,Band B,31.135135135135137,1152,21,777,0,0,0,0,170,1152
FC-001,"Biscuit, Confectionary & Snacks",Prayagh Consumer Care Private Limited,FC-Alpha,SKU-00975,"Lavian Cuppies Cream Cupcake, Chocolate, 16g Pack",Cakes,3,16,5,VND-022,M/S MANISH ENTERPRISES JH,200000,VALUE,2304,288,8.0,8640.0,0,"{""sellable"": null, ""contingency"": null, ""pending_putaway"": null, ""under_transfer"": null}",24,0.016,,{},0,0.0,0.0,2304,96,8,8663.04,0.0369,FAIL,4.75,3.76,Band A,0.0,0,21,504,504,2304,8,2,185,2304
FC-001,"Biscuit, Confectionary & Snacks",Prayagh Consumer Care Private Limited,FC-Alpha,SKU-01032,"Cintu Paan Double Candy, 585g Pack (150Pcs x 3.9g)",Candies,3,16,5,VND-022,M/S MANISH ENTERPRISES JH,200000,VALUE,40,20,2.0,3780.0,11,"{""sellable"": 10.0, ""contingency"": null, ""pending_putaway"": 1.0, ""under_transfer"": null}",1,0.616,,{},0,0.0,0.0,20,31,1,2154.8,0.0123,FAIL,133.55,107.74,Band C,11.0,11,21,21,10,29,1,1,93,31
FC-001,"Biscuit, Confectionary & Snacks",Prayagh Consumer Care Private Limited,FC-Alpha,SKU-01050,"Cintu Eclairs Chocolates, 360g Pack",Toffee,3,16,5,VND-022,M/S MANISH ENTERPRISES JH,200000,VALUE,96,32,3.0,5760.0,23,"{""sellable"": 12.0, ""contingency"": null, ""pending_putaway"": 1.0, ""under_transfer"": null}",4,0.39,,{},0,0.0,0.0,64,21,2,3745.28,0.025,FAIL,86.9,58.52,Band B,5.75,23,21,84,61,73,2,2,107,87
FC-001,Home Care,Jyothy Labs Limited,FC-Alpha,SKU-00622,"Pril Perfect Dishwash Gel, Lime Grease Fighter, 105ml Spout Pouch",Dishwash,1,25,7,VND-033,BAJRANG TRADERS - Region Alpha,150000,VALUE,72,48,2.0,1229.0,34,"{""sellable"": 34.0, ""contingency"": null, ""pending_putaway"": null, ""under_transfer"": null}",1,0.125,,{},0,0.0,0.0,0,34,0,0.0,0.0,N/A,21.67,18.84,Band C,34.0,34,32,32,0,38,0,0,166,34
FC-001,Home Care,Jyothy Labs Limited,FC-Alpha,SKU-00640,"Ujala Supreme Fabric Whitener, 250ml Bottle",Laundry Additives,1,25,7,VND-033,BAJRANG TRADERS - Region Alpha,150000,VALUE,144,72,2.0,9566.0,100,"{""sellable"": 97.0, ""contingency"": null, ""pending_putaway"": null, ""under_transfer"": null}",1,0.285,,{},0,0.0,0.0,0,100,0,0.0,0.0,N/A,89.95,70.27,Band C,100.0,100,32,32,0,44,0,0,30,100
FC-001,"Biscuit, Confectionary & Snacks",SAJ Food Products (P) Ltd,FC-Alpha,SKU-00299,"Bisk Farm The Top Butter Munch Biscuit, 80g Pack",Crackers & Sweet Biscuits,3,10,4,VND-066,M/S Kumar Trading Company - Region Epsilon,120000,VALUE,144,75,2.0,1225.0,10,"{""sellable"": null, ""contingency"": 3.0, ""pending_putaway"": 7.0, ""under_transfer"": 3.0}",47,0.08,,{},75,0.0,0.0,0,1,0,0.0,0.0,N/A,10.93,8.85,Band C,0.2127659574468085,85,14,658,573,59,0,8,181,85
FC-001,Home Care,Jyothy Labs Limited,FC-Alpha,SKU-00641,"Ujala Supreme Fabric Whitener, 75ml Bottle",Laundry Additives,1,25,7,VND-033,BAJRANG TRADERS - Region Alpha,150000,VALUE,500,250,2.0,14385.0,371,"{""sellable"": 371.0, ""contingency"": null, ""pending_putaway"": null, ""under_transfer"": null}",0,0.09,,{},0,0.0,0.0,0,0,0,0.0,0.0,N/A,34.15,28.17,,0.0,371,32,0,0,129,0,0,0,371
FC-001,Baby Care,Johnson & Johnson,FC-Alpha,SKU-00357,"Johnson's Baby Soap, 25g Box",Baby Soaps,2,18,4,VND-015,JNTL Consumer Health (India) Private Limited - Region Epsilon,100,CASES,264,288,1.0,4384.0,221,"{""sellable"": 221.0, ""contingency"": null, ""pending_putaway"": null, ""under_transfer"": null}",0,0.025,,{},0,0.0,0.0,0,0,0,0.0,0.0,N/A,21.17,16.69,Band B,0.0,221,22,0,0,43,0,0,0,221
FC-001,"Biscuit, Confectionary & Snacks",SAJ Food Products (P) Ltd,FC-Alpha,SKU-00300,"Bisk Farm Googly Biscuits, 80g Pack",Crackers & Sweet Biscuits,3,15,4,VND-066,M/S Kumar Trading Company - Region Epsilon,120000,VALUE,5544,72,77.0,47179.0,3417,"{""sellable"": 2709.0, ""contingency"": 648.0, ""pending_putaway"": 60.0, ""under_transfer"": 648.0}",365,0.09,12/03/26,{},72,0.0,0.0,2016,15,28,16773.12,0.1814,FAIL,10.78,8.32,Band A,9.361643835616439,3489,19,6935,3446,2055,28,48,201,5505
FC-001,Baby Care,Johnson & Johnson,FC-Alpha,SKU-00465,"Johnson's Baby Shampoo, 50ml Bottle",Baby Shampoo,2,18,4,VND-015,JNTL Consumer Health (India) Private Limited - Region Epsilon,100,CASES,144,72,2.0,7437.0,125,"{""sellable"": 125.0, ""contingency"": null, ""pending_putaway"": null, ""under_transfer"": null}",3,0.061,,{},0,0.0,0.0,0,41,0,0.0,0.0,N/A,56.65,51.48,Band C,41.666666666666664,125,22,66,0,19,0,0,100,125
FC-001,Baby Care,Johnson & Johnson,FC-Alpha,SKU-00653,"Johnson's Baby Soap, 50g Box",Baby Soaps,2,18,4,VND-015,JNTL Consumer Health (India) Private Limited - Region Epsilon,100,CASES,288,144,2.0,10967.0,0,"{""sellable"": null, ""contingency"": null, ""pending_putaway"": null, ""under_transfer"": null}",1,0.057,16/03/26,"{""open_po_1"": {""promise_date"": ""2026-03-16"", ""orderedquantity"": 144.0, ""order_item_amount"": 5483.52, ""open_po_cases"": 1.0, ""mrp"": 44.0, ""price_per_unit"": 38.080000000000005, ""order_id"": ""PO-00057"", ""po_raising_drr"": 2.0, ""po_raising_total_space"": 288.0, ""po_raising_final_available_space"": 144.0, ""order_date"": ""2026-03-14""}, ""open_po_2"": {""promise_date"": ""2026-03-16"", ""orderedquantity"": 144.0, ""order_item_amount"": 5483.52, ""open_po_cases"": 1.0, ""mrp"": 44.0, ""price_per_unit"": 38.080000000000005, ""order_id"": ""PO-00058"", ""po_raising_drr"": 2.0, ""po_raising_total_space"": 288.0, ""po_raising_final_available_space"": 288.0, ""order_date"": ""2026-03-14""}}",288,10967.0,2.0,0,288,0,0.0,0.0,N/A,45.99,39.99,Band C,0.0,288,22,22,0,0,0,0,100,288
FC-001,"Biscuit, Confectionary & Snacks",SAJ Food Products (P) Ltd,FC-Alpha,SKU-00343,"Bisk Farm The Top Butter Munch Biscuit, 200g Pack",Crackers & Sweet Biscuits,3,15,4,VND-066,M/S Kumar Trading Company - Region Epsilon,120000,VALUE,168,24,7.0,4287.0,11,"{""sellable"": null, ""contingency"": 3.0, ""pending_putaway"": 8.0, ""under_transfer"": 3.0}",30,0.2,12/03/26,{},24,0.0,0.0,120,5,5,3117.6,0.024,FAIL,29.21,25.98,Band A,0.36666666666666664,35,19,570,535,133,5,23,193,155
FC-001,Baby Care,Johnson & Johnson,FC-Alpha,SKU-00655,"Johnson's Baby Soap, 75g Box",Baby Soaps,2,18,4,VND-015,JNTL Consumer Health (India) Private Limited - Region Epsilon,100,CASES,240,120,2.0,12878.0,23,"{""sellable"": 23.0, ""contingency"": null, ""pending_putaway"": null, ""under_transfer"": null}",3,0.082,16/03/26,"{""open_po_1"": {""promise_date"": ""2026-03-16"", ""orderedquantity"": 120.0, ""order_item_amount"": 6439.2, ""open_po_cases"": 1.0, ""mrp"": 62.0, ""price_per_unit"": 53.66, ""order_id"": ""PO-00058"", ""po_raising_drr"": 2.0, ""po_raising_total_space"": 240.0, ""po_raising_final_available_space"": 211.0, ""order_date"": ""2026-03-14""}, ""open_po_2"": {""promise_date"": ""2026-03-16"", ""orderedquantity"": 120.0, ""order_item_amount"": 6439.2, ""open_po_cases"": 1.0, ""mrp"": 62.0, ""price_per_unit"": 53.66, ""order_id"": ""PO-00057"", ""po_raising_drr"": 2.0, ""po_raising_total_space"": 240.0, ""po_raising_final_available_space"": 91.0, ""order_date"": ""2026-03-14""}}",240,12878.0,2.0,0,87,0,0.0,0.0,N/A,56.11,47.86,Band C,7.666666666666667,263,22,66,0,0,0,0,100,263
FC-001,Personal Care,Johnson & Johnson,FC-Alpha,SKU-00464,"Clean & Clear Foaming Face Wash, 50ml Bottle",Face Wash,2,18,4,VND-015,JNTL Consumer Health (India) Private Limited - Region Epsilon,100,CASES,144,72,2.0,11839.14278,149,"{""sellable"": 128.0, ""contingency"": 21.0, ""pending_putaway"": null, ""under_transfer"": null}",5,0.065,,{},0,0.0,0.0,0,29,0,0.0,0.0,N/A,90.05,70.31,Band B,29.8,149,22,110,0,0,0,0,100,149
FC-001,"Biscuit, Confectionary & Snacks",SAJ Food Products (P) Ltd,FC-Alpha,SKU-00345,"Bisk Farm Googly Biscuits, 200g Pack",Crackers & Sweet Biscuits,3,15,4,VND-066,M/S Kumar Trading Company - Region Epsilon,120000,VALUE,936,24,39.0,27865.0,607,"{""sellable"": 607.0, ""contingency"": null, ""pending_putaway"": null, ""under_transfer"": null}",61,0.2,12/03/26,{},120,0.0,0.0,192,15,8,6385.92,0.0384,FAIL,38.47,33.26,Band A,9.950819672131148,727,19,1159,432,209,8,18,151,919
FC-001,Personal Care,Johnson & Johnson,FC-Alpha,SKU-00472,"Stayfree Secure Cottony Soft Cover Sanitary Pads with Wings, Extra Large, 18Pcs Pack",Sanitary Pad,2,20,4,VND-015,JNTL Consumer Health (India) Private Limited - Region Epsilon,100,CASES,150,30,5.0,16047.71003,45,"{""sellable"": 45.0, ""contingency"": null, ""pending_putaway"": null, ""under_transfer"": null}",10,0.209,16/03/26,"{""open_po_1"": {""promise_date"": ""2026-03-16"", ""orderedquantity"": 30.0, ""order_item_amount"": 3209.4, ""open_po_cases"": 1.0, ""mrp"": 124.0, ""price_per_unit"": 106.98, ""order_id"": ""PO-00057"", ""po_raising_drr"": 9.0, ""po_raising_total_space"": 150.0, ""po_raising_final_available_space"": 19.0, ""order_date"": ""2026-03-14""}, ""open_po_2"": {""promise_date"": ""2026-03-16"", ""orderedquantity"": 60.0, ""order_item_amount"": 6418.8, ""open_po_cases"": 2.0, ""mrp"": 124.0, ""price_per_unit"": 106.98, ""order_id"": ""PO-00058"", ""po_raising_drr"": 9.0, ""po_raising_total_space"": 150.0, ""po_raising_final_available_space"": 79.0, ""order_date"": ""2026-03-14""}}",90,9628.2,3.0,0,13,0,0.0,0.0,N/A,124.66,115.65,Band A,4.5,135,24,240,105,15,0,4,100,135
FC-001,Personal Care,Johnson & Johnson,FC-Alpha,SKU-00473,"Stayfree Secure Dry Cover Sanitary Pads with Wings, Regular, 6Pcs Pack",Sanitary Pad,2,18,4,VND-015,JNTL Consumer Health (India) Private Limited - Region Epsilon,100,CASES,360,120,3.0,10872.9708,70,"{""sellable"": 70.0, ""contingency"": null, ""pending_putaway"": null, ""under_transfer"": null}",18,0.05,16/03/26,"{""open_po_1"": {""promise_date"": ""2026-03-16"", ""orderedquantity"": 120.0, ""order_item_amount"": 3624.0, ""open_po_cases"": 1.0, ""mrp"": 35.0, ""price_per_unit"": 30.2, ""order_id"": ""PO-00058"", ""po_raising_drr"": 15.0, ""po_raising_total_space"": 360.0, ""po_raising_final_available_space"": 281.0, ""order_date"": ""2026-03-14""}, ""open_po_2"": {""promise_date"": ""2026-03-16"", ""orderedquantity"": 120.0, ""order_item_amount"": 3624.0, ""open_po_cases"": 1.0, ""mrp"": 35.0, ""price_per_unit"": 30.2, ""order_id"": ""PO-00057"", ""po_raising_drr"": 15.0, ""po_raising_total_space"": 360.0, ""po_raising_final_available_space"": 161.0, ""order_date"": ""2026-03-14""}}",240,7248.0,2.0,0,17,0,0.0,0.0,N/A,37.93,32.98,Band A,3.888888888888889,310,22,396,86,50,0,1,100,310
FC-001,"Biscuit, Confectionary & Snacks",SAJ Food Products (P) Ltd,FC-Alpha,SKU-00956,"Bisk Farm Rich Marie Biscuits, 300g Pack",Marie Biscuits,3,10,4,VND-066,M/S Kumar Trading Company - Region Epsilon,120000,VALUE,40,20,2.0,1361.0,0,"{""sellable"": null, ""contingency"": null, ""pending_putaway"": null, ""under_transfer"": null}",2,0.3,12/03/26,{},40,0.0,0.0,0,20,0,0.0,0.0,N/A,42.77,30.83,Band C,0.0,40,14,28,0,0,0,0,195,40
FC-001,Personal Care,Johnson & Johnson,FC-Alpha,SKU-00474,"Stayfree Secure Cottony Soft Cover Sanitary Pads with Wings, Extra Large, 6Pcs Pack",Sanitary Pad,2,20,4,VND-015,JNTL Consumer Health (India) Private Limited - Region Epsilon,100,CASES,420,84,5.0,16309.4562,481,"{""sellable"": 273.0, ""contingency"": 208.0, ""pending_putaway"": null, ""under_transfer"": 40.0}",77,0.06,,{},0,0.0,0.0,0,6,0,0.0,0.0,N/A,42.98,34.41,Band A,6.246753246753247,481,24,1848,1367,0,0,17,100,481
FC-001,Personal Care,Johnson & Johnson,FC-Alpha,SKU-00475,"Stayfree Secure Ultra Thin Dry Cover Sanitary Pads, with Wings XL, 6Pcs Pack",Sanitary Pad,2,18,4,VND-015,JNTL Consumer Health (India) Private Limited - Region Epsilon,100,CASES,193,96,2.010416667,8327.314939,6,"{""sellable"": 4.0, ""contingency"": null, ""pending_putaway"": null, ""under_transfer"": 2.0}",4,0.043,16/03/26,"{""open_po_1"": {""promise_date"": ""2026-03-16"", ""orderedquantity"": 96.0, ""order_item_amount"": 4142.4, ""open_po_cases"": 1.0, ""mrp"": 50.0, ""price_per_unit"": 43.15, ""order_id"": ""PO-00057"", ""po_raising_drr"": 4.0, ""po_raising_total_space"": 193.0, ""po_raising_final_available_space"": 71.0, ""order_date"": ""2026-03-14""}, ""open_po_2"": {""promise_date"": ""2026-03-16"", ""orderedquantity"": 96.0, ""order_item_amount"": 4142.4, ""open_po_cases"": 1.0, ""mrp"": 50.0, ""price_per_unit"": 43.15, ""order_id"": ""PO-00058"", ""po_raising_drr"": 4.0, ""po_raising_total_space"": 193.0, ""po_raising_final_available_space"": 167.0, ""order_date"": ""2026-03-14""}}",192,8284.8,2.0,0,49,0,0.0,0.0,N/A,43.0,40.12,Band B,1.5,198,22,88,0,0,0,0,100,198
FC-001,"Biscuit, Confectionary & Snacks",SAJ Food Products (P) Ltd,FC-Alpha,SKU-01009,"Bisk Farm Jeera Wonder Biscuits, 45g Pack",Digestive Biscuits,3,15,4,VND-066,M/S Kumar Trading Company - Region Epsilon,120000,VALUE,1008,120,8.0,4294.0,158,"{""sellable"": 158.0, ""contingency"": null, ""pending_putaway"": null, ""under_transfer"": null}",152,0.045,12/03/26,{},240,0.0,0.0,600,6,5,2586.0,0.027,FAIL,4.35,4.31,Band A,1.0394736842105263,398,19,2888,2490,610,5,21,233,998
FC-001,Personal Care,Johnson & Johnson,FC-Alpha,SKU-00488,"Stayfree Secure Cottony Soft Cover Sanitary Pads With Wings, Regular, 6Pcs Pack",Sanitary Pad,2,20,4,VND-015,JNTL Consumer Health (India) Private Limited - Region Epsilon,100,CASES,240,120,2.0,7662.855612,67,"{""sellable"": 67.0, ""contingency"": null, ""pending_putaway"": null, ""under_transfer"": null}",9,0.049,16/03/26,"{""open_po_1"": {""promise_date"": ""2026-03-16"", ""orderedquantity"": 120.0, ""order_item_amount"": 3831.6, ""open_po_cases"": 1.0, ""mrp"": 37.0, ""price_per_unit"": 31.93, ""order_id"": ""PO-00057"", ""po_raising_drr"": 17.0, ""po_raising_total_space"": 240.0, ""po_raising_final_available_space"": 63.0, ""order_date"": ""2026-03-14""}, ""open_po_2"": {""promise_date"": ""2026-03-16"", ""orderedquantity"": 120.0, ""order_item_amount"": 3831.6, ""open_po_cases"": 1.0, ""mrp"": 37.0, ""price_per_unit"": 31.93, ""order_id"": ""PO-00058"", ""po_raising_drr"": 17.0, ""po_raising_total_space"": 240.0, ""po_raising_final_available_space"": 183.0, ""order_date"": ""2026-03-14""}}",240,7663.2,2.0,0,34,0,0.0,0.0,N/A,32.32,27.31,Band B,7.444444444444445,307,24,216,0,0,0,0,100,307
FC-001,Personal Care,Johnson & Johnson,FC-Alpha,SKU-00501,"Stayfree Secure Dry Cover Sanitary Pads With Wings, Extra Large, 6Pcs Pack",Sanitary Pad,2,20,4,VND-015,JNTL Consumer Health (India) Private Limited - Region Epsilon,100,CASES,216,72,3.0,8946.901688,62,"{""sellable"": 62.0, ""contingency"": null, ""pending_putaway"": null, ""under_transfer"": null}",10,0.06,16/03/26,"{""open_po_1"": {""promise_date"": ""2026-03-16"", ""orderedquantity"": 72.0, ""order_item_amount"": 2982.24, ""open_po_cases"": 1.0, ""mrp"": 48.0, ""price_per_unit"": 41.419999999999995, ""order_id"": ""PO-00057"", ""po_raising_drr"": 10.0, ""po_raising_total_space"": 216.0, ""po_raising_final_available_space"": 60.0, ""order_date"": ""2026-03-14""}, ""open_po_2"": {""promise_date"": ""2026-03-16"", ""orderedquantity"": 72.0, ""order_item_amount"": 2982.24, ""open_po_cases"": 1.0, ""mrp"": 48.0, ""price_per_unit"": 41.419999999999995, ""order_id"": ""PO-00058"", ""po_raising_drr"": 10.0, ""po_raising_total_space"": 216.0, ""po_raising_final_available_space"": 132.0, ""order_date"": ""2026-03-14""}}",144,5964.48,2.0,0,20,0,0.0,0.0,N/A,46.52,38.85,Band A,6.2,206,24,240,34,10,0,1,100,206
FC-001,"Biscuit, Confectionary & Snacks",SAJ Food Products (P) Ltd,FC-Alpha,SKU-01072,"Bisk Farm Jeera Wonder Biscuits, 200g Pack",Digestive Biscuits,3,15,4,VND-066,M/S Kumar Trading Company - Region Epsilon,120000,VALUE,420,30,14.0,10718.0,243,"{""sellable"": 237.0, ""contingency"": 6.0, ""pending_putaway"": null, ""under_transfer"": 6.0}",45,0.21,12/03/26,{},60,0.0,0.0,90,8,3,2277.0,0.0189,FAIL,33.08,25.3,Band A,5.4,303,19,855,552,117,3,19,159,393
FC-001,Personal Care,Johnson & Johnson,FC-Alpha,SKU-00503,"Stayfree Secure Cottony Soft Cover Sanitary Pads With Wings, Regular, 18Pcs Pack",Sanitary Pad,2,18,4,VND-015,JNTL Consumer Health (India) Private Limited - Region Epsilon,100,CASES,60,30,2.0,5124.913847,4,"{""sellable"": null, ""contingency"": null, ""pending_putaway"": null, ""under_transfer"": null}",3,0.14,16/03/26,"{""open_po_1"": {""promise_date"": ""2026-03-16"", ""orderedquantity"": 60.0, ""order_item_amount"": 5125.2, ""open_po_cases"": 2.0, ""mrp"": 99.0, ""price_per_unit"": 85.42, ""order_id"": ""PO-00058"", ""po_raising_drr"": 4.0, ""po_raising_total_space"": 60.0, ""po_raising_final_available_space"": 60.0, ""order_date"": ""2026-03-14""}}",60,5125.2,2.0,0,21,0,0.0,0.0,N/A,106.28,92.42,Band B,1.3333333333333333,64,22,66,2,0,0,1,100,64
FC-001,Personal Care,Johnson & Johnson,FC-Alpha,SKU-00617,"Clean & Clear Foaming Face Wash, 100ml Bottle",Face Wash,2,18,4,VND-015,JNTL Consumer Health (India) Private Limited - Region Epsilon,100,CASES,72,72,1.0,10592.91722,22,"{""sellable"": 20.0, ""contingency"": null, ""pending_putaway"": null, ""under_transfer"": null}",0,0.123,,{},0,0.0,0.0,0,0,0,0.0,0.0,N/A,173.44,147.91,Band C,0.0,22,22,0,0,50,0,0,0,22
FC-001,"Biscuit, Confectionary & Snacks",SAJ Food Products (P) Ltd,FC-Alpha,SKU-01076,"Bisk Farm Googly Biscuits, 40g Pack",Crackers & Sweet Biscuits,3,15,4,VND-066,M/S Kumar Trading Company - Region Epsilon,120000,VALUE,3120,120,26.0,13291.0,2052,"{""sellable"": 1956.0, ""contingency"": null, ""pending_putaway"": 96.0, ""under_transfer"": null}",170,0.04,,{},0,0.0,0.0,960,17,8,3916.8,0.0384,FAIL,4.55,4.08,Band A,12.070588235294117,2052,19,3230,1178,1068,8,10,246,3012
FC-001,Personal Care,Johnson & Johnson,FC-Alpha,SKU-01081,"Clean & Clear Foaming Face Wash, 20ml Bottle",Face Wash,2,18,4,VND-015,JNTL Consumer Health (India) Private Limited - Region Epsilon,100,CASES,264,12,22.0,5694.348718,374,"{""sellable"": 242.0, ""contingency"": 132.0, ""pending_putaway"": null, ""under_transfer"": null}",14,0.03,,{},0,0.0,0.0,0,26,0,0.0,0.0,N/A,26.42,20.59,Band B,26.714285714285715,374,22,308,0,0,0,0,100,374
FC-001,"Biscuit, Confectionary & Snacks",Gujarat Co-operative Milk Marketing Federation Ltd,FC-Alpha,SKU-00221,"Amul Bindaaz Coated Wafer Layers, Chocolate, 900g Jar (75Pcs x 12g)",Wafers,1,10,4,VND-034,KUMAR INC - Region Alpha,50000,VALUE,6,6,1.0,1856.0,0,"{""sellable"": null, ""contingency"": null, ""pending_putaway"": null, ""under_transfer"": null}",0,1.078,02/03/26,{},6,0.0,0.0,0,0,0,0.0,0.0,N/A,329.32,291.8,,0.0,6,14,0,0,0,0,0,0,6
FC-001,"Biscuit, Confectionary & Snacks",SAJ Food Products (P) Ltd,FC-Alpha,SKU-01080,"Bisk Farm Sugar Free Cream Cracker, 300g Pack",Crackers & Sweet Biscuits,3,10,4,VND-066,M/S Kumar Trading Company - Region Epsilon,120000,VALUE,40,20,2.0,1531.0,0,"{""sellable"": null, ""contingency"": null, ""pending_putaway"": null, ""under_transfer"": null}",1,0.3,12/03/26,{},20,0.0,0.0,20,40,1,727.8,0.006,FAIL,49.25,36.39,Band C,0.0,20,14,14,0,20,1,0,165,40
FC-001,Dairy,Gujarat Co-operative Milk Marketing Federation Ltd,FC-Alpha,SKU-00245,"Amul Masti Spiced Buttermilk, 200ml Tetra Pak",Buttermilk,1,8,4,VND-034,KUMAR INC - Region Alpha,50000,VALUE,870,30,29.0,11745.0,0,"{""sellable"": null, ""contingency"": null, ""pending_putaway"": null, ""under_transfer"": null}",215,0.22,02/03/26,{},870,0.0,0.0,0,4,0,0.0,0.0,N/A,15.31,14.12,Band B,0.0,870,12,2580,1710,0,0,57,119,870
FC-001,Dairy,Gujarat Co-operative Milk Marketing Federation Ltd,FC-Alpha,SKU-00246,"Amulya Dairy Whitener, 12g Pack",Milk Powder,1,15,4,VND-034,KUMAR INC - Region Alpha,50000,VALUE,1680,840,2.0,7694.0,9,"{""sellable"": 9.0, ""contingency"": null, ""pending_putaway"": null, ""under_transfer"": null}",5,0.013,02/03/26,{},840,0.0,0.0,0,169,0,0.0,0.0,N/A,5.69,4.95,Band C,1.8,849,19,95,0,831,0,0,13,849
FC-001,Dairy,Gujarat Co-operative Milk Marketing Federation Ltd,FC-Alpha,SKU-00309,"Amulya Dairy Whitener, 1Kg Pack",Milk Powder,1,8,4,VND-034,KUMAR INC - Region Alpha,50000,VALUE,120,12,10.0,52594.0,99,"{""sellable"": 99.0, ""contingency"": null, ""pending_putaway"": null, ""under_transfer"": null}",1,1.0,,{},0,0.0,0.0,12,111,1,5519.64,0.012,FAIL,528.97,459.97,Band B,99.0,99,12,12,0,21,1,0,10,111
FC-001,Dairy,Gujarat Co-operative Milk Marketing Federation Ltd,FC-Alpha,SKU-00400,"Amul Lassi, 200ml Tetra Pak",Lassi,1,8,4,VND-034,KUMAR INC - Region Alpha,50000,VALUE,780,30,26.0,14040.0,19,"{""sellable"": 19.0, ""contingency"": null, ""pending_putaway"": null, ""under_transfer"": null}",22,0.184,02/03/26,{},660,0.0,0.0,90,34,3,1818.0,0.0166,FAIL,23.23,20.2,Band B,0.8636363636363636,679,12,264,0,101,3,0,83,769
FC-001,Dairy,Gujarat Co-operative Milk Marketing Federation Ltd,FC-Alpha,SKU-00403,"Amulya Dairy Whitener, 500g Pack",Milk Powder,1,8,4,VND-034,KUMAR INC - Region Alpha,50000,VALUE,24,24,1.0,5256.0,0,"{""sellable"": null, ""contingency"": null, ""pending_putaway"": null, ""under_transfer"": null}",0,0.5,02/03/26,{},24,0.0,0.0,0,0,0,0.0,0.0,N/A,210.32,193.46,,0.0,24,12,0,0,0,0,0,0,24
FC-001,Dairy,Gujarat Co-operative Milk Marketing Federation Ltd,FC-Alpha,SKU-00451,"Amulya Dairy Whitener, 200g Pack",Milk Powder,1,8,4,VND-034,KUMAR INC - Region Alpha,50000,VALUE,120,60,2.0,10962.0,1,"{""sellable"": 1.0, ""contingency"": null, ""pending_putaway"": null, ""under_transfer"": null}",1,0.224,02/03/26,{},60,0.0,0.0,0,61,0,0.0,0.0,N/A,105.6,90.26,Band B,1.0,61,12,12,0,59,0,0,10,61
FC-001,Dairy,Gujarat Co-operative Milk Marketing Federation Ltd,FC-Alpha,SKU-00452,"Amul Kool Flavoured Milk, Kesar, 180ml Bottle",Flavoured Milk,1,8,4,VND-034,KUMAR INC - Region Alpha,50000,VALUE,1200,30,40.0,20028.0,0,"{""sellable"": null, ""contingency"": null, ""pending_putaway"": null, ""under_transfer"": null}",47,0.211,,{},0,0.0,0.0,1200,25,40,22224.0,0.2532,FAIL,21.32,18.52,Band C,0.0,0,12,564,564,1200,40,19,90,1200
FC-001,Dairy,Gujarat Co-operative Milk Marketing Federation Ltd,FC-Alpha,SKU-00731,"Amul Fresh Cream, 250ml Tetra Pak",Milk Cream,1,8,4,VND-034,KUMAR INC - Region Alpha,50000,VALUE,64,32,2.0,4126.0,0,"{""sellable"": null, ""contingency"": null, ""pending_putaway"": null, ""under_transfer"": null}",4,0.26,02/03/26,{},64,0.0,0.0,0,16,0,0.0,0.0,N/A,84.74,73.69,Band C,0.0,64,12,48,0,0,0,0,22,64
FC-001,Dairy,Gujarat Co-operative Milk Marketing Federation Ltd,FC-Alpha,SKU-00792,"Amul Taaza Homogenised Toned Milk, 1L Tetra Pak",Milk,1,8,4,VND-034,KUMAR INC - Region Alpha,50000,VALUE,24,12,2.0,1675.0,18,"{""sellable"": 18.0, ""contingency"": null, ""pending_putaway"": null, ""under_transfer"": null}",0,0.92,,{},0,0.0,0.0,0,0,0,0.0,0.0,N/A,71.53,68.18,Band C,0.0,18,12,0,0,6,0,0,0,18
FC-001,Dairy,Gujarat Co-operative Milk Marketing Federation Ltd,FC-Alpha,SKU-00809,"Amulya Dairy Whitener, 24g Pack",Milk Powder,1,15,4,VND-034,KUMAR INC - Region Alpha,50000,VALUE,960,480,2.0,8803.0,24,"{""sellable"": 12.0, ""contingency"": null, ""pending_putaway"": null, ""under_transfer"": null}",0,0.025,02/03/26,{},480,0.0,0.0,0,0,0,0.0,0.0,N/A,11.23,9.83,Band B,0.0,504,19,0,0,456,0,0,0,504
FC-001,Packaged Foods,Gujarat Co-operative Milk Marketing Federation Ltd,FC-Alpha,SKU-00914,"Amul Gulab Jamun, 500g Tin",Indian Packaged Sweets,1,10,4,VND-034,KUMAR INC - Region Alpha,50000,VALUE,24,24,1.0,2664.0,0,"{""sellable"": null, ""contingency"": null, ""pending_putaway"": null, ""under_transfer"": null}",0,0.624,02/03/26,{},24,0.0,0.0,0,0,0,0.0,0.0,N/A,137.36,119.44,,0.0,24,14,0,0,0,0,0,0,24
FC-001,Personal Care,Yutika Natural Pvt. Ltd,FC-Alpha,SKU-00243,"Neeta Mehendi Cone, 12Pcs Box",Henna,7,13,4,VND-001,LUCKY ENTERPRISE-WEST BENGAL,10000,VALUE,120,60,2.0,4800.0,0,"{""sellable"": null, ""contingency"": null, ""pending_putaway"": null, ""under_transfer"": null}",12,0.36,19/03/26,"{""open_po_1"": {""promise_date"": ""2026-03-19"", ""orderedquantity"": 120.0, ""order_item_amount"": 4800.0, ""open_po_cases"": 2.0, ""mrp"": 120.0, ""price_per_unit"": 40.0, ""order_id"": ""PO-00031"", ""po_raising_drr"": 16.0, ""po_raising_total_space"": 120.0, ""po_raising_final_available_space"": 120.0, ""order_date"": ""2026-03-12""}}",120,4800.0,2.0,0,10,0,0.0,0.0,N/A,119.52,39.52,Band B,0.0,120,17,204,84,0,0,2,5,120
FC-001,Personal Care,Yutika Natural Pvt. Ltd,FC-Alpha,SKU-00973,"Nisha Natural Henna Based Hair Color, Natural Black, 10g Pack",Hair Dyes,7,15,4,VND-001,LUCKY ENTERPRISE-WEST BENGAL,10000,VALUE,1600,800,2.0,11920.0,1400,"{""sellable"": null, ""contingency"": null, ""pending_putaway"": 1400.0, ""under_transfer"": null}",55,0.014,,{},0,0.0,0.0,0,25,0,0.0,0.0,N/A,16.68,7.55,Band C,25.454545454545453,1400,19,1045,0,200,0,0,2,1400
FC-001,Cleaning & Household Supplies,3M India Ltd,FC-Alpha,SKU-01030,"Scotch-Brite Silver Sparks Scrub Pad, 7cm x 7.5cm, 1Pc Pack",Scrubbers,4,15,4,VND-069,SONA TRADERS - Khagaul,200000,VALUE,1152,384,3.0,9158.0,1004,"{""sellable"": 972.0, ""contingency"": 8.0, ""pending_putaway"": 24.0, ""under_transfer"": 8.0}",45,0.01,,{},0,0.0,0.0,0,22,0,0.0,0.0,N/A,9.65,9.09,Band A,22.31111111111111,1004,19,855,0,148,0,0,58,1004
FC-001,Cleaning & Household Supplies,3M India Ltd,FC-Alpha,SKU-01030,"Scotch-Brite Silver Sparks Scrub Pad, 7cm x 7.5cm, 1Pc Pack",Scrubbers,2,15,4,VND-070,PATNA BAZAR - Khagaul,40000,VALUE,1152,384,3.0,9101.0,1004,"{""sellable"": 972.0, ""contingency"": 8.0, ""pending_putaway"": 24.0, ""under_transfer"": 8.0}",45,0.01,,{},0,0.0,0.0,0,22,0,0.0,0.0,N/A,10.13,8.22,Band A,22.31111111111111,1004,19,855,0,148,0,0,13,1004
FC-001,Home Care,Jyothy Labs Limited,FC-Alpha,SKU-00642,"Ujala Supreme Fabric Whitener, 30ml Bottle",Laundry Additives,1,25,7,VND-033,BAJRANG TRADERS - Region Alpha,150000,VALUE,600,300,2.0,4932.0,176,"{""sellable"": 136.0, ""contingency"": null, ""pending_putaway"": null, ""under_transfer"": null}",65,0.035,16/03/26,"{""open_po_1"": {""promise_date"": ""2026-03-16"", ""orderedquantity"": 300.0, ""order_item_amount"": 2466.0, ""open_po_cases"": 1.0, ""mrp"": 10.0, ""price_per_unit"": 8.22, ""order_id"": ""PO-00055"", ""po_raising_drr"": 42.0, ""po_raising_total_space"": 600.0, ""po_raising_final_available_space"": 316.0, ""order_date"": ""2026-03-14""}}",300,2466.0,1.0,0,7,0,0.0,0.0,N/A,9.65,8.65,Band B,2.707692307692308,476,32,2080,1604,124,0,6,58,476
FC-001,Personal Care,Jyothy Labs Limited,FC-Alpha,SKU-00308,"Margo Vitamin E Bathing Bar, 225g Pack (3Pcs x 75g)",Soaps,1,25,7,VND-033,BAJRANG TRADERS - Region Alpha,150000,VALUE,144,48,3.0,10277.28,64,"{""sellable"": 64.0, ""contingency"": null, ""pending_putaway"": null, ""under_transfer"": null}",4,0.077,11/03/26,"{""open_po_1"": {""promise_date"": ""2026-03-11"", ""orderedquantity"": 48.0, ""order_item_amount"": 3425.76, ""open_po_cases"": 1.0, ""mrp"": 90.0, ""price_per_unit"": 71.37, ""order_id"": ""PO-00005"", ""po_raising_drr"": 4.0, ""po_raising_total_space"": 144.0, ""po_raising_final_available_space"": 51.0, ""order_date"": ""2026-03-10""}}",48,3425.76,1.0,0,28,0,0.0,0.0,N/A,98.12,68.62,Band B,16.0,112,32,128,16,32,0,1,46,112
FC-001,Personal Care,Yutika Natural Pvt. Ltd,FC-Alpha,SKU-01078,"Nisha Natural Henna Based Hair Color, Natural Brown, 15g Pack",Hair Dyes,7,13,4,VND-001,LUCKY ENTERPRISE-WEST BENGAL,10000,VALUE,1600,800,2.0,11920.0,10,"{""sellable"": null, ""contingency"": null, ""pending_putaway"": null, ""under_transfer"": null}",66,0.017,19/03/26,"{""open_po_1"": {""promise_date"": ""2026-03-19"", ""orderedquantity"": 800.0, ""order_item_amount"": 5960.0, ""open_po_cases"": 1.0, ""mrp"": 15.0, ""price_per_unit"": 7.45, ""order_id"": ""PO-00031"", ""po_raising_drr"": 108.0, ""po_raising_total_space"": 1600.0, ""po_raising_final_available_space"": 1600.0, ""order_date"": ""2026-03-12""}}",800,5960.0,1.0,0,12,0,0.0,0.0,N/A,16.8,7.3,Band A,0.15151515151515152,810,17,1122,312,790,0,1,2,810
FC-001,Baby Care,Himalaya Wellness Company,FC-Alpha,SKU-00462,"Himalaya Gentle Baby Cream, Extra Soft & Gentle, 50ml Tube",Baby Creams,4,14,4,VND-065,M/S INDO GLOBE LINKERS - Region Epsilon,10000,VALUE,50,50,1.0,2975.0,2,"{""sellable"": null, ""contingency"": null, ""pending_putaway"": 2.0, ""under_transfer"": null}",0,0.06,,{},0,0.0,0.0,0,0,0,0.0,0.0,N/A,76.23,68.19,Band C,0.0,2,18,0,0,48,0,0,0,2
FC-001,Baby Care,Himalaya Wellness Company,FC-Alpha,SKU-00519,"Himalaya Gentle Baby Powder, 50g Bottle",Baby Powder,4,14,4,VND-065,M/S INDO GLOBE LINKERS - Region Epsilon,10000,VALUE,72,72,1.0,2016.0,7,"{""sellable"": 7.0, ""contingency"": null, ""pending_putaway"": null, ""under_transfer"": null}",0,0.05,05/03/26,{},72,0.0,0.0,0,0,0,0.0,0.0,N/A,44.39,23.84,,0.0,79,18,0,0,0,0,0,0,79
FC-001,Baby Care,Himalaya Wellness Company,FC-Alpha,SKU-00708,"Himalaya Refreshing Baby Soap, 75g Box",Baby Soaps,4,14,4,VND-065,M/S INDO GLOBE LINKERS - Region Epsilon,10000,VALUE,72,72,1.0,2520.0,0,"{""sellable"": null, ""contingency"": null, ""pending_putaway"": null, ""under_transfer"": null}",0,0.075,05/03/26,{},144,0.0,0.0,0,0,0,0.0,0.0,N/A,53.12,36.46,,0.0,144,18,0,0,0,0,0,0,144
FC-001,Baby Care,Himalaya Wellness Company,FC-Alpha,SKU-00709,"Himalaya Gentle Baby Soap, 75g Box",Baby Soaps,4,14,4,VND-065,M/S INDO GLOBE LINKERS - Region Epsilon,10000,VALUE,72,72,1.0,2772.0,0,"{""sellable"": null, ""contingency"": null, ""pending_putaway"": null, ""under_transfer"": null}",0,0.08,05/03/26,{},144,0.0,0.0,0,0,0,0.0,0.0,N/A,62.75,37.98,,0.0,144,18,0,0,0,0,0,0,144
FC-001,Personal Care,Himalaya Wellness Company,FC-Alpha,SKU-00438,"Himalaya Purifying Neem Face Wash, 50ml Tube",Face Wash,4,14,4,VND-065,M/S INDO GLOBE LINKERS - Region Epsilon,10000,VALUE,288,72,4.0,16381.44,1,"{""sellable"": null, ""contingency"": null, ""pending_putaway"": 1.0, ""under_transfer"": null}",0,0.06,05/03/26,{},144,0.0,0.0,0,0,0,0.0,0.0,N/A,72.89,57.2,Band C,0.0,145,18,0,0,143,1,0,0,145
FC-001,Personal Care,Himalaya Wellness Company,FC-Alpha,SKU-00440,"Himalaya Purifying Neem Face Wash, 100ml Tube",Face Wash,4,14,4,VND-065,M/S INDO GLOBE LINKERS - Region Epsilon,10000,VALUE,48,48,1.0,5184.0,0,"{""sellable"": null, ""contingency"": null, ""pending_putaway"": null, ""under_transfer"": null}",0,0.12,05/03/26,{},96,0.0,0.0,0,0,0,0.0,0.0,N/A,133.91,101.9,,0.0,96,18,0,0,0,0,0,0,96
FC-001,Personal Care,Loreal India Pvt Ltd,FC-Alpha,SKU-00244,"Garnier Color Naturals Creme Riche Hair Color Shade 4, Brown, 35ml Box",Hair Dyes,3,11,4,VND-064,MAA SITA TRADERS (BH_PT),60000,VALUE,36,36,1.0,2991.24,23,"{""sellable"": 23.0, ""contingency"": null, ""pending_putaway"": null, ""under_transfer"": null}",1,0.0322,,{},0,0.0,0.0,0,23,0,0.0,0.0,N/A,89.12,78.1,Band C,23.0,23,15,15,0,13,0,0,22,23
FC-001,Personal Care,Loreal India Pvt Ltd,FC-Alpha,SKU-00442,"Garnier Black Naturals Hair Colour Shade 3.0, Brown Black, 20ml + 20g Sachet",Hair Dyes,3,15,4,VND-064,MAA SITA TRADERS (BH_PT),60000,VALUE,420,210,2.0,16200.0,120,"{""sellable"": 120.0, ""contingency"": null, ""pending_putaway"": null, ""under_transfer"": null}",23,0.048,,{},0,0.0,0.0,210,14,1,8454.6,0.0101,FAIL,46.3,40.26,Band A,5.217391304347826,120,19,437,317,300,1,2,8,330
FC-001,Personal Care,Loreal India Pvt Ltd,FC-Alpha,SKU-00443,"Garnier Black Naturals Hair Colour Shade, 2.0 Original Black, 20g + 20ml Sachet",Hair Dyes,3,15,4,VND-064,MAA SITA TRADERS (BH_PT),60000,VALUE,841,210,4.004761905,32438.57143,437,"{""sellable"": 437.0, ""contingency"": null, ""pending_putaway"": null, ""under_transfer"": null}",37,0.048,,{},0,0.0,0.0,210,17,1,9252.6,0.0101,FAIL,46.84,44.06,Band A,11.81081081081081,437,19,703,266,404,1,2,7,647
FC-001,Personal Care,Loreal India Pvt Ltd,FC-Alpha,SKU-00444,"Garnier Black Naturals Hair Colour Shade 3.16, Natural Burgundy, 20ml + 20g Sachet",Hair Dyes,3,15,4,VND-064,MAA SITA TRADERS (BH_PT),60000,VALUE,420,210,2.0,16200.0,8,"{""sellable"": 8.0, ""contingency"": null, ""pending_putaway"": null, ""under_transfer"": null}",31,0.048,,{},0,0.0,0.0,210,7,1,8943.9,0.0101,FAIL,47.79,42.59,Band A,0.25806451612903225,8,19,589,581,412,1,3,7,218
FC-001,Personal Care,Loreal India Pvt Ltd,FC-Alpha,SKU-00445,"Garnier Black Naturals Hair Color Shade 1.0, Deep Black, 20ml + 20g Sachet",Hair Dyes,3,13,4,VND-064,MAA SITA TRADERS (BH_PT),60000,VALUE,9,192,0.046875,258.75,8,"{""sellable"": null, ""contingency"": null, ""pending_putaway"": 8.0, ""under_transfer"": null}",0,0.049,,{},0,0.0,0.0,0,0,0,0.0,0.0,N/A,38.68,24.64,,0.0,8,17,0,0,1,0,0,0,8
FC-001,Personal Care,Loreal India Pvt Ltd,FC-Alpha,SKU-00446,"Garnier Men Oil Clear Clay D-Tox Deep Cleansing Icy Face Wash, Mineral Clay + Menthol, 50g Tube",Face Wash,3,11,4,VND-064,MAA SITA TRADERS (BH_PT),60000,VALUE,144,72,2.0,13294.08,35,"{""sellable"": 35.0, ""contingency"": null, ""pending_putaway"": null, ""under_transfer"": null}",3,0.057,,{},0,0.0,0.0,72,35,1,7441.92,0.0041,FAIL,124.4,103.36,Band B,11.666666666666666,35,15,45,10,109,1,1,9,107
FC-001,Dairy,Gujarat Co-operative Milk Marketing Federation Ltd,FC-Alpha,SKU-00245,"Amul Masti Spiced Buttermilk, 200ml Tetra Pak",Buttermilk,2,8,4,VND-011,SHRI KRISHNA MURARI ENTERPRISES - Region Epsilon,120000,VALUE,870,30,29.0,11458.0,0,"{""sellable"": null, ""contingency"": null, ""pending_putaway"": null, ""under_transfer"": null}",215,0.22,02/03/26,"{""open_po_1"": {""promise_date"": ""2026-03-02"", ""orderedquantity"": 870.0, ""order_item_amount"": 11457.9, ""open_po_cases"": 29.0, ""mrp"": 15.0, ""price_per_unit"": 13.17, ""order_id"": ""PO-00009"", ""po_raising_drr"": 1096.0, ""po_raising_total_space"": 870.0, ""po_raising_final_available_space"": 870.0, ""order_date"": ""2026-02-27""}}",870,11458.0,29.0,0,4,0,0.0,0.0,N/A,12.9,12.4,Band B,0.0,870,12,2580,1710,0,0,57,323,870
FC-001,Personal Care,Loreal India Pvt Ltd,FC-Alpha,SKU-00447,"Garnier Bright Complete Vitamin C Serum Cream, 23g Box",Face Cream,3,13,4,VND-064,MAA SITA TRADERS (BH_PT),60000,VALUE,96,48,2.0,8455.68,42,"{""sellable"": 42.0, ""contingency"": null, ""pending_putaway"": null, ""under_transfer"": null}",1,0.049,,{},0,0.0,0.0,48,90,1,4586.88,0.0024,FAIL,109.89,95.56,Band C,42.0,42,17,17,0,54,1,0,14,90
FC-001,Dairy,Gujarat Co-operative Milk Marketing Federation Ltd,FC-Alpha,SKU-00245,"Amul Masti Spiced Buttermilk, 200ml Tetra Pak",Buttermilk,1,8,4,VND-044,SIDDHI VINAYAK TRADERS - Region Alpha,120000,VALUE,870,30,29.0,11449.0,0,"{""sellable"": null, ""contingency"": null, ""pending_putaway"": null, ""under_transfer"": null}",215,0.22,02/03/26,{},870,0.0,0.0,0,4,0,0.0,0.0,N/A,16.18,14.89,Band B,0.0,870,12,2580,1710,0,0,57,269,870
FC-001,Dairy,Gujarat Co-operative Milk Marketing Federation Ltd,FC-Alpha,SKU-00246,"Amulya Dairy Whitener, 12g Pack",Milk Powder,2,15,4,VND-011,SHRI KRISHNA MURARI ENTERPRISES - Region Epsilon,120000,VALUE,1680,840,2.0,7661.0,9,"{""sellable"": 9.0, ""contingency"": null, ""pending_putaway"": null, ""under_transfer"": null}",5,0.013,02/03/26,"{""open_po_1"": {""promise_date"": ""2026-03-02"", ""orderedquantity"": 840.0, ""order_item_amount"": 3830.4, ""open_po_cases"": 1.0, ""mrp"": 5.0, ""price_per_unit"": 4.5600000000000005, ""order_id"": ""PO-00009"", ""po_raising_drr"": 24.0, ""po_raising_total_space"": 4200.0, ""po_raising_final_available_space"": 4200.0, ""order_date"": ""2026-02-27""}}",840,3830.0,1.0,0,169,0,0.0,0.0,N/A,5.57,5.07,Band C,1.8,849,19,95,0,831,0,0,29,849
FC-001,Personal Care,Loreal India Pvt Ltd,FC-Alpha,SKU-00448,"Garnier Color Naturals Creme Riche Hair Color, 3.16 Burgundy, 35ml + 30g Box",Hair Dyes,3,13,4,VND-064,MAA SITA TRADERS (BH_PT),60000,VALUE,72,36,2.0,5982.48,1,"{""sellable"": 1.0, ""contingency"": null, ""pending_putaway"": null, ""under_transfer"": null}",2,0.0975,,{},0,0.0,0.0,36,18,1,3242.88,0.0035,FAIL,100.23,90.08,Band B,0.5,1,17,34,33,71,1,1,19,37
FC-001,Dairy,Gujarat Co-operative Milk Marketing Federation Ltd,FC-Alpha,SKU-00309,"Amulya Dairy Whitener, 1Kg Pack",Milk Powder,2,8,4,VND-011,SHRI KRISHNA MURARI ENTERPRISES - Region Epsilon,120000,VALUE,120,12,10.0,52576.0,99,"{""sellable"": 99.0, ""contingency"": null, ""pending_putaway"": null, ""under_transfer"": null}",1,1.0,,{},0,0.0,0.0,12,111,1,5712.48,0.012,FAIL,520.78,476.04,Band B,99.0,99,12,12,0,21,1,0,22,111
FC-001,Personal Care,Loreal India Pvt Ltd,FC-Alpha,SKU-00659,"Garnier Black Naturals Hair Colour Shade 4.0, Natural Brown, 20g + 20ml Sachet",Hair Dyes,3,13,4,VND-064,MAA SITA TRADERS (BH_PT),60000,VALUE,210,192,1.09375,8100.0,192,"{""sellable"": null, ""contingency"": null, ""pending_putaway"": 192.0, ""under_transfer"": null}",13,0.048,,{},0,0.0,0.0,0,14,0,0.0,0.0,N/A,47.82,38.08,Band B,14.76923076923077,192,17,221,29,18,0,1,9,192
FC-001,Dairy,Gujarat Co-operative Milk Marketing Federation Ltd,FC-Alpha,SKU-00400,"Amul Lassi, 200ml Tetra Pak",Lassi,2,8,4,VND-011,SHRI KRISHNA MURARI ENTERPRISES - Region Epsilon,120000,VALUE,780,30,26.0,13697.0,19,"{""sellable"": 19.0, ""contingency"": null, ""pending_putaway"": null, ""under_transfer"": null}",22,0.184,02/03/26,"{""open_po_1"": {""promise_date"": ""2026-03-02"", ""orderedquantity"": 660.0, ""order_item_amount"": 11589.6, ""open_po_cases"": 22.0, ""mrp"": 20.0, ""price_per_unit"": 17.560000000000002, ""order_id"": ""PO-00009"", ""po_raising_drr"": 57.0, ""po_raising_total_space"": 1320.0, ""po_raising_final_available_space"": 1320.0, ""order_date"": ""2026-02-27""}}",660,11590.0,22.0,90,34,3,1467.0,0.0166,FAIL,22.08,16.3,Band B,0.8636363636363636,679,12,264,0,101,3,0,246,769
FC-001,Personal Care,Loreal India Pvt Ltd,FC-Alpha,SKU-00964,"Garnier Men Shampoo Based Hair Color, 3.16 Burgundy, 10ml Pack",Hair Dyes,3,11,4,VND-064,MAA SITA TRADERS (BH_PT),60000,VALUE,320,160,2.0,8400.0,48,"{""sellable"": 48.0, ""contingency"": null, ""pending_putaway"": null, ""under_transfer"": null}",2,0.0092,,{},0,0.0,0.0,160,104,1,4072.0,0.0015,FAIL,38.9,25.45,Band C,24.0,48,15,30,0,272,1,0,15,208
FC-001,Dairy,Gujarat Co-operative Milk Marketing Federation Ltd,FC-Alpha,SKU-00400,"Amul Lassi, 200ml Tetra Pak",Lassi,1,8,4,VND-044,SIDDHI VINAYAK TRADERS - Region Alpha,120000,VALUE,780,30,26.0,13517.0,19,"{""sellable"": 19.0, ""contingency"": null, ""pending_putaway"": null, ""under_transfer"": null}",22,0.184,02/03/26,{},660,0.0,0.0,90,34,3,1639.8,0.0166,FAIL,19.38,18.22,Band B,0.8636363636363636,679,12,264,0,101,3,0,220,769
FC-001,Dairy,Gujarat Co-operative Milk Marketing Federation Ltd,FC-Alpha,SKU-00403,"Amulya Dairy Whitener, 500g Pack",Milk Powder,2,8,4,VND-011,SHRI KRISHNA MURARI ENTERPRISES - Region Epsilon,120000,VALUE,24,24,1.0,5399.0,0,"{""sellable"": null, ""contingency"": null, ""pending_putaway"": null, ""under_transfer"": null}",0,0.5,02/03/26,"{""open_po_1"": {""promise_date"": ""2026-03-02"", ""orderedquantity"": 24.0, ""order_item_amount"": 5398.56, ""open_po_cases"": 1.0, ""mrp"": 245.0, ""price_per_unit"": 224.94000000000003, ""order_id"": ""PO-00009"", ""po_raising_drr"": 0.0, ""po_raising_total_space"": 24.0, ""po_raising_final_available_space"": 24.0, ""order_date"": ""2026-02-27""}}",24,5399.0,1.0,0,0,0,0.0,0.0,N/A,266.85,229.02,,0.0,24,12,0,0,0,0,0,0,24
FC-001,Personal Care,Loreal India Pvt Ltd,FC-Alpha,SKU-00969,"Garnier Men Turbo Bright Anti-Pollution Double Action Face Wash, 50g Tube",Face Wash,3,9,4,VND-064,MAA SITA TRADERS (BH_PT),60000,VALUE,144,72,2.0,16315.2,71,"{""sellable"": 67.0, ""contingency"": null, ""pending_putaway"": 2.0, ""under_transfer"": null}",6,0.05,,{},0,0.0,0.0,72,23,1,7675.2,0.0036,FAIL,143.67,106.6,Band B,11.833333333333334,71,13,78,7,73,1,1,8,143
FC-001,Dairy,Gujarat Co-operative Milk Marketing Federation Ltd,FC-Alpha,SKU-00451,"Amulya Dairy Whitener, 200g Pack",Milk Powder,2,8,4,VND-011,SHRI KRISHNA MURARI ENTERPRISES - Region Epsilon,120000,VALUE,120,60,2.0,10909.0,1,"{""sellable"": 1.0, ""contingency"": null, ""pending_putaway"": null, ""under_transfer"": null}",1,0.224,02/03/26,"{""open_po_1"": {""promise_date"": ""2026-03-02"", ""orderedquantity"": 60.0, ""order_item_amount"": 5454.6, ""open_po_cases"": 1.0, ""mrp"": 99.0, ""price_per_unit"": 90.91000000000001, ""order_id"": ""PO-00009"", ""po_raising_drr"": 3.0, ""po_raising_total_space"": 120.0, ""po_raising_final_available_space"": 120.0, ""order_date"": ""2026-02-27""}}",60,5455.0,1.0,0,61,0,0.0,0.0,N/A,90.96,89.47,Band B,1.0,61,12,12,0,59,0,0,23,61
FC-001,Personal Care,Loreal India Pvt Ltd,FC-Alpha,SKU-01058,"Garnier Men Shampoo Color Based Hair Color, 1.0 Natural Black, 10ml + 10ml Pack",Hair Dyes,3,13,4,VND-064,MAA SITA TRADERS (BH_PT),60000,VALUE,160,160,1.0,4200.0,0,"{""sellable"": null, ""contingency"": null, ""pending_putaway"": null, ""under_transfer"": null}",8,0.032,,{},0,0.0,0.0,160,20,1,3652.8,0.0051,FAIL,38.17,22.83,Band B,0.0,0,17,136,136,160,1,1,17,160
FC-001,Personal Care,Manash Lifestyle Pvt. Ltd,FC-Alpha,SKU-00039,"Good Vibes Insta Glow Ubtan Powder, 5g Pack",Facial Mask/Pack,7,15,5,VND-018,MANASH LIFESTYLE PRIVATE LIMITED - Region Alpha,50000,VALUE,576,288,2.0,4000.08,519,"{""sellable"": 519.0, ""contingency"": null, ""pending_putaway"": null, ""under_transfer"": null}",17,0.005,,{},0,0.0,0.0,0,30,0,0.0,0.0,N/A,9.52,6.37,Band C,30.529411764705884,519,20,340,0,57,0,0,28,519
FC-001,Dairy,Gujarat Co-operative Milk Marketing Federation Ltd,FC-Alpha,SKU-00452,"Amul Kool Flavoured Milk, Kesar, 180ml Bottle",Flavoured Milk,1,8,4,VND-044,SIDDHI VINAYAK TRADERS - Region Alpha,120000,VALUE,1200,30,40.0,26004.0,0,"{""sellable"": null, ""contingency"": null, ""pending_putaway"": null, ""under_transfer"": null}",47,0.211,,{},0,0.0,0.0,1200,25,40,26364.0,0.2532,FAIL,26.06,21.97,Band C,0.0,0,12,564,564,1200,40,19,183,1200
FC-001,Dairy,Gujarat Co-operative Milk Marketing Federation Ltd,FC-Alpha,SKU-00731,"Amul Fresh Cream, 250ml Tetra Pak",Milk Cream,2,8,4,VND-011,SHRI KRISHNA MURARI ENTERPRISES - Region Epsilon,120000,VALUE,64,32,2.0,4107.0,0,"{""sellable"": null, ""contingency"": null, ""pending_putaway"": null, ""under_transfer"": null}",4,0.26,02/03/26,"{""open_po_1"": {""promise_date"": ""2026-03-02"", ""orderedquantity"": 64.0, ""order_item_amount"": 4106.88, ""open_po_cases"": 2.0, ""mrp"": 70.0, ""price_per_unit"": 64.17, ""order_id"": ""PO-00009"", ""po_raising_drr"": 7.0, ""po_raising_total_space"": 64.0, ""po_raising_final_available_space"": 64.0, ""order_date"": ""2026-02-27""}}",64,4107.0,2.0,0,16,0,0.0,0.0,N/A,74.07,61.87,Band C,0.0,64,12,48,0,0,0,0,61,64
FC-001,Personal Care,Manash Lifestyle Pvt. Ltd,FC-Alpha,SKU-00040,"Alps Goodness Flaxseed Gel For Hair & Skin, 8ml Pack",Hair Gel and Cream,7,15,5,VND-018,MANASH LIFESTYLE PRIVATE LIMITED - Region Alpha,50000,VALUE,576,288,2.0,4000.08,408,"{""sellable"": 408.0, ""contingency"": null, ""pending_putaway"": null, ""under_transfer"": null}",27,0.00736,,{},0,0.0,0.0,0,15,0,0.0,0.0,N/A,10.94,6.41,Band C,15.11111111111111,408,20,540,132,168,0,1,28,408
FC-001,Dairy,Gujarat Co-operative Milk Marketing Federation Ltd,FC-Alpha,SKU-00792,"Amul Taaza Homogenised Toned Milk, 1L Tetra Pak",Milk,2,8,4,VND-011,SHRI KRISHNA MURARI ENTERPRISES - Region Epsilon,120000,VALUE,24,12,2.0,1667.0,18,"{""sellable"": 18.0, ""contingency"": null, ""pending_putaway"": null, ""under_transfer"": null}",0,0.92,,{},0,0.0,0.0,0,0,0,0.0,0.0,N/A,69.42,61.33,Band C,0.0,18,12,0,0,6,0,0,0,18
FC-001,Personal Care,Manash Lifestyle Pvt. Ltd,FC-Alpha,SKU-00041,"Alps Goodness Multani Mitti For Hair & Skin, 10g Pack",Facial Mask/Pack,7,15,5,VND-018,MANASH LIFESTYLE PRIVATE LIMITED - Region Alpha,50000,VALUE,1152,288,4.0,8000.16,720,"{""sellable"": 720.0, ""contingency"": null, ""pending_putaway"": null, ""under_transfer"": null}",87,0.01,,{},0,0.0,0.0,288,11,1,1990.08,0.0029,FAIL,8.74,6.91,Band C,8.275862068965518,720,20,1740,1020,432,1,4,26,1008
FC-001,Dairy,Gujarat Co-operative Milk Marketing Federation Ltd,FC-Alpha,SKU-00809,"Amulya Dairy Whitener, 24g Pack",Milk Powder,2,15,4,VND-011,SHRI KRISHNA MURARI ENTERPRISES - Region Epsilon,120000,VALUE,960,480,2.0,8746.0,24,"{""sellable"": 12.0, ""contingency"": null, ""pending_putaway"": null, ""under_transfer"": null}",0,0.025,02/03/26,"{""open_po_1"": {""promise_date"": ""2026-03-02"", ""orderedquantity"": 480.0, ""order_item_amount"": 4372.8, ""open_po_cases"": 1.0, ""mrp"": 10.0, ""price_per_unit"": 9.110000000000001, ""order_id"": ""PO-00009"", ""po_raising_drr"": 24.0, ""po_raising_total_space"": 1440.0, ""po_raising_final_available_space"": 1440.0, ""order_date"": ""2026-02-27""}}",480,4373.0,1.0,0,0,0,0.0,0.0,N/A,9.04,7.86,Band B,0.0,504,19,0,0,456,0,0,0,504
FC-001,Personal Care,Manash Lifestyle Pvt. Ltd,FC-Alpha,SKU-00042,"Alps Goodness Sandalwood Beauty Mask For Face & Hair, 5g Pack",Facial Mask/Pack,7,15,5,VND-018,MANASH LIFESTYLE PRIVATE LIMITED - Region Alpha,50000,VALUE,576,288,2.0,4000.08,264,"{""sellable"": 264.0, ""contingency"": null, ""pending_putaway"": null, ""under_transfer"": null}",37,0.005,,{},0,0.0,0.0,288,14,1,2148.48,0.0014,FAIL,11.18,7.46,Band C,7.135135135135135,264,20,740,476,312,1,2,24,552
FC-001,Dairy,Nestle India Ltd,FC-Alpha,SKU-00686,"Nestle EveryDay Dairy Whitener, 15g Sachet",Milk Powder,4,15,4,VND-043,NESTLE INDIA LTD - Region Alpha,10000,CASES,768,384,2.0,6904.0,789,"{""sellable"": 660.0, ""contingency"": 106.0, ""pending_putaway"": 23.0, ""under_transfer"": null}",82,0.022,,{},0,0.0,0.0,0,9,0,0.0,0.0,N/A,10.25,10.12,Band B,9.621951219512194,789,19,1558,769,0,0,3,10000,789
FC-001,Dairy,Nestle India Ltd,FC-Alpha,SKU-00686,"Nestle EveryDay Dairy Whitener, 15g Sachet",Milk Powder,4,15,4,VND-045,SG Enterprises - Region Epsilon,200000,VALUE,768,384,2.0,6966.0,789,"{""sellable"": 660.0, ""contingency"": 106.0, ""pending_putaway"": 23.0, ""under_transfer"": null}",82,0.022,,{},0,0.0,0.0,0,9,0,0.0,0.0,N/A,9.7,8.47,Band B,9.621951219512194,789,19,1558,769,0,0,3,62,789
FC-001,Dairy,Parle Agro,FC-Alpha,SKU-00048,"Smoodh Kesar Badam Flavoured Milk, 150ml Bottle",Flavoured Milk,2,18,5,VND-032,PARLE AGRO PRIVATE LIMITED - Region Alpha,10000,CASES,420,30,14.0,6888.0,390,"{""sellable"": 387.0, ""contingency"": null, ""pending_putaway"": 3.0, ""under_transfer"": null}",97,0.138,16/03/26,"{""open_po_1"": {""promise_date"": ""2026-03-16"", ""orderedquantity"": 360.0, ""order_item_amount"": 5904.0, ""open_po_cases"": 12.0, ""mrp"": 20.0, ""price_per_unit"": 16.4, ""order_id"": ""PO-00015"", ""po_raising_drr"": 126.0, ""po_raising_total_space"": 420.0, ""po_raising_final_available_space"": 420.0, ""order_date"": ""2026-03-13""}}",360,5904.0,12.0,0,7,0,0.0,0.0,N/A,19.77,18.16,Band C,4.020618556701031,750,23,2231,1481,0,0,50,10000,750
FC-001,Dairy,Parle Agro,FC-Alpha,SKU-00049,"Smoodh Kesar Badam Flavoured Milk, 80ml Tetra Pak",Flavoured Milk,2,18,5,VND-032,PARLE AGRO PRIVATE LIMITED - Region Alpha,10000,CASES,1080,40,27.0,8856.0,125,"{""sellable"": 115.0, ""contingency"": null, ""pending_putaway"": 10.0, ""under_transfer"": null}",121,0.0736,16/03/26,"{""open_po_1"": {""promise_date"": ""2026-03-16"", ""orderedquantity"": 920.0, ""order_item_amount"": 7544.0, ""open_po_cases"": 23.0, ""mrp"": 10.0, ""price_per_unit"": 8.2, ""order_id"": ""PO-00015"", ""po_raising_drr"": 133.0, ""po_raising_total_space"": 1080.0, ""po_raising_final_available_space"": 898.0, ""order_date"": ""2026-03-13""}}",920,7544.0,23.0,0,8,0,0.0,0.0,N/A,11.34,7.69,Band C,1.0330578512396693,1045,23,2783,1738,35,0,44,10000,1045
FC-001,Dairy,Parle Agro,FC-Alpha,SKU-00078,"Smoodh Lassi, Rose, 180ml Bottle",Lassi,2,9,4,VND-032,PARLE AGRO PRIVATE LIMITED - Region Alpha,10000,CASES,960,30,32.0,15744.0,44,"{""sellable"": 29.0, ""contingency"": null, ""pending_putaway"": 15.0, ""under_transfer"": null}",185,0.15,,{},0,0.0,0.0,900,5,30,16578.0,0.135,FAIL,21.18,18.42,Band B,0.23783783783783785,44,13,2405,2361,916,30,79,10000,944
FC-001,Dairy,Parle Agro,FC-Alpha,SKU-00165,"Smoodh Milk Shake, Hazelnut Chocolate, 150ml Bottle",Flavoured Milk,2,9,4,VND-032,PARLE AGRO PRIVATE LIMITED - Region Alpha,10000,CASES,420,30,14.0,6888.0,101,"{""sellable"": 91.0, ""contingency"": null, ""pending_putaway"": 10.0, ""under_transfer"": null}",88,0.15,16/03/26,"{""open_po_1"": {""promise_date"": ""2026-03-16"", ""orderedquantity"": 90.0, ""order_item_amount"": 1476.0, ""open_po_cases"": 3.0, ""mrp"": 20.0, ""price_per_unit"": 16.4, ""order_id"": ""PO-00015"", ""po_raising_drr"": 79.0, ""po_raising_total_space"": 420.0, ""po_raising_final_available_space"": 306.0, ""order_date"": ""2026-03-13""}}",90,1476.0,3.0,210,4,7,3706.5,0.0315,FAIL,20.52,17.65,Band B,1.1477272727272727,191,13,1144,953,229,7,32,10000,401
FC-001,Dairy,Parle Agro,FC-Alpha,SKU-00166,"Smoodh Milk Shake, Toffee Caramel, 150ml Bottle",Flavoured Milk,2,9,4,VND-032,PARLE AGRO PRIVATE LIMITED - Region Alpha,10000,CASES,210,30,7.0,3444.0,180,"{""sellable"": 180.0, ""contingency"": null, ""pending_putaway"": null, ""under_transfer"": null}",28,0.15,16/03/26,"{""open_po_1"": {""promise_date"": ""2026-03-16"", ""orderedquantity"": 180.0, ""order_item_amount"": 2952.0, ""open_po_cases"": 6.0, ""mrp"": 20.0, ""price_per_unit"": 16.4, ""order_id"": ""PO-00015"", ""po_raising_drr"": 72.0, ""po_raising_total_space"": 210.0, ""po_raising_final_available_space"": 210.0, ""order_date"": ""2026-03-13""}}",180,2952.0,6.0,0,12,0,0.0,0.0,N/A,20.04,17.9,Band C,6.428571428571429,360,13,364,4,0,0,1,10000,360
FC-001,Dairy,Parle Agro,FC-Alpha,SKU-00225,"Smoodh Milk Shake, Chocolate, 150ml Bottle",Flavoured Milk,2,15,4,VND-032,PARLE AGRO PRIVATE LIMITED - Region Alpha,10000,CASES,900,30,30.0,14760.0,574,"{""sellable"": 574.0, ""contingency"": null, ""pending_putaway"": null, ""under_transfer"": null}",133,0.15,,{},0,0.0,0.0,300,6,10,4209.0,0.045,FAIL,20.67,14.03,Band A,4.315789473684211,574,19,2527,1953,326,10,66,10000,874
FC-001,Dairy,Parle Agro,FC-Alpha,SKU-00934,"Smoodh Milk Shake, Hazelnut Chocolate, 80ml Tetra Pak",Flavoured Milk,2,9,4,VND-032,PARLE AGRO PRIVATE LIMITED - Region Alpha,10000,CASES,720,40,18.0,5904.0,0,"{""sellable"": null, ""contingency"": null, ""pending_putaway"": null, ""under_transfer"": null}",69,0.08,16/03/26,"{""open_po_1"": {""promise_date"": ""2026-03-16"", ""orderedquantity"": 480.0, ""order_item_amount"": 3936.0, ""open_po_cases"": 12.0, ""mrp"": 10.0, ""price_per_unit"": 8.2, ""order_id"": ""PO-00015"", ""po_raising_drr"": 65.0, ""po_raising_total_space"": 720.0, ""po_raising_final_available_space"": 530.0, ""order_date"": ""2026-03-13""}}",480,3936.0,12.0,240,10,6,2241.6,0.0192,FAIL,10.74,9.34,Band C,0.0,480,13,897,417,240,6,11,10000,720
FC-001,Dairy,Parle Agro,FC-Alpha,SKU-00982,"Smoodh Milk Shake, Toffee Caramel, 80ml Tetra Pak",Flavoured Milk,2,9,4,VND-032,PARLE AGRO PRIVATE LIMITED - Region Alpha,10000,CASES,720,40,18.0,5904.0,161,"{""sellable"": 161.0, ""contingency"": null, ""pending_putaway"": null, ""under_transfer"": null}",139,0.08,,{},0,0.0,0.0,520,4,13,4555.2,0.0416,FAIL,11.12,8.76,Band C,1.158273381294964,161,13,1807,1646,559,13,42,10000,681
FC-001,Dairy,Parle Agro,FC-Alpha,SKU-01001,"Smoodh Milk Shake, Chocolate, 80ml Tetra Pak",Flavoured Milk,2,9,4,VND-032,PARLE AGRO PRIVATE LIMITED - Region Alpha,10000,CASES,600,40,15.0,4920.0,43,"{""sellable"": null, ""contingency"": 43.0, ""pending_putaway"": null, ""under_transfer"": null}",123,0.08,,{},0,0.0,0.0,520,4,13,4014.4,0.0416,FAIL,11.3,7.72,Band A,0.34959349593495936,43,13,1599,1556,557,13,39,10000,563
FC-001,Flours & Sooji,WeiKFiELD Foods Pvt Ltd,FC-Alpha,SKU-00463,"Weikfield Corn Starch, 100g Box",Corn Flour,2,12,4,VND-070,PATNA BAZAR - Khagaul,40000,VALUE,200,100,2.0,4680.0,80,"{""sellable"": 80.0, ""contingency"": null, ""pending_putaway"": null, ""under_transfer"": null}",4,0.116,,{},0,0.0,0.0,100,45,1,2571.0,0.0116,FAIL,30.59,25.71,Band C,20.0,80,16,64,0,120,1,0,16,180
FC-001,Grounded Spices & Masalas,Capital Foods PVT.LTD.,FC-Alpha,SKU-00302,"Ching's Secret Paneer Chilli Masala, 20g Sachet",Ready Masala,3,15,4,VND-003,TATA CONSUMER PRODUCTS LIMITED - Region Epsilon,200000,VALUE,1200,240,5.0,9540.0,6,"{""sellable"": 6.0, ""contingency"": null, ""pending_putaway"": null, ""under_transfer"": null}",97,0.02,16/03/26,"{""open_po_1"": {""promise_date"": ""2026-03-16"", ""orderedquantity"": 960.0, ""order_item_amount"": 7632.0, ""open_po_cases"": 4.0, ""mrp"": 10.0, ""price_per_unit"": 7.95, ""order_id"": ""PO-00012"", ""po_raising_drr"": 150.0, ""po_raising_total_space"": 1200.0, ""po_raising_final_available_space"": 1200.0, ""order_date"": ""2026-03-13""}, ""open_po_2"": {""promise_date"": ""2026-03-16"", ""orderedquantity"": 240.0, ""order_item_amount"": 1908.0, ""open_po_cases"": 1.0, ""mrp"": 10.0, ""price_per_unit"": 7.95, ""order_id"": ""PO-00011"", ""po_raising_drr"": 150.0, ""po_raising_total_space"": 1200.0, ""po_raising_final_available_space"": 240.0, ""order_date"": ""2026-03-13""}}",1200,9540.0,5.0,0,12,0,0.0,0.0,N/A,10.59,7.43,Band A,0.061855670103092786,1206,19,1843,637,0,0,3,113,1206
FC-001,Grounded Spices & Masalas,Capital Foods PVT.LTD.,FC-Alpha,SKU-00304,"Ching's Secret Schezwan Fried Rice Masala, 20g Sachet",Ready Masala,3,8,4,VND-003,TATA CONSUMER PRODUCTS LIMITED - Region Epsilon,200000,VALUE,480,240,2.0,22901.0,161,"{""sellable"": 141.0, ""contingency"": null, ""pending_putaway"": 20.0, ""under_transfer"": null}",22,0.023,16/03/26,"{""open_po_1"": {""promise_date"": ""2026-03-16"", ""orderedquantity"": 240.0, ""order_item_amount"": 11450.4, ""open_po_cases"": 1.0, ""mrp"": 60.0, ""price_per_unit"": 47.71, ""order_id"": ""PO-00012"", ""po_raising_drr"": 21.0, ""po_raising_total_space"": 480.0, ""po_raising_final_available_space"": 382.0, ""order_date"": ""2026-03-13""}, ""open_po_2"": {""promise_date"": ""2026-03-16"", ""orderedquantity"": 240.0, ""order_item_amount"": 11450.4, ""open_po_cases"": 1.0, ""mrp"": 60.0, ""price_per_unit"": 47.71, ""order_id"": ""PO-00011"", ""po_raising_drr"": 21.0, ""po_raising_total_space"": 480.0, ""po_raising_final_available_space"": 142.0, ""order_date"": ""2026-03-13""}}",480,22901.0,2.0,0,29,0,0.0,0.0,N/A,67.6,53.05,Band C,7.318181818181818,641,12,264,0,0,0,0,16,641
FC-001,Grounded Spices & Masalas,Capital Foods PVT.LTD.,FC-Alpha,SKU-00322,"Smith & Jones Shahi Paneer Masala Mix, 20g Pack",Ready Masala,3,8,4,VND-003,TATA CONSUMER PRODUCTS LIMITED - Region Epsilon,200000,VALUE,480,240,2.0,3816.0,251,"{""sellable"": 251.0, ""contingency"": null, ""pending_putaway"": null, ""under_transfer"": null}",16,0.022,,{},0,0.0,0.0,0,15,0,0.0,0.0,N/A,10.62,7.03,Band C,15.6875,251,12,192,0,229,0,0,119,251
FC-001,Grounded Spices & Masalas,Capital Foods PVT.LTD.,FC-Alpha,SKU-00350,"Smith & Jones Pasta Masala, 10g Pack",Ready Masala,3,8,4,VND-003,TATA CONSUMER PRODUCTS LIMITED - Region Epsilon,200000,VALUE,1536,768,2.0,6113.0,58,"{""sellable"": 58.0, ""contingency"": null, ""pending_putaway"": null, ""under_transfer"": null}",201,0.008,16/03/26,"{""open_po_1"": {""promise_date"": ""2026-03-16"", ""orderedquantity"": 768.0, ""order_item_amount"": 3056.64, ""open_po_cases"": 1.0, ""mrp"": 5.0, ""price_per_unit"": 3.98, ""order_id"": ""PO-00012"", ""po_raising_drr"": 201.0, ""po_raising_total_space"": 1536.0, ""po_raising_final_available_space"": 1409.0, ""order_date"": ""2026-03-13""}, ""open_po_2"": {""promise_date"": ""2026-03-16"", ""orderedquantity"": 768.0, ""order_item_amount"": 3056.64, ""open_po_cases"": 1.0, ""mrp"": 5.0, ""price_per_unit"": 3.98, ""order_id"": ""PO-00011"", ""po_raising_drr"": 201.0, ""po_raising_total_space"": 1536.0, ""po_raising_final_available_space"": 641.0, ""order_date"": ""2026-03-13""}}",1536,6113.0,2.0,0,7,0,0.0,0.0,N/A,4.48,4.22,Band B,0.2885572139303483,1594,12,2412,818,0,0,2,62,1594
FC-001,Grounded Spices & Masalas,Capital Foods PVT.LTD.,FC-Alpha,SKU-00360,"Smith & Jones Mutter Paneer Masala Mix, 20g Pack",Ready Masala,3,8,4,VND-003,TATA CONSUMER PRODUCTS LIMITED - Region Epsilon,200000,VALUE,480,240,2.0,3816.0,200,"{""sellable"": 200.0, ""contingency"": null, ""pending_putaway"": null, ""under_transfer"": null}",19,0.022,,{},0,0.0,0.0,240,23,1,1932.0,0.0053,FAIL,10.23,8.05,Band C,10.526315789473685,200,12,228,28,280,1,1,104,440
FC-001,Grounded Spices & Masalas,Capital Foods PVT.LTD.,FC-Alpha,SKU-00735,"Ching's Secret Veg Manchurian Masala, 20g Sachet",Ready Masala,3,8,4,VND-003,TATA CONSUMER PRODUCTS LIMITED - Region Epsilon,200000,VALUE,720,240,3.0,5724.0,390,"{""sellable"": 370.0, ""contingency"": null, ""pending_putaway"": 20.0, ""under_transfer"": null}",63,0.023,,{},0,0.0,0.0,240,10,1,1677.6,0.0055,FAIL,10.32,6.99,Band B,6.190476190476191,390,12,756,366,330,1,2,120,630
FC-001,Grounded Spices & Masalas,Capital Foods PVT.LTD.,FC-Alpha,SKU-00847,"Ching's Secret Hakka Noodles Masala, 20g Sachet",Ready Masala,3,8,4,VND-003,TATA CONSUMER PRODUCTS LIMITED - Region Epsilon,200000,VALUE,480,240,2.0,3816.0,102,"{""sellable"": 62.0, ""contingency"": null, ""pending_putaway"": 20.0, ""under_transfer"": null}",25,0.023,16/03/26,"{""open_po_1"": {""promise_date"": ""2026-03-16"", ""orderedquantity"": 240.0, ""order_item_amount"": 1908.0, ""open_po_cases"": 1.0, ""mrp"": 10.0, ""price_per_unit"": 7.95, ""order_id"": ""PO-00012"", ""po_raising_drr"": 27.0, ""po_raising_total_space"": 480.0, ""po_raising_final_available_space"": 399.0, ""order_date"": ""2026-03-13""}, ""open_po_2"": {""promise_date"": ""2026-03-16"", ""orderedquantity"": 240.0, ""order_item_amount"": 1908.0, ""open_po_cases"": 1.0, ""mrp"": 10.0, ""price_per_unit"": 7.95, ""order_id"": ""PO-00011"", ""po_raising_drr"": 27.0, ""po_raising_total_space"": 480.0, ""po_raising_final_available_space"": 159.0, ""order_date"": ""2026-03-13""}}",480,3816.0,2.0,0,23,0,0.0,0.0,N/A,9.77,7.33,Band C,4.08,582,12,300,0,0,0,0,114,582
FC-001,Grounded Spices & Masalas,Dnv Food Products Pvt Ltd,FC-Alpha,SKU-00120,"DNV Kashmiri Red Chili Powder, 11g Pack",Pure Spices,8,18,5,VND-055,DNV FOOD PRODUCTS PVT LTD,30000,VALUE,2400,600,4.0,13440.0,2262,"{""sellable"": 2262.0, ""contingency"": null, ""pending_putaway"": null, ""under_transfer"": null}",13,0.011,,{},0,0.0,0.0,0,174,0,0.0,0.0,N/A,10.71,4.78,Band C,174.0,2262,23,299,0,138,0,0,11,2262
FC-001,Grounded Spices & Masalas,Dnv Food Products Pvt Ltd,FC-Alpha,SKU-00930,"DNV Jeera/ Cumin Powder, 50g Pack",Pure Spices,8,15,4,VND-055,DNV FOOD PRODUCTS PVT LTD,30000,VALUE,800,400,2.0,12800.0,121,"{""sellable"": 121.0, ""contingency"": null, ""pending_putaway"": null, ""under_transfer"": null}",3,0.058,,{},0,0.0,0.0,400,173,1,6020.0,0.0232,FAIL,47.36,15.05,Band C,40.333333333333336,121,19,57,0,679,1,0,5,521
FC-001,Grounded Spices & Masalas,Dnv Food Products Pvt Ltd,FC-Alpha,SKU-00931,"DNV Red Chilli Powder, 50g Pack",Pure Spices,8,15,4,VND-055,DNV FOOD PRODUCTS PVT LTD,30000,VALUE,800,400,2.0,8800.0,263,"{""sellable"": 263.0, ""contingency"": null, ""pending_putaway"": null, ""under_transfer"": null}",6,0.058,,{},0,0.0,0.0,400,110,1,4528.0,0.0232,FAIL,28.57,11.32,Band C,43.833333333333336,263,19,114,0,537,1,0,7,663
FC-001,Grounded Spices & Masalas,Dnv Food Products Pvt Ltd,FC-Alpha,SKU-00932,"DNV Turmeric Powder, 50g Pack",Pure Spices,8,15,4,VND-055,DNV FOOD PRODUCTS PVT LTD,30000,VALUE,800,400,2.0,9200.0,376,"{""sellable"": 376.0, ""contingency"": null, ""pending_putaway"": null, ""under_transfer"": null}",7,0.058,,{},0,0.0,0.0,400,110,1,4320.0,0.0232,FAIL,18.56,10.8,Band B,53.714285714285715,376,19,133,0,424,1,0,7,776
FC-001,Grounded Spices & Masalas,Dnv Food Products Pvt Ltd,FC-Alpha,SKU-01022,"DNV Black Pepper Powder, 7g Pack",Pure Spices,8,15,4,VND-055,DNV FOOD PRODUCTS PVT LTD,30000,VALUE,1200,600,2.0,8400.0,350,"{""sellable"": 350.0, ""contingency"": null, ""pending_putaway"": null, ""under_transfer"": null}",14,0.007,,{},0,0.0,0.0,600,67,1,3948.0,0.0042,FAIL,11.45,6.58,Band B,25.0,350,19,266,0,850,1,0,8,950
FC-001,Grounded Spices & Masalas,Dnv Food Products Pvt Ltd,FC-Alpha,SKU-01024,"DNV Jeera/ Cumin Powder, 11g Pack",Pure Spices,8,15,4,VND-055,DNV FOOD PRODUCTS PVT LTD,30000,VALUE,1200,600,2.0,7560.0,350,"{""sellable"": 330.0, ""contingency"": null, ""pending_putaway"": null, ""under_transfer"": null}",9,0.022,,{},0,0.0,0.0,600,105,1,4056.0,0.0132,FAIL,11.02,6.76,Band B,38.888888888888886,350,19,171,0,850,1,0,8,950
FC-001,Grounded Spices & Masalas,Dnv Food Products Pvt Ltd,FC-Alpha,SKU-01028,"DNV Red Chilli Powder, 16g Pack",Pure Spices,8,15,4,VND-055,DNV FOOD PRODUCTS PVT LTD,30000,VALUE,1200,600,2.0,6600.0,552,"{""sellable"": 540.0, ""contingency"": null, ""pending_putaway"": null, ""under_transfer"": null}",6,0.027,,{},0,0.0,0.0,600,192,1,2850.0,0.0162,FAIL,8.87,4.75,Band C,92.0,552,19,114,0,648,1,0,11,1152
FC-001,Grounded Spices & Masalas,Dnv Food Products Pvt Ltd,FC-Alpha,SKU-01029,"DNV Turmeric Powder, 22g Pack",Pure Spices,8,15,4,VND-055,DNV FOOD PRODUCTS PVT LTD,30000,VALUE,1200,600,2.0,7620.0,340,"{""sellable"": 340.0, ""contingency"": null, ""pending_putaway"": null, ""under_transfer"": null}",20,0.035,,{},0,0.0,0.0,600,47,1,4272.0,0.021,FAIL,11.26,7.12,Band B,17.0,340,19,380,40,860,1,1,8,940
FC-001,Personal Care,Manash Lifestyle Pvt. Ltd,FC-Alpha,SKU-00089,"Alps Goodness Rosemary Water Hair Spray, 100ml Bottle",Hair Sprays & Mists,7,15,5,VND-018,MANASH LIFESTYLE PRIVATE LIMITED - Region Alpha,50000,VALUE,240,24,10.0,38332.8,218,"{""sellable"": 217.0, ""contingency"": null, ""pending_putaway"": 1.0, ""under_transfer"": null}",4,0.092,,{},0,0.0,0.0,0,54,0,0.0,0.0,N/A,233.28,158.47,Band C,54.5,218,20,80,0,22,0,0,14,218
FC-001,Personal Care,Manash Lifestyle Pvt. Ltd,FC-Alpha,SKU-00113,"Alps Goodness Beetroot Beauty Mask for Face & Hair, 5g Pack",Facial Mask/Pack,7,15,5,VND-018,MANASH LIFESTYLE PRIVATE LIMITED - Region Alpha,50000,VALUE,576,288,2.0,4000.08,261,"{""sellable"": 237.0, ""contingency"": null, ""pending_putaway"": 24.0, ""under_transfer"": null}",102,0.005,,{},0,0.0,0.0,288,5,1,1733.76,0.0014,FAIL,10.95,6.02,Band C,2.5588235294117645,261,20,2040,1779,315,1,7,29,549
FC-001,"Biscuit, Confectionary & Snacks",Pramod Multifood Pvt Ltd,FC-Alpha,SKU-00178,"Pramod Malai Sev, 32g Pack",Namkeens,2,12,6,VND-026,MUSHKAN ENTERPRISES - Region Alpha,60000,VALUE,500,250,2.0,3900.0,55,"{""sellable"": 5.0, ""contingency"": null, ""pending_putaway"": 25.0, ""under_transfer"": null}",20,0.032,12/03/26,"{""open_po_1"": {""promise_date"": ""2026-03-12"", ""orderedquantity"": 250.0, ""order_item_amount"": 1950.0, ""open_po_cases"": 1.0, ""mrp"": 10.0, ""price_per_unit"": 7.8, ""order_id"": ""PO-00004"", ""po_raising_drr"": 15.0, ""po_raising_total_space"": 500.0, ""po_raising_final_available_space"": 250.0, ""order_date"": ""2026-03-10""}}",250,1950.0,1.0,0,15,0,0.0,0.0,N/A,9.81,8.33,Band B,2.75,305,18,360,55,195,0,1,29,305
FC-001,Grounded Spices & Masalas,Everest Food Products Pvt Ltd,FC-Alpha,SKU-00112,"Everest Chaat Masala, 7g Sachet",Blended Spices,2,8,5,VND-005,SRI SAI TRADERS - Region Alpha,80000,VALUE,2400,1200,2.0,9048.0,1383,"{""sellable"": 1383.0, ""contingency"": null, ""pending_putaway"": null, ""under_transfer"": null}",36,0.007,,{},0,0.0,0.0,0,38,0,0.0,0.0,N/A,4.85,4.21,Band B,38.416666666666664,1383,13,468,0,1017,0,0,16,1383
FC-001,Grounded Spices & Masalas,Everest Food Products Pvt Ltd,FC-Alpha,SKU-00250,"Everest Tikhalal Hot & Red Chilli Powder, 50g Pack",Pure Spices,2,15,4,VND-005,SRI SAI TRADERS - Region Alpha,80000,VALUE,400,200,2.0,10132.0,21,"{""sellable"": 21.0, ""contingency"": null, ""pending_putaway"": null, ""under_transfer"": null}",24,0.05,,"{""open_po_1"": {""promise_date"": null, ""orderedquantity"": 400.0, ""order_item_amount"": 10132.0, ""open_po_cases"": 2.0, ""mrp"": 34.0, ""price_per_unit"": 25.33, ""order_id"": ""PO-00039"", ""po_raising_drr"": 24.0, ""po_raising_total_space"": 400.0, ""po_raising_final_available_space"": 400.0, ""order_date"": ""2026-03-16""}}",400,10132.0,2.0,0,17,0,0.0,0.0,N/A,29.46,22.94,Band A,0.875,421,19,456,35,0,0,1,18,421
FC-001,Grounded Spices & Masalas,Everest Food Products Pvt Ltd,FC-Alpha,SKU-00256,"Everest Black Pepper, 10Rs Pack",Pure Spices,2,8,5,VND-005,SRI SAI TRADERS - Region Alpha,80000,VALUE,1200,600,2.0,9060.0,528,"{""sellable"": 528.0, ""contingency"": null, ""pending_putaway"": null, ""under_transfer"": null}",27,0.008,,{},0,0.0,0.0,600,41,1,3960.0,0.0048,FAIL,9.51,6.6,Band B,19.555555555555557,528,13,351,0,672,1,0,21,1128
FC-001,Grounded Spices & Masalas,Everest Food Products Pvt Ltd,FC-Alpha,SKU-00297,"Everest Chicken Masala, 8g Sachet",Blended Spices,2,15,4,VND-005,SRI SAI TRADERS - Region Alpha,80000,VALUE,2400,1200,2.0,9048.0,220,"{""sellable"": 180.0, ""contingency"": null, ""pending_putaway"": 20.0, ""under_transfer"": null}",239,0.008,18/03/26,"{""open_po_1"": {""promise_date"": ""2026-03-18"", ""orderedquantity"": 1200.0, ""order_item_amount"": 4524.0, ""open_po_cases"": 1.0, ""mrp"": 5.0, ""price_per_unit"": 3.77, ""order_id"": ""PO-00039"", ""po_raising_drr"": 239.0, ""po_raising_total_space"": 2400.0, ""po_raising_final_available_space"": 2379.0, ""order_date"": ""2026-03-16""}}",1200,4524.0,1.0,0,5,0,0.0,0.0,N/A,5.45,3.48,Band A,0.9205020920502092,1420,19,4541,3121,980,0,3,20,1420
FC-001,Grounded Spices & Masalas,Everest Food Products Pvt Ltd,FC-Alpha,SKU-00319,"Everest Shahi Biryani Masala, 10g Pack",Blended Spices,2,8,5,VND-005,SRI SAI TRADERS - Region Alpha,80000,VALUE,1200,600,2.0,9060.0,156,"{""sellable"": 141.0, ""contingency"": null, ""pending_putaway"": 15.0, ""under_transfer"": null}",79,0.01,,"{""open_po_1"": {""promise_date"": null, ""orderedquantity"": 600.0, ""order_item_amount"": 4530.0, ""open_po_cases"": 1.0, ""mrp"": 10.0, ""price_per_unit"": 7.55, ""order_id"": ""PO-00039"", ""po_raising_drr"": 79.0, ""po_raising_total_space"": 1200.0, ""po_raising_final_available_space"": 1170.0, ""order_date"": ""2026-03-16""}}",600,4530.0,1.0,0,9,0,0.0,0.0,N/A,8.51,8.22,Band A,1.9746835443037976,756,13,1027,271,444,0,1,17,756
FC-001,Grounded Spices & Masalas,Everest Food Products Pvt Ltd,FC-Alpha,SKU-00407,"Everest Kashmirilal Chilli Powder, 100g Box",Pure Spices,2,8,5,VND-005,SRI SAI TRADERS - Region Alpha,80000,VALUE,480,120,4.0,35520.0,522,"{""sellable"": 485.0, ""contingency"": 37.0, ""pending_putaway"": null, ""under_transfer"": null}",0,0.1,,{},0,0.0,0.0,0,0,0,0.0,0.0,N/A,95.0,63.67,Band C,0.0,522,13,0,0,0,0,0,0,522
FC-001,Grounded Spices & Masalas,Everest Food Products Pvt Ltd,FC-Alpha,SKU-00437,"Everest Chaat Masala, 100g Box",Blended Spices,2,8,5,VND-005,SRI SAI TRADERS - Region Alpha,80000,VALUE,240,120,2.0,15096.0,84,"{""sellable"": 84.0, ""contingency"": null, ""pending_putaway"": null, ""under_transfer"": null}",3,0.06278,,{},0,0.0,0.0,120,68,1,7735.2,0.0075,FAIL,82.4,64.46,Band B,28.0,84,13,39,0,156,1,0,11,204
FC-001,Grounded Spices & Masalas,Everest Food Products Pvt Ltd,FC-Alpha,SKU-00531,"Everest Kitchen King Masala, 100g Box",Blended Spices,2,10,4,VND-005,SRI SAI TRADERS - Region Alpha,80000,VALUE,240,120,2.0,15984.0,208,"{""sellable"": 208.0, ""contingency"": null, ""pending_putaway"": null, ""under_transfer"": null}",2,0.117,,{},0,0.0,0.0,0,104,0,0.0,0.0,N/A,91.01,76.5,Band B,104.0,208,14,28,0,32,0,0,9,208
FC-001,Grounded Spices & Masalas,Everest Food Products Pvt Ltd,FC-Alpha,SKU-00535,"Everest Black Pepper, 50g Box",Pure Spices,2,15,4,VND-005,SRI SAI TRADERS - Region Alpha,80000,VALUE,240,120,2.0,14414.0,90,"{""sellable"": 90.0, ""contingency"": null, ""pending_putaway"": null, ""under_transfer"": null}",5,0.062,,{},0,0.0,0.0,120,42,1,7976.4,0.0074,FAIL,87.82,66.47,Band A,18.0,90,19,95,5,150,1,1,11,210
FC-001,Grounded Spices & Masalas,Everest Food Products Pvt Ltd,FC-Alpha,SKU-00536,"Everest Sabji Masala, 50g Box",Blended Spices,2,15,4,VND-005,SRI SAI TRADERS - Region Alpha,80000,VALUE,240,120,2.0,7022.0,5,"{""sellable"": 5.0, ""contingency"": null, ""pending_putaway"": null, ""under_transfer"": null}",43,0.063,,"{""open_po_1"": {""promise_date"": null, ""orderedquantity"": 240.0, ""order_item_amount"": 7022.4, ""open_po_cases"": 2.0, ""mrp"": 38.0, ""price_per_unit"": 29.259999999999998, ""order_id"": ""PO-00039"", ""po_raising_drr"": 43.0, ""po_raising_total_space"": 240.0, ""po_raising_final_available_space"": 240.0, ""order_date"": ""2026-03-16""}}",240,7022.0,2.0,0,5,0,0.0,0.0,N/A,36.25,29.45,Band A,0.11627906976744186,245,19,817,572,0,0,5,23,245
FC-001,Grounded Spices & Masalas,Everest Food Products Pvt Ltd,FC-Alpha,SKU-00537,"Everest Kitchen King Masala, 50g Box",Blended Spices,2,8,5,VND-005,SRI SAI TRADERS - Region Alpha,80000,VALUE,240,120,2.0,8686.0,143,"{""sellable"": 143.0, ""contingency"": null, ""pending_putaway"": null, ""under_transfer"": null}",4,0.062,,{},0,0.0,0.0,0,35,0,0.0,0.0,N/A,44.84,31.45,Band B,35.75,143,13,52,0,97,0,0,22,143
FC-001,Grounded Spices & Masalas,Everest Food Products Pvt Ltd,FC-Alpha,SKU-00538,"Everest Meat Masala, 50g Box",Blended Spices,2,8,5,VND-005,SRI SAI TRADERS - Region Alpha,80000,VALUE,240,120,2.0,8870.0,2,"{""sellable"": 2.0, ""contingency"": null, ""pending_putaway"": null, ""under_transfer"": null}",10,0.06,,"{""open_po_1"": {""promise_date"": null, ""orderedquantity"": 120.0, ""order_item_amount"": 4435.2, ""open_po_cases"": 1.0, ""mrp"": 48.0, ""price_per_unit"": 36.96, ""order_id"": ""PO-00039"", ""po_raising_drr"": 10.0, ""po_raising_total_space"": 240.0, ""po_raising_final_available_space"": 240.0, ""order_date"": ""2026-03-16""}}",120,4435.0,1.0,0,12,0,0.0,0.0,N/A,51.42,40.63,Band A,0.2,122,13,130,8,118,0,1,17,122
FC-001,Grounded Spices & Masalas,Everest Food Products Pvt Ltd,FC-Alpha,SKU-00539,"Everest Chicken Masala, 50g Box",Blended Spices,2,15,4,VND-005,SRI SAI TRADERS - Region Alpha,80000,VALUE,240,120,2.0,8870.0,163,"{""sellable"": 163.0, ""contingency"": null, ""pending_putaway"": null, ""under_transfer"": null}",9,0.063,,{},0,0.0,0.0,0,18,0,0.0,0.0,N/A,47.31,38.06,Band A,18.11111111111111,163,19,171,8,77,0,1,18,163
FC-001,Grounded Spices & Masalas,Everest Food Products Pvt Ltd,FC-Alpha,SKU-00540,"Everest Chicken Masala, 100g Box",Blended Spices,2,10,4,VND-005,SRI SAI TRADERS - Region Alpha,80000,VALUE,240,120,2.0,16339.0,123,"{""sellable"": 123.0, ""contingency"": null, ""pending_putaway"": null, ""under_transfer"": null}",2,0.118,,{},0,0.0,0.0,0,61,0,0.0,0.0,N/A,84.4,60.22,Band B,61.5,123,14,28,0,117,0,0,12,123
FC-001,Grounded Spices & Masalas,Everest Food Products Pvt Ltd,FC-Alpha,SKU-00541,"Everest Garam Masala, 50g Box",Blended Spices,2,15,4,VND-005,SRI SAI TRADERS - Region Alpha,80000,VALUE,240,120,2.0,9610.0,78,"{""sellable"": 78.0, ""contingency"": null, ""pending_putaway"": null, ""under_transfer"": null}",17,0.063,18/03/26,"{""open_po_1"": {""promise_date"": ""2026-03-18"", ""orderedquantity"": 120.0, ""order_item_amount"": 4804.8, ""open_po_cases"": 1.0, ""mrp"": 52.0, ""price_per_unit"": 40.04, ""order_id"": ""PO-00039"", ""po_raising_drr"": 17.0, ""po_raising_total_space"": 240.0, ""po_raising_final_available_space"": 186.0, ""order_date"": ""2026-03-16""}}",120,4805.0,1.0,0,11,0,0.0,0.0,N/A,51.26,35.16,Band A,4.588235294117647,198,19,323,125,42,0,2,19,198
FC-001,Grounded Spices & Masalas,Everest Food Products Pvt Ltd,FC-Alpha,SKU-00542,"Everest Garam Masala, 100g Box",Blended Spices,2,8,5,VND-005,SRI SAI TRADERS - Region Alpha,80000,VALUE,240,120,2.0,17760.0,180,"{""sellable"": 180.0, ""contingency"": null, ""pending_putaway"": null, ""under_transfer"": null}",2,0.121,,{},0,0.0,0.0,0,90,0,0.0,0.0,N/A,89.23,83.09,Band B,90.0,180,13,26,0,60,0,0,9,180
FC-001,Grounded Spices & Masalas,Everest Food Products Pvt Ltd,FC-Alpha,SKU-00543,"Everest Chaat Masala, 50g Box",Blended Spices,2,10,4,VND-005,SRI SAI TRADERS - Region Alpha,80000,VALUE,240,120,2.0,7946.0,0,"{""sellable"": null, ""contingency"": null, ""pending_putaway"": null, ""under_transfer"": null}",12,0.064,,"{""open_po_1"": {""promise_date"": null, ""orderedquantity"": 120.0, ""order_item_amount"": 3973.2, ""open_po_cases"": 1.0, ""mrp"": 43.0, ""price_per_unit"": 33.11, ""order_id"": ""PO-00039"", ""po_raising_drr"": 12.0, ""po_raising_total_space"": 240.0, ""po_raising_final_available_space"": 240.0, ""order_date"": ""2026-03-16""}}",120,3973.0,1.0,120,20,1,4174.8,0.0077,FAIL,38.83,34.79,Band A,0.0,120,14,168,48,120,1,1,20,240
FC-001,Grounded Spices & Masalas,Everest Food Products Pvt Ltd,FC-Alpha,SKU-00696,"Everest Kashmirilal Chilli Powder, 50g Box",Pure Spices,2,15,5,VND-005,SRI SAI TRADERS - Region Alpha,80000,VALUE,240,120,2.0,9612.0,77,"{""sellable"": 77.0, ""contingency"": null, ""pending_putaway"": null, ""under_transfer"": null}",5,0.068,,{},0,0.0,0.0,120,39,1,5281.2,0.0082,FAIL,51.97,44.01,Band A,15.4,77,20,100,23,163,1,1,16,197
FC-001,Grounded Spices & Masalas,Everest Food Products Pvt Ltd,FC-Alpha,SKU-00747,"Everest Tikhalal Hot & Red Chilli Powder, 100g Pack",Pure Spices,2,15,5,VND-005,SRI SAI TRADERS - Region Alpha,80000,VALUE,320,160,2.0,12874.0,124,"{""sellable"": 124.0, ""contingency"": null, ""pending_putaway"": null, ""under_transfer"": null}",19,0.103,,"{""open_po_1"": {""promise_date"": null, ""orderedquantity"": 160.0, ""order_item_amount"": 6436.8, ""open_po_cases"": 1.0, ""mrp"": 54.0, ""price_per_unit"": 40.230000000000004, ""order_id"": ""PO-00039"", ""po_raising_drr"": 19.0, ""po_raising_total_space"": 320.0, ""po_raising_final_available_space"": 205.0, ""order_date"": ""2026-03-16""}}",160,6437.0,1.0,0,14,0,0.0,0.0,N/A,52.69,44.8,Band A,6.526315789473684,284,20,380,96,36,0,1,12,284
FC-001,Grounded Spices & Masalas,Everest Food Products Pvt Ltd,FC-Alpha,SKU-00749,"Everest Turmeric Powder, 100g Pack",Pure Spices,2,15,4,VND-005,SRI SAI TRADERS - Region Alpha,80000,VALUE,320,160,2.0,9059.0,103,"{""sellable"": 103.0, ""contingency"": null, ""pending_putaway"": null, ""under_transfer"": null}",25,0.103,,"{""open_po_1"": {""promise_date"": null, ""orderedquantity"": 160.0, ""order_item_amount"": 4529.6, ""open_po_cases"": 1.0, ""mrp"": 38.0, ""price_per_unit"": 28.310000000000002, ""order_id"": ""PO-00039"", ""po_raising_drr"": 25.0, ""po_raising_total_space"": 320.0, ""po_raising_final_available_space"": 242.0, ""order_date"": ""2026-03-16""}}",160,4530.0,1.0,0,10,0,0.0,0.0,N/A,42.73,28.92,Band A,4.12,263,19,475,212,57,0,2,18,263
FC-001,Grounded Spices & Masalas,Everest Food Products Pvt Ltd,FC-Alpha,SKU-00761,"Everest Tikhalal Hot & Red Chilli Powder, 10Rs Sachet",Pure Spices,2,8,5,VND-005,SRI SAI TRADERS - Region Alpha,80000,VALUE,960,480,2.0,7248.0,448,"{""sellable"": 448.0, ""contingency"": null, ""pending_putaway"": null, ""under_transfer"": null}",6,0.023,,{},0,0.0,0.0,480,154,1,3643.2,0.011,FAIL,9.59,7.59,Band C,74.66666666666667,448,13,78,0,512,1,0,22,928
FC-001,Grounded Spices & Masalas,Everest Food Products Pvt Ltd,FC-Alpha,SKU-00821,"Everest Cumin Powder, 50g Pack",Pure Spices,2,15,4,VND-005,SRI SAI TRADERS - Region Alpha,80000,VALUE,240,120,2.0,13121.0,145,"{""sellable"": 140.0, ""contingency"": null, ""pending_putaway"": null, ""under_transfer"": null}",8,0.052,,{},0,0.0,0.0,0,18,0,0.0,0.0,N/A,72.72,53.53,Band A,18.125,145,19,152,7,95,0,1,13,145
FC-001,Grounded Spices & Masalas,Everest Food Products Pvt Ltd,FC-Alpha,SKU-00822,"Everest Coriander Powder, 100g Pack",Pure Spices,2,15,5,VND-005,SRI SAI TRADERS - Region Alpha,80000,VALUE,320,160,2.0,9536.0,0,"{""sellable"": null, ""contingency"": null, ""pending_putaway"": null, ""under_transfer"": null}",19,0.1,,"{""open_po_1"": {""promise_date"": null, ""orderedquantity"": 320.0, ""order_item_amount"": 9536.0, ""open_po_cases"": 2.0, ""mrp"": 40.0, ""price_per_unit"": 29.8, ""order_id"": ""PO-00039"", ""po_raising_drr"": 19.0, ""po_raising_total_space"": 320.0, ""po_raising_final_available_space"": 320.0, ""order_date"": ""2026-03-16""}}",320,9536.0,2.0,0,16,0,0.0,0.0,N/A,41.59,28.16,Band A,0.0,320,20,380,60,0,0,1,18,320
FC-001,Grounded Spices & Masalas,Everest Food Products Pvt Ltd,FC-Alpha,SKU-00841,"Everest Meat Masala, 100g Box",Blended Spices,2,10,4,VND-005,SRI SAI TRADERS - Region Alpha,80000,VALUE,240,120,2.0,16339.0,128,"{""sellable"": 128.0, ""contingency"": null, ""pending_putaway"": null, ""under_transfer"": null}",2,0.117,,{},0,0.0,0.0,0,64,0,0.0,0.0,N/A,78.56,66.74,Band B,64.0,128,14,28,0,112,0,0,10,128
FC-001,Grounded Spices & Masalas,Everest Food Products Pvt Ltd,FC-Alpha,SKU-00842,"Everest Sabji Masala, 100g Box",Blended Spices,2,15,5,VND-005,SRI SAI TRADERS - Region Alpha,80000,VALUE,240,120,2.0,12787.0,28,"{""sellable"": 28.0, ""contingency"": null, ""pending_putaway"": null, ""under_transfer"": null}",4,0.121,,{},0,0.0,0.0,120,37,1,6919.2,0.0145,FAIL,75.53,57.66,Band A,7.0,28,20,80,52,212,1,1,12,148
FC-001,Grounded Spices & Masalas,Everest Food Products Pvt Ltd,FC-Alpha,SKU-00987,"Everest Chicken Biryani Masala, 10Rs Pack",Blended Spices,2,8,5,VND-005,SRI SAI TRADERS - Region Alpha,80000,VALUE,1200,600,2.0,9060.0,886,"{""sellable"": 886.0, ""contingency"": null, ""pending_putaway"": null, ""under_transfer"": null}",16,0.009,,{},0,0.0,0.0,0,55,0,0.0,0.0,N/A,9.03,7.78,Band B,55.375,886,13,208,0,314,0,0,18,886
FC-001,Grounded Spices & Masalas,Everest Food Products Pvt Ltd,FC-Alpha,SKU-01004,"Everest Sabji Masala, 10g Pack",Blended Spices,2,15,4,VND-005,SRI SAI TRADERS - Region Alpha,80000,VALUE,2400,1200,2.0,9048.0,946,"{""sellable"": 946.0, ""contingency"": null, ""pending_putaway"": null, ""under_transfer"": null}",117,0.01,,{},0,0.0,0.0,1200,18,1,5052.0,0.012,FAIL,5.69,4.21,Band A,8.085470085470085,946,19,2223,1277,1454,1,2,16,2146
FC-001,Grounded Spices & Masalas,Everest Food Products Pvt Ltd,FC-Alpha,SKU-01016,"Everest Coriander Powder, 50g Pack",Pure Spices,2,15,4,VND-005,SRI SAI TRADERS - Region Alpha,80000,VALUE,400,200,2.0,6260.0,125,"{""sellable"": 125.0, ""contingency"": null, ""pending_putaway"": null, ""under_transfer"": null}",30,0.051,,"{""open_po_1"": {""promise_date"": null, ""orderedquantity"": 200.0, ""order_item_amount"": 3130.0, ""open_po_cases"": 1.0, ""mrp"": 21.0, ""price_per_unit"": 15.65, ""order_id"": ""PO-00039"", ""po_raising_drr"": 30.0, ""po_raising_total_space"": 400.0, ""po_raising_final_available_space"": 305.0, ""order_date"": ""2026-03-16""}}",200,3130.0,1.0,0,10,0,0.0,0.0,N/A,18.79,15.38,Band A,4.166666666666667,325,19,570,245,75,0,2,27,325
FC-001,Grounded Spices & Masalas,Everest Food Products Pvt Ltd,FC-Alpha,SKU-01034,"Everest Cumin Powder, 10g Sachet",Pure Spices,2,10,4,VND-005,SRI SAI TRADERS - Region Alpha,80000,VALUE,2400,1200,2.0,9048.0,1206,"{""sellable"": 1206.0, ""contingency"": null, ""pending_putaway"": null, ""under_transfer"": null}",85,0.012,,{},0,0.0,0.0,0,14,0,0.0,0.0,N/A,4.87,3.89,Band B,14.188235294117646,1206,14,1190,0,1194,0,0,18,1206
FC-001,Grounded Spices & Masalas,Everest Food Products Pvt Ltd,FC-Alpha,SKU-01036,"Everest Turmeric Powder, 50g Pack",Pure Spices,2,15,4,VND-005,SRI SAI TRADERS - Region Alpha,80000,VALUE,400,200,2.0,6636.0,170,"{""sellable"": 160.0, ""contingency"": null, ""pending_putaway"": 10.0, ""under_transfer"": null}",24,0.05,18/03/26,"{""open_po_1"": {""promise_date"": ""2026-03-18"", ""orderedquantity"": 200.0, ""order_item_amount"": 3318.0, ""open_po_cases"": 1.0, ""mrp"": 22.0, ""price_per_unit"": 16.59, ""order_id"": ""PO-00039"", ""po_raising_drr"": 24.0, ""po_raising_total_space"": 400.0, ""po_raising_final_available_space"": 268.0, ""order_date"": ""2026-03-16""}}",200,3318.0,1.0,0,15,0,0.0,0.0,N/A,19.26,17.24,Band A,7.083333333333333,370,19,456,86,30,0,1,24,370
FC-001,Grounded Spices & Masalas,Everest Food Products Pvt Ltd,FC-Alpha,SKU-01046,"Everest Garam Masala, 8g Pack",Blended Spices,2,15,4,VND-005,SRI SAI TRADERS - Region Alpha,80000,VALUE,2400,1200,2.0,9048.0,160,"{""sellable"": 140.0, ""contingency"": null, ""pending_putaway"": 20.0, ""under_transfer"": null}",242,0.009,18/03/26,"{""open_po_1"": {""promise_date"": ""2026-03-18"", ""orderedquantity"": 1200.0, ""order_item_amount"": 4524.0, ""open_po_cases"": 1.0, ""mrp"": 5.0, ""price_per_unit"": 3.77, ""order_id"": ""PO-00039"", ""po_raising_drr"": 242.0, ""po_raising_total_space"": 2400.0, ""po_raising_final_available_space"": 2384.0, ""order_date"": ""2026-03-16""}}",1200,4524.0,1.0,0,5,0,0.0,0.0,N/A,5.75,3.87,Band A,0.6611570247933884,1360,19,4598,3238,1040,0,3,18,1360
FC-001,Grounded Spices & Masalas,Everest Food Products Pvt Ltd,FC-Alpha,SKU-01047,"Everest Meat Masala, 8g Sachet",Blended Spices,2,15,4,VND-005,SRI SAI TRADERS - Region Alpha,80000,VALUE,2400,1200,2.0,9048.0,260,"{""sellable"": 240.0, ""contingency"": null, ""pending_putaway"": 20.0, ""under_transfer"": null}",211,0.009,18/03/26,"{""open_po_1"": {""promise_date"": ""2026-03-18"", ""orderedquantity"": 1200.0, ""order_item_amount"": 4524.0, ""open_po_cases"": 1.0, ""mrp"": 5.0, ""price_per_unit"": 3.77, ""order_id"": ""PO-00039"", ""po_raising_drr"": 211.0, ""po_raising_total_space"": 2400.0, ""po_raising_final_available_space"": 2311.0, ""order_date"": ""2026-03-16""}}",1200,4524.0,1.0,0,6,0,0.0,0.0,N/A,5.0,4.0,Band A,1.2322274881516588,1460,19,4009,2549,940,0,3,17,1460
FC-001,Grounded Spices & Masalas,Everest Food Products Pvt Ltd,FC-Alpha,SKU-01048,"Everest Tikhalal Hot & Red Chilli Powder, 5Rs Sachet",Pure Spices,2,15,4,VND-005,SRI SAI TRADERS - Region Alpha,80000,VALUE,2400,1200,2.0,9048.0,1504,"{""sellable"": 1504.0, ""contingency"": null, ""pending_putaway"": null, ""under_transfer"": null}",239,0.008,18/03/26,"{""open_po_1"": {""promise_date"": ""2026-03-18"", ""orderedquantity"": 1200.0, ""order_item_amount"": 4524.0, ""open_po_cases"": 1.0, ""mrp"": 5.0, ""price_per_unit"": 3.77, ""order_id"": ""PO-00039"", ""po_raising_drr"": 239.0, ""po_raising_total_space"": 2400.0, ""po_raising_final_available_space"": 1254.0, ""order_date"": ""2026-03-16""}}",1200,4524.0,1.0,0,11,0,0.0,0.0,N/A,5.14,3.47,Band A,6.292887029288703,2704,19,4541,1837,0,0,2,20,2704
FC-001,Grounded Spices & Masalas,Everest Food Products Pvt Ltd,FC-Alpha,SKU-01065,"Everest Chaat Masala, 12g Pack",Blended Spices,2,12,4,VND-005,SRI SAI TRADERS - Region Alpha,80000,VALUE,2400,1200,2.0,9048.0,1250,"{""sellable"": 1250.0, ""contingency"": null, ""pending_putaway"": null, ""under_transfer"": null}",143,0.01,,{},0,0.0,0.0,0,8,0,0.0,0.0,N/A,4.35,3.78,Band A,8.741258741258742,1250,16,2288,1038,1150,0,1,18,1250
FC-001,Grounded Spices & Masalas,Everest Food Products Pvt Ltd,FC-Alpha,SKU-01077,"Everest Shahi Paneer Masala, 15g Pack",Ready Masala,2,8,5,VND-005,SRI SAI TRADERS - Region Alpha,80000,VALUE,1200,600,2.0,9060.0,158,"{""sellable"": 158.0, ""contingency"": null, ""pending_putaway"": null, ""under_transfer"": null}",21,0.014,18/03/26,"{""open_po_1"": {""promise_date"": ""2026-03-18"", ""orderedquantity"": 600.0, ""order_item_amount"": 4530.0, ""open_po_cases"": 1.0, ""mrp"": 10.0, ""price_per_unit"": 7.55, ""order_id"": ""PO-00039"", ""po_raising_drr"": 21.0, ""po_raising_total_space"": 1200.0, ""po_raising_final_available_space"": 1074.0, ""order_date"": ""2026-03-16""}}",600,4530.0,1.0,0,36,0,0.0,0.0,N/A,10.75,6.65,Band B,7.523809523809524,758,13,273,0,442,0,0,21,758
FC-001,"Biscuit, Confectionary & Snacks",Pramod Multifood Pvt Ltd,FC-Alpha,SKU-00179,"Pramod Aloo Bhujia, 32g Pack",Namkeens,2,12,6,VND-026,MUSHKAN ENTERPRISES - Region Alpha,60000,VALUE,500,250,2.0,3900.0,8,"{""sellable"": 8.0, ""contingency"": null, ""pending_putaway"": null, ""under_transfer"": null}",13,0.032,12/03/26,"{""open_po_1"": {""promise_date"": ""2026-03-12"", ""orderedquantity"": 250.0, ""order_item_amount"": 1950.0, ""open_po_cases"": 1.0, ""mrp"": 10.0, ""price_per_unit"": 7.8, ""order_id"": ""PO-00004"", ""po_raising_drr"": 17.0, ""po_raising_total_space"": 500.0, ""po_raising_final_available_space"": 413.0, ""order_date"": ""2026-03-10""}}",250,1950.0,1.0,0,19,0,0.0,0.0,N/A,9.54,7.65,Band B,0.6153846153846154,258,18,234,0,242,0,0,32,258
FC-001,"Biscuit, Confectionary & Snacks",Pramod Multifood Pvt Ltd,FC-Alpha,SKU-00180,"Pramod Khatta Mitha, 35g Pack",Namkeens,2,9,4,VND-026,MUSHKAN ENTERPRISES - Region Alpha,60000,VALUE,500,250,2.0,3900.0,387,"{""sellable"": 383.0, ""contingency"": null, ""pending_putaway"": null, ""under_transfer"": null}",14,0.035,,{},0,0.0,0.0,0,27,0,0.0,0.0,N/A,10.85,8.42,Band B,27.642857142857142,387,13,182,0,113,0,0,29,387
FC-001,"Biscuit, Confectionary & Snacks",Pramod Multifood Pvt Ltd,FC-Alpha,SKU-00181,"Pramod Bihari Jayka, 42g Pack",Namkeens,2,15,4,VND-026,MUSHKAN ENTERPRISES - Region Alpha,60000,VALUE,1000,250,4.0,7800.0,57,"{""sellable"": 57.0, ""contingency"": null, ""pending_putaway"": null, ""under_transfer"": null}",247,0.042,12/03/26,"{""open_po_1"": {""promise_date"": ""2026-03-12"", ""orderedquantity"": 250.0, ""order_item_amount"": 1950.0, ""open_po_cases"": 1.0, ""mrp"": 10.0, ""price_per_unit"": 7.8, ""order_id"": ""PO-00004"", ""po_raising_drr"": 46.0, ""po_raising_total_space"": 1000.0, ""po_raising_final_available_space"": 289.0, ""order_date"": ""2026-03-10""}}",250,1950.0,1.0,500,3,2,4030.0,0.021,FAIL,10.37,8.06,Band A,0.23076923076923078,307,19,4693,4386,693,2,18,30,807
FC-001,"Biscuit, Confectionary & Snacks",Pramod Multifood Pvt Ltd,FC-Alpha,SKU-00182,"Pramod Badam Pakori, 32g Pack",Namkeens,2,12,6,VND-026,MUSHKAN ENTERPRISES - Region Alpha,60000,VALUE,500,250,2.0,3900.0,171,"{""sellable"": 169.0, ""contingency"": null, ""pending_putaway"": null, ""under_transfer"": null}",0,0.032,,{},0,0.0,0.0,0,0,0,0.0,0.0,N/A,11.35,8.39,Band C,0.0,171,18,0,0,329,1,0,0,171
FC-001,"Biscuit, Confectionary & Snacks",Pramod Multifood Pvt Ltd,FC-Alpha,SKU-00183,"Pramod Mixture, 42g Pack",Mixtures,2,9,4,VND-026,MUSHKAN ENTERPRISES - Region Alpha,60000,VALUE,500,250,2.0,3900.0,770,"{""sellable"": 20.0, ""contingency"": 750.0, ""pending_putaway"": null, ""under_transfer"": null}",36,0.042,,{},0,0.0,0.0,0,21,0,0.0,0.0,N/A,11.28,8.87,Band A,21.38888888888889,770,13,468,0,0,0,0,28,770
FC-001,"Biscuit, Confectionary & Snacks",Pramod Multifood Pvt Ltd,FC-Alpha,SKU-00184,"Pramod Moong Dal, 30g Pack",Namkeens,2,12,6,VND-026,MUSHKAN ENTERPRISES - Region Alpha,60000,VALUE,500,250,2.0,3900.0,53,"{""sellable"": 33.0, ""contingency"": null, ""pending_putaway"": null, ""under_transfer"": null}",22,0.03,12/03/26,"{""open_po_1"": {""promise_date"": ""2026-03-12"", ""orderedquantity"": 250.0, ""order_item_amount"": 1950.0, ""open_po_cases"": 1.0, ""mrp"": 10.0, ""price_per_unit"": 7.8, ""order_id"": ""PO-00004"", ""po_raising_drr"": 16.0, ""po_raising_total_space"": 500.0, ""po_raising_final_available_space"": 289.0, ""order_date"": ""2026-03-10""}}",250,1950.0,1.0,0,13,0,0.0,0.0,N/A,9.27,6.76,Band B,2.409090909090909,303,18,396,93,197,0,1,36,303
FC-001,"Biscuit, Confectionary & Snacks",Pramod Multifood Pvt Ltd,FC-Alpha,SKU-00185,"Pramod Lite Chiwda, 48g Pack",Namkeens,2,9,4,VND-026,MUSHKAN ENTERPRISES - Region Alpha,60000,VALUE,250,250,1.0,1950.0,0,"{""sellable"": null, ""contingency"": null, ""pending_putaway"": null, ""under_transfer"": null}",0,0.048,,{},0,0.0,0.0,0,0,0,0.0,0.0,N/A,11.44,7.24,,0.0,0,13,0,0,250,1,0,0,0
FC-001,"Biscuit, Confectionary & Snacks",Pramod Multifood Pvt Ltd,FC-Alpha,SKU-00186,"Pramod Punjabi Tadka, 35g Pack",Namkeens,2,12,6,VND-026,MUSHKAN ENTERPRISES - Region Alpha,60000,VALUE,500,250,2.0,3900.0,35,"{""sellable"": 10.0, ""contingency"": null, ""pending_putaway"": null, ""under_transfer"": null}",27,0.035,12/03/26,"{""open_po_1"": {""promise_date"": ""2026-03-12"", ""orderedquantity"": 500.0, ""order_item_amount"": 3900.0, ""open_po_cases"": 2.0, ""mrp"": 10.0, ""price_per_unit"": 7.8, ""order_id"": ""PO-00004"", ""po_raising_drr"": 47.0, ""po_raising_total_space"": 500.0, ""po_raising_final_available_space"": 500.0, ""order_date"": ""2026-03-10""}}",500,3900.0,2.0,0,19,0,0.0,0.0,N/A,9.49,8.75,Band B,1.2962962962962963,535,18,486,0,0,0,0,28,535
FC-001,"Biscuit, Confectionary & Snacks",Pramod Multifood Pvt Ltd,FC-Alpha,SKU-00187,"Pramod Umang Classic Mixture, 42g Pack",Mixtures,2,9,4,VND-026,MUSHKAN ENTERPRISES - Region Alpha,60000,VALUE,500,250,2.0,3900.0,25,"{""sellable"": null, ""contingency"": null, ""pending_putaway"": null, ""under_transfer"": null}",16,0.042,12/03/26,"{""open_po_1"": {""promise_date"": ""2026-03-12"", ""orderedquantity"": 250.0, ""order_item_amount"": 1950.0, ""open_po_cases"": 1.0, ""mrp"": 10.0, ""price_per_unit"": 7.8, ""order_id"": ""PO-00004"", ""po_raising_drr"": 28.0, ""po_raising_total_space"": 500.0, ""po_raising_final_available_space"": 500.0, ""order_date"": ""2026-03-10""}}",250,1950.0,1.0,0,17,0,0.0,0.0,N/A,9.22,7.27,Band B,1.5625,275,13,208,0,225,0,0,34,275
FC-001,"Biscuit, Confectionary & Snacks",Pramod Multifood Pvt Ltd,FC-Alpha,SKU-00188,"Pramod Bhujia, 32g Pack",Namkeens,2,9,4,VND-026,MUSHKAN ENTERPRISES - Region Alpha,60000,VALUE,500,250,2.0,3900.0,66,"{""sellable"": 66.0, ""contingency"": null, ""pending_putaway"": null, ""under_transfer"": null}",21,0.032,12/03/26,"{""open_po_1"": {""promise_date"": ""2026-03-12"", ""orderedquantity"": 250.0, ""order_item_amount"": 1950.0, ""open_po_cases"": 1.0, ""mrp"": 10.0, ""price_per_unit"": 7.8, ""order_id"": ""PO-00004"", ""po_raising_drr"": 22.0, ""po_raising_total_space"": 500.0, ""po_raising_final_available_space"": 292.0, ""order_date"": ""2026-03-10""}}",250,1950.0,1.0,0,15,0,0.0,0.0,N/A,8.89,7.68,Band B,3.142857142857143,316,13,273,0,184,0,0,32,316
FC-001,"Biscuit, Confectionary & Snacks",Pramod Multifood Pvt Ltd,FC-Alpha,SKU-00189,"Pramod Khasta Mixture, 40g Pack",Mixtures,2,15,4,VND-026,MUSHKAN ENTERPRISES - Region Alpha,60000,VALUE,1000,250,4.0,7800.0,15,"{""sellable"": 15.0, ""contingency"": null, ""pending_putaway"": null, ""under_transfer"": null}",116,0.04,12/03/26,"{""open_po_1"": {""promise_date"": ""2026-03-12"", ""orderedquantity"": 750.0, ""order_item_amount"": 5850.0, ""open_po_cases"": 3.0, ""mrp"": 10.0, ""price_per_unit"": 7.8, ""order_id"": ""PO-00004"", ""po_raising_drr"": 236.0, ""po_raising_total_space"": 1000.0, ""po_raising_final_available_space"": 907.0, ""order_date"": ""2026-03-10""}, ""open_po_2"": {""promise_date"": null, ""orderedquantity"": 250.0, ""order_item_amount"": 1950.0, ""open_po_cases"": 1.0, ""mrp"": 10.0, ""price_per_unit"": 7.8, ""order_id"": ""PO-00038"", ""po_raising_drr"": 116.0, ""po_raising_total_space"": 1000.0, ""po_raising_final_available_space"": 467.0, ""order_date"": ""2026-03-16""}}",1000,7800.0,4.0,0,8,0,0.0,0.0,N/A,8.96,6.78,Band A,0.12931034482758622,1015,19,2204,1189,0,0,5,36,1015
FC-001,"Biscuit, Confectionary & Snacks",Pramod Multifood Pvt Ltd,FC-Alpha,SKU-00190,"Pramod Umang Classic Mixture, 400g Standup Pouch",Mixtures,2,15,4,VND-026,MUSHKAN ENTERPRISES - Region Alpha,60000,VALUE,60,30,2.0,5072.0,4,"{""sellable"": 4.0, ""contingency"": null, ""pending_putaway"": null, ""under_transfer"": null}",6,0.4,,"{""open_po_1"": {""promise_date"": null, ""orderedquantity"": 60.0, ""order_item_amount"": 5071.8, ""open_po_cases"": 2.0, ""mrp"": 107.0, ""price_per_unit"": 84.53, ""order_id"": ""PO-00038"", ""po_raising_drr"": 6.0, ""po_raising_total_space"": 60.0, ""po_raising_final_available_space"": 60.0, ""order_date"": ""2026-03-16""}}",60,5072.0,2.0,0,10,0,0.0,0.0,N/A,111.52,72.7,Band A,0.6666666666666666,64,19,114,50,0,0,2,28,64
FC-001,"Biscuit, Confectionary & Snacks",Pramod Multifood Pvt Ltd,FC-Alpha,SKU-00191,"Pramod Umang Classic Mixture, 150g Pack",Mixtures,2,12,6,VND-026,MUSHKAN ENTERPRISES - Region Alpha,60000,VALUE,120,60,2.0,3034.0,4,"{""sellable"": null, ""contingency"": null, ""pending_putaway"": 4.0, ""under_transfer"": null}",7,0.15,18/03/26,"{""open_po_1"": {""promise_date"": ""2026-03-18"", ""orderedquantity"": 60.0, ""order_item_amount"": 1516.8, ""open_po_cases"": 1.0, ""mrp"": 32.0, ""price_per_unit"": 25.279999999999998, ""order_id"": ""PO-00038"", ""po_raising_drr"": 7.0, ""po_raising_total_space"": 120.0, ""po_raising_final_available_space"": 120.0, ""order_date"": ""2026-03-16""}}",60,1517.0,1.0,0,9,0,0.0,0.0,N/A,30.52,28.36,Band B,0.5714285714285714,64,18,126,62,56,0,2,36,64
FC-001,"Biscuit, Confectionary & Snacks",Pramod Multifood Pvt Ltd,FC-Alpha,SKU-00192,"Pramod Bhujia, 400g Standup Pouch",Namkeens,2,9,4,VND-026,MUSHKAN ENTERPRISES - Region Alpha,60000,VALUE,28,14,2.0,2323.0,0,"{""sellable"": null, ""contingency"": null, ""pending_putaway"": null, ""under_transfer"": null}",1,0.4,12/03/26,"{""open_po_1"": {""promise_date"": ""2026-03-12"", ""orderedquantity"": 14.0, ""order_item_amount"": 1161.72, ""open_po_cases"": 1.0, ""mrp"": 105.0, ""price_per_unit"": 82.98, ""order_id"": ""PO-00004"", ""po_raising_drr"": 1.0, ""po_raising_total_space"": 28.0, ""po_raising_final_available_space"": 19.0, ""order_date"": ""2026-03-10""}}",14,1162.0,1.0,14,28,1,1173.06,0.0056,FAIL,104.18,83.79,Band C,0.0,14,13,13,0,14,1,0,52,28
FC-001,"Biscuit, Confectionary & Snacks",Pramod Multifood Pvt Ltd,FC-Alpha,SKU-00193,"Pramod Masala Sev, 400g Standup Pouch",Namkeens,2,9,4,VND-026,MUSHKAN ENTERPRISES - Region Alpha,60000,VALUE,14,14,1.0,1183.0,0,"{""sellable"": null, ""contingency"": null, ""pending_putaway"": null, ""under_transfer"": null}",0,0.4,,"{""open_po_1"": {""promise_date"": null, ""orderedquantity"": 14.0, ""order_item_amount"": 1183.42, ""open_po_cases"": 1.0, ""mrp"": 107.0, ""price_per_unit"": 84.53, ""order_id"": ""PO-00038"", ""po_raising_drr"": 0.0, ""po_raising_total_space"": 14.0, ""po_raising_final_available_space"": 14.0, ""order_date"": ""2026-03-16""}}",14,1183.0,1.0,0,0,0,0.0,0.0,N/A,96.48,80.66,,0.0,14,13,0,0,0,0,0,0,14
FC-001,"Biscuit, Confectionary & Snacks",Pramod Multifood Pvt Ltd,FC-Alpha,SKU-00194,"Pramod Aloo Bhujia, 16g Pack",Namkeens,2,12,6,VND-026,MUSHKAN ENTERPRISES - Region Alpha,60000,VALUE,960,480,2.0,3744.0,0,"{""sellable"": null, ""contingency"": null, ""pending_putaway"": null, ""under_transfer"": null}",43,0.016,12/03/26,"{""open_po_1"": {""promise_date"": ""2026-03-12"", ""orderedquantity"": 480.0, ""order_item_amount"": 1872.0, ""open_po_cases"": 1.0, ""mrp"": 5.0, ""price_per_unit"": 3.9, ""order_id"": ""PO-00004"", ""po_raising_drr"": 99.0, ""po_raising_total_space"": 960.0, ""po_raising_final_available_space"": 958.0, ""order_date"": ""2026-03-10""}}",480,1872.0,1.0,480,22,1,1603.2,0.0077,FAIL,4.31,3.34,Band B,0.0,480,18,774,294,480,1,1,38,960
FC-001,"Biscuit, Confectionary & Snacks",Pramod Multifood Pvt Ltd,FC-Alpha,SKU-00195,"Pramod Badam Pakori, 16g Pack",Namkeens,2,12,6,VND-026,MUSHKAN ENTERPRISES - Region Alpha,60000,VALUE,960,480,2.0,3744.0,275,"{""sellable"": 275.0, ""contingency"": null, ""pending_putaway"": null, ""under_transfer"": null}",44,0.016,18/03/26,"{""open_po_1"": {""promise_date"": ""2026-03-18"", ""orderedquantity"": 480.0, ""order_item_amount"": 1872.0, ""open_po_cases"": 1.0, ""mrp"": 5.0, ""price_per_unit"": 3.9, ""order_id"": ""PO-00038"", ""po_raising_drr"": 44.0, ""po_raising_total_space"": 960.0, ""po_raising_final_available_space"": 733.0, ""order_date"": ""2026-03-16""}}",480,1872.0,1.0,0,17,0,0.0,0.0,N/A,4.67,4.44,Band B,6.25,755,18,792,37,205,0,1,29,755
FC-001,"Biscuit, Confectionary & Snacks",Pramod Multifood Pvt Ltd,FC-Alpha,SKU-00196,"Pramod Mixture, 200g Pack",Mixtures,2,9,4,VND-026,MUSHKAN ENTERPRISES - Region Alpha,60000,VALUE,120,60,2.0,4456.0,3,"{""sellable"": 3.0, ""contingency"": null, ""pending_putaway"": null, ""under_transfer"": null}",16,0.2,,"{""open_po_1"": {""promise_date"": null, ""orderedquantity"": 120.0, ""order_item_amount"": 4455.6, ""open_po_cases"": 2.0, ""mrp"": 47.0, ""price_per_unit"": 37.13, ""order_id"": ""PO-00038"", ""po_raising_drr"": 16.0, ""po_raising_total_space"": 120.0, ""po_raising_final_available_space"": 120.0, ""order_date"": ""2026-03-16""}}",120,4456.0,2.0,0,7,0,0.0,0.0,N/A,48.3,42.0,Band A,0.1875,123,13,208,85,0,0,2,24,123
FC-001,"Biscuit, Confectionary & Snacks",Pramod Multifood Pvt Ltd,FC-Alpha,SKU-00197,"Pramod Chini Chor Mixture, 22g Pack",Mixtures,2,9,4,VND-026,MUSHKAN ENTERPRISES - Region Alpha,60000,VALUE,960,480,2.0,3744.0,408,"{""sellable"": 408.0, ""contingency"": null, ""pending_putaway"": null, ""under_transfer"": null}",62,0.022,,{},0,0.0,0.0,480,14,1,1824.0,0.0106,FAIL,4.94,3.8,Band B,6.580645161290323,408,13,806,398,552,1,1,33,888
FC-001,Grounded Spices & Masalas,Nestle India Ltd,FC-Alpha,SKU-00391,"Maggi Masala-a-Magic Aromatic Roasted Spices, 72g Pack",Blended Spices,4,15,4,VND-043,NESTLE INDIA LTD - Region Alpha,10000,CASES,60,60,1.0,3203.0,4,"{""sellable"": 2.0, ""contingency"": null, ""pending_putaway"": null, ""under_transfer"": null}",0,0.091,,{},0,0.0,0.0,0,0,0,0.0,0.0,N/A,62.86,48.89,Band C,0.0,4,19,0,0,56,0,0,0,4
FC-001,Grounded Spices & Masalas,Nestle India Ltd,FC-Alpha,SKU-00693,"Maggi Masala-a-Magic Aromatic Roasted Spices, 6g Sachet",Blended Spices,4,17,4,VND-043,NESTLE INDIA LTD - Region Alpha,10000,CASES,3840,1920,2.0,17088.0,80,"{""sellable"": 20.0, ""contingency"": null, ""pending_putaway"": 60.0, ""under_transfer"": null}",1058,0.007,19/03/26,"{""open_po_1"": {""promise_date"": ""2026-03-19"", ""orderedquantity"": 3840.0, ""order_item_amount"": 17088.0, ""open_po_cases"": 2.0, ""mrp"": 5.0, ""price_per_unit"": 4.45, ""order_id"": ""PO-00054"", ""po_raising_drr"": 1142.0, ""po_raising_total_space"": 3840.0, ""po_raising_final_available_space"": 3840.0, ""order_date"": ""2026-03-14""}}",3840,17088.0,2.0,0,3,0,0.0,0.0,N/A,4.29,3.83,Band A,0.07561436672967864,3920,21,22218,18298,0,0,10,10000,3920
FC-001,"Biscuit, Confectionary & Snacks",Pramod Multifood Pvt Ltd,FC-Alpha,SKU-00198,"Pramod Bhujia, 15g Pack",Namkeens,2,15,4,VND-026,MUSHKAN ENTERPRISES - Region Alpha,60000,VALUE,960,480,2.0,3744.0,100,"{""sellable"": 100.0, ""contingency"": null, ""pending_putaway"": null, ""under_transfer"": null}",57,0.015,12/03/26,"{""open_po_1"": {""promise_date"": ""2026-03-12"", ""orderedquantity"": 960.0, ""order_item_amount"": 3744.0, ""open_po_cases"": 2.0, ""mrp"": 5.0, ""price_per_unit"": 3.9, ""order_id"": ""PO-00004"", ""po_raising_drr"": 136.0, ""po_raising_total_space"": 960.0, ""po_raising_final_available_space"": 960.0, ""order_date"": ""2026-03-10""}}",960,3744.0,2.0,0,18,0,0.0,0.0,N/A,4.8,4.17,Band A,1.7543859649122806,1060,19,1083,23,0,0,1,30,1060
FC-001,"Biscuit, Confectionary & Snacks",Pramod Multifood Pvt Ltd,FC-Alpha,SKU-00199,"Pramod Chana Muri, 25g Pack",Namkeens,2,9,4,VND-026,MUSHKAN ENTERPRISES - Region Alpha,60000,VALUE,384,384,1.0,1336.0,4,"{""sellable"": null, ""contingency"": null, ""pending_putaway"": 4.0, ""under_transfer"": null}",75,0.025,,{},0,0.0,0.0,0,0,0,0.0,0.0,N/A,5.29,3.23,Band C,0.05333333333333334,4,13,975,971,380,0,3,49,4
FC-001,"Biscuit, Confectionary & Snacks",Pramod Multifood Pvt Ltd,FC-Alpha,SKU-00200,"Pramod Khasta Mixture, 20g Pack",Mixtures,2,15,4,VND-026,MUSHKAN ENTERPRISES - Region Alpha,60000,VALUE,960,480,2.0,3744.0,43,"{""sellable"": 11.0, ""contingency"": null, ""pending_putaway"": 32.0, ""under_transfer"": null}",79,0.02,12/03/26,"{""open_po_1"": {""promise_date"": ""2026-03-12"", ""orderedquantity"": 480.0, ""order_item_amount"": 1872.0, ""open_po_cases"": 1.0, ""mrp"": 5.0, ""price_per_unit"": 3.9, ""order_id"": ""PO-00004"", ""po_raising_drr"": 260.0, ""po_raising_total_space"": 960.0, ""po_raising_final_available_space"": 948.0, ""order_date"": ""2026-03-10""}}",480,1872.0,1.0,0,6,0,0.0,0.0,N/A,5.45,3.55,Band A,0.5443037974683544,523,19,1501,978,437,0,3,36,523
FC-001,"Biscuit, Confectionary & Snacks",Pramod Multifood Pvt Ltd,FC-Alpha,SKU-00201,"Pramod Punjabi Tadka, 16g Pack",Namkeens,2,9,4,VND-026,MUSHKAN ENTERPRISES - Region Alpha,60000,VALUE,865,480,2.0,3374.0,4,"{""sellable"": 4.0, ""contingency"": null, ""pending_putaway"": null, ""under_transfer"": null}",43,0.016,,{},0,0.0,0.0,480,11,1,1852.8,0.0077,FAIL,4.37,3.86,Band B,0.09302325581395349,4,13,559,555,861,1,2,33,484
FC-001,"Biscuit, Confectionary & Snacks",Pramod Multifood Pvt Ltd,FC-Alpha,SKU-00202,"Pramod Masala Chiwra, 48g Pack",Namkeens,2,9,4,VND-026,MUSHKAN ENTERPRISES - Region Alpha,60000,VALUE,500,250,2.0,3900.0,6,"{""sellable"": 6.0, ""contingency"": null, ""pending_putaway"": null, ""under_transfer"": null}",26,0.048,12/03/26,"{""open_po_1"": {""promise_date"": ""2026-03-12"", ""orderedquantity"": 250.0, ""order_item_amount"": 1950.0, ""open_po_cases"": 1.0, ""mrp"": 10.0, ""price_per_unit"": 7.8, ""order_id"": ""PO-00004"", ""po_raising_drr"": 28.0, ""po_raising_total_space"": 500.0, ""po_raising_final_available_space"": 308.0, ""order_date"": ""2026-03-10""}}",250,1950.0,1.0,0,9,0,0.0,0.0,N/A,11.26,8.05,Band B,0.23076923076923078,256,13,338,82,244,0,1,30,256
FC-001,"Biscuit, Confectionary & Snacks",Pramod Multifood Pvt Ltd,FC-Alpha,SKU-00203,"Pramod Chini Chor Mixture, 44g Pack",Mixtures,2,11,4,VND-026,MUSHKAN ENTERPRISES - Region Alpha,60000,VALUE,500,250,2.0,3900.0,108,"{""sellable"": 108.0, ""contingency"": null, ""pending_putaway"": null, ""under_transfer"": null}",69,0.044,,{},0,0.0,0.0,250,5,1,1725.0,0.011,FAIL,9.33,6.9,Band A,1.565217391304348,108,15,1035,927,392,1,4,35,358
FC-001,"Biscuit, Confectionary & Snacks",Pramod Multifood Pvt Ltd,FC-Alpha,SKU-00204,"Pramod Salted Peanut, 15g Pack",Namkeens,2,9,4,VND-026,MUSHKAN ENTERPRISES - Region Alpha,60000,VALUE,960,480,2.0,3744.0,8,"{""sellable"": 8.0, ""contingency"": null, ""pending_putaway"": null, ""under_transfer"": null}",38,0.015,12/03/26,"{""open_po_1"": {""promise_date"": ""2026-03-12"", ""orderedquantity"": 480.0, ""order_item_amount"": 1872.0, ""open_po_cases"": 1.0, ""mrp"": 5.0, ""price_per_unit"": 3.9, ""order_id"": ""PO-00004"", ""po_raising_drr"": 27.0, ""po_raising_total_space"": 960.0, ""po_raising_final_available_space"": 587.0, ""order_date"": ""2026-03-10""}}",480,1872.0,1.0,0,12,0,0.0,0.0,N/A,5.37,3.58,Band B,0.21052631578947367,488,13,494,6,472,0,1,35,488
FC-001,"Biscuit, Confectionary & Snacks",Pramod Multifood Pvt Ltd,FC-Alpha,SKU-00205,"Pramod Jhal Mix Mixture, 22g Pack",Mixtures,2,15,4,VND-026,MUSHKAN ENTERPRISES - Region Alpha,60000,VALUE,1440,480,3.0,5616.0,107,"{""sellable"": 35.0, ""contingency"": null, ""pending_putaway"": 72.0, ""under_transfer"": null}",183,0.022,12/03/26,"{""open_po_1"": {""promise_date"": ""2026-03-12"", ""orderedquantity"": 480.0, ""order_item_amount"": 1872.0, ""open_po_cases"": 1.0, ""mrp"": 5.0, ""price_per_unit"": 3.9, ""order_id"": ""PO-00004"", ""po_raising_drr"": 316.0, ""po_raising_total_space"": 1440.0, ""po_raising_final_available_space"": 648.0, ""order_date"": ""2026-03-10""}}",480,1872.0,1.0,480,5,1,2068.8,0.0106,FAIL,4.56,4.31,Band A,0.5846994535519126,587,19,3477,2890,853,1,7,30,1067
FC-001,"Biscuit, Confectionary & Snacks",Pramod Multifood Pvt Ltd,FC-Alpha,SKU-00206,"Pramod Malai Sev, 400g Standup Pouch",Namkeens,2,9,4,VND-026,MUSHKAN ENTERPRISES - Region Alpha,60000,VALUE,24,12,2.0,2124.0,0,"{""sellable"": null, ""contingency"": null, ""pending_putaway"": null, ""under_transfer"": null}",0,0.4,12/03/26,"{""open_po_1"": {""promise_date"": ""2026-03-12"", ""orderedquantity"": 12.0, ""order_item_amount"": 1061.76, ""open_po_cases"": 1.0, ""mrp"": 112.0, ""price_per_unit"": 88.48, ""order_id"": ""PO-00004"", ""po_raising_drr"": 1.0, ""po_raising_total_space"": 24.0, ""po_raising_final_available_space"": 19.0, ""order_date"": ""2026-03-10""}}",12,1062.0,1.0,0,0,0,0.0,0.0,N/A,111.48,89.1,Band B,0.0,12,13,0,0,12,1,0,0,12
FC-001,Health Care,Dnv Food Products Pvt Ltd,FC-Alpha,SKU-01023,"DNV Isabgol, 5g Sachet",Digestives,8,15,4,VND-055,DNV FOOD PRODUCTS PVT LTD,30000,VALUE,2400,1200,2.0,14400.0,411,"{""sellable"": 411.0, ""contingency"": null, ""pending_putaway"": null, ""under_transfer"": null}",42,0.005,,{},0,0.0,0.0,1200,38,1,7452.0,0.006,FAIL,8.8,6.21,Band B,9.785714285714286,411,19,798,387,1989,1,1,5,1611
FC-001,Health Care,GlaxoSmithKline,FC-Alpha,SKU-00081,"Eno 3 In 1 Fast Relief From Acidity, Real Jeera, Ajwain And Kala Namak, 30g Box (6Pcs x 5g)",Digestives,3,9,4,VND-042,GALAXY ENTERPRISES - Region Alpha,120000,VALUE,144,144,1.0,6525.0,138,"{""sellable"": 126.0, ""contingency"": 4.0, ""pending_putaway"": 8.0, ""under_transfer"": 4.0}",1,0.03,,{},0,0.0,0.0,0,138,0,0.0,0.0,N/A,49.84,40.06,Band C,138.0,138,13,13,0,6,0,0,21,138
FC-001,Health Care,GlaxoSmithKline,FC-Alpha,SKU-00365,"Iodex Body Pain Expert, 8g Jar",Pain Relief Creams & Sprays,3,10,4,VND-035,MAA SITA AGENCIES - Region Alpha,20000,VALUE,768,365,2.0,28800.0,196,"{""sellable"": 196.0, ""contingency"": null, ""pending_putaway"": null, ""under_transfer"": null}",1,0.017,,{},0,0.0,0.0,365,561,1,15224.15,0.0062,FAIL,48.36,41.71,Band C,196.0,196,14,14,0,572,1,0,2,561
FC-001,Health Care,GlaxoSmithKline,FC-Alpha,SKU-00365,"Iodex Body Pain Expert, 8g Jar",Pain Relief Creams & Sprays,3,10,4,VND-042,GALAXY ENTERPRISES - Region Alpha,120000,VALUE,768,384,2.0,29000.0,196,"{""sellable"": 196.0, ""contingency"": null, ""pending_putaway"": null, ""under_transfer"": null}",1,0.017,,{},0,0.0,0.0,384,580,1,14472.96,0.0065,FAIL,43.61,37.69,Band C,196.0,196,14,14,0,572,1,0,9,580
FC-001,Health Care,GlaxoSmithKline,FC-Alpha,SKU-00382,"Eno Fruit Salt Fast Relief From Acidity, Lemon, 300g Box (60Pcs x 5g)",Digestives,3,10,4,VND-035,MAA SITA AGENCIES - Region Alpha,20000,VALUE,36,36,1.0,17723.0,0,"{""sellable"": null, ""contingency"": null, ""pending_putaway"": null, ""under_transfer"": null}",0,0.35,,{},0,0.0,0.0,0,0,0,0.0,0.0,N/A,630.26,522.17,Band C,0.0,0,14,0,0,36,1,0,0,0
FC-001,Health Care,GlaxoSmithKline,FC-Alpha,SKU-00484,"Eno Fruit Salt Fast Relief From Acidity, Regular, 100g Bottle",Digestives,3,9,4,VND-042,GALAXY ENTERPRISES - Region Alpha,120000,VALUE,48,48,1.0,6678.0,46,"{""sellable"": 46.0, ""contingency"": null, ""pending_putaway"": null, ""under_transfer"": null}",0,0.12,,{},0,0.0,0.0,0,0,0,0.0,0.0,N/A,183.64,159.69,Band C,0.0,46,13,0,0,2,0,0,0,46
FC-001,Health Care,GlaxoSmithKline,FC-Alpha,SKU-00499,"Eno Fruit Salt Fast Relief From Acidity, Lemon, 30g Box (6Pcs x 5g)",Digestives,3,9,4,VND-042,GALAXY ENTERPRISES - Region Alpha,120000,VALUE,288,144,2.0,14126.0,164,"{""sellable"": 160.0, ""contingency"": 4.0, ""pending_putaway"": null, ""under_transfer"": 4.0}",23,0.03,,{},0,0.0,0.0,0,7,0,0.0,0.0,N/A,67.13,45.74,Band B,7.130434782608695,164,13,299,135,124,0,1,19,164
FC-001,Health Care,GlaxoSmithKline,FC-Alpha,SKU-00518,"Eno Fruit Salt Fast Relief From Acidity, Lemon, 100g Bottle",Digestives,3,9,4,VND-042,GALAXY ENTERPRISES - Region Alpha,120000,VALUE,48,48,1.0,6789.0,45,"{""sellable"": 45.0, ""contingency"": null, ""pending_putaway"": null, ""under_transfer"": null}",0,0.12,,{},0,0.0,0.0,0,0,0,0.0,0.0,N/A,147.72,136.96,Band C,0.0,45,13,0,0,3,0,0,0,45
FC-001,Health Care,Procter & Gamble,FC-Alpha,SKU-00047,"Vicks Double Power Cough Drops, Ginger, Honey & Menthol, 310.5g Jar (115Pcs x 2.7g)",Cold & Cough Reliever Candies,2,26,5,VND-057,P&G (Kalawati Enterprises Pvt Limited- Bihar),120000,VALUE,160,32,5.0,27724.0,153,"{""sellable"": 152.0, ""contingency"": 1.0, ""pending_putaway"": null, ""under_transfer"": 1.0}",6,0.297,,{},0,0.0,0.0,0,25,0,0.0,0.0,N/A,196.61,168.65,Band C,25.5,153,31,186,33,7,0,2,23,153
FC-001,Health Care,Reckitt Benckiser Group plc,FC-Alpha,SKU-00741,"Moov Pain Relief Specialist Cream, 4g Pack",Pain Relief Creams & Sprays,6,26,5,VND-038,RECKITT BENCKISER INDIA Private Limited - Region Alpha,10000,CASES,1472,736,2.0,16615.0,0,"{""sellable"": null, ""contingency"": null, ""pending_putaway"": null, ""under_transfer"": null}",0,0.007,,{},0,0.0,0.0,0,0,0,0.0,0.0,N/A,14.57,12.67,,0.0,0,31,0,0,1472,2,0,0,0
FC-001,Health Care,Reckitt Benckiser Group plc,FC-Alpha,SKU-00742,"Moov Pain Relief Specialist Spray, 35g Bottle",Pain Relief Creams & Sprays,6,26,5,VND-038,RECKITT BENCKISER INDIA Private Limited - Region Alpha,10000,CASES,60,60,1.0,9389.0,30,"{""sellable"": 30.0, ""contingency"": null, ""pending_putaway"": null, ""under_transfer"": null}",0,0.06,,{},0,0.0,0.0,0,0,0,0.0,0.0,N/A,168.22,166.53,Band C,0.0,30,31,0,0,30,0,0,0,30
FC-001,Health Care,Reckitt Benckiser Group plc,FC-Alpha,SKU-00820,"Moov Pain Relief Specialist Cream, 10g Box",Pain Relief Creams & Sprays,6,11,4,VND-038,RECKITT BENCKISER INDIA Private Limited - Region Alpha,10000,CASES,480,240,2.0,26316.0,487,"{""sellable"": 487.0, ""contingency"": null, ""pending_putaway"": null, ""under_transfer"": null}",2,0.018,,{},0,0.0,0.0,0,243,0,0.0,0.0,N/A,69.69,56.6,Band C,243.5,487,15,30,0,0,0,0,10000,487
FC-001,"Biscuit, Confectionary & Snacks",Pramod Multifood Pvt Ltd,FC-Alpha,SKU-00238,"Pramod Navratan Mixture, 150g Pack",Mixtures,2,12,6,VND-026,MUSHKAN ENTERPRISES - Region Alpha,60000,VALUE,40,20,2.0,1422.0,0,"{""sellable"": null, ""contingency"": null, ""pending_putaway"": null, ""under_transfer"": null}",9,0.15,,{},0,0.0,0.0,40,4,2,1575.6,0.006,FAIL,43.23,39.39,Band C,0.0,0,18,162,162,40,2,9,77,40
FC-001,"Biscuit, Confectionary & Snacks",Pramod Multifood Pvt Ltd,FC-Alpha,SKU-00239,"Pramod Jhal Mix Mixture, 45g Pack",Mixtures,2,15,4,VND-026,MUSHKAN ENTERPRISES - Region Alpha,60000,VALUE,1250,250,5.0,9750.0,47,"{""sellable"": 8.0, ""contingency"": null, ""pending_putaway"": 19.0, ""under_transfer"": null}",125,0.045,12/03/26,"{""open_po_1"": {""promise_date"": ""2026-03-12"", ""orderedquantity"": 1000.0, ""order_item_amount"": 7800.0, ""open_po_cases"": 4.0, ""mrp"": 10.0, ""price_per_unit"": 7.8, ""order_id"": ""PO-00004"", ""po_raising_drr"": 145.0, ""po_raising_total_space"": 1250.0, ""po_raising_final_available_space"": 1002.0, ""order_date"": ""2026-03-10""}, ""open_po_2"": {""promise_date"": null, ""orderedquantity"": 250.0, ""order_item_amount"": 1950.0, ""open_po_cases"": 1.0, ""mrp"": 10.0, ""price_per_unit"": 7.8, ""order_id"": ""PO-00038"", ""po_raising_drr"": 125.0, ""po_raising_total_space"": 1250.0, ""po_raising_final_available_space"": 472.0, ""order_date"": ""2026-03-16""}}",1250,9750.0,5.0,0,10,0,0.0,0.0,N/A,10.74,6.79,Band A,0.376,1297,19,2375,1078,0,0,5,36,1297
FC-001,"Biscuit, Confectionary & Snacks",Pramod Multifood Pvt Ltd,FC-Alpha,SKU-00240,"Pramod Hara Matar Masala, 18g Pack",Namkeens,2,15,4,VND-026,MUSHKAN ENTERPRISES - Region Alpha,60000,VALUE,960,480,2.0,3744.0,30,"{""sellable"": 30.0, ""contingency"": null, ""pending_putaway"": null, ""under_transfer"": null}",192,0.018,12/03/26,"{""open_po_1"": {""promise_date"": ""2026-03-12"", ""orderedquantity"": 480.0, ""order_item_amount"": 1872.0, ""open_po_cases"": 1.0, ""mrp"": 5.0, ""price_per_unit"": 3.9, ""order_id"": ""PO-00004"", ""po_raising_drr"": 147.0, ""po_raising_total_space"": 960.0, ""po_raising_final_available_space"": 750.0, ""order_date"": ""2026-03-10""}, ""open_po_2"": {""promise_date"": null, ""orderedquantity"": 480.0, ""order_item_amount"": 1872.0, ""open_po_cases"": 1.0, ""mrp"": 5.0, ""price_per_unit"": 3.9, ""order_id"": ""PO-00038"", ""po_raising_drr"": 192.0, ""po_raising_total_space"": 960.0, ""po_raising_final_available_space"": 834.0, ""order_date"": ""2026-03-16""}}",960,3744.0,2.0,0,5,0,0.0,0.0,N/A,4.63,3.95,Band A,0.15625,990,19,3648,2658,0,0,6,32,990
FC-001,"Biscuit, Confectionary & Snacks",Pramod Multifood Pvt Ltd,FC-Alpha,SKU-00241,"Pramod Bhujia, 150g Pack",Namkeens,2,9,4,VND-026,MUSHKAN ENTERPRISES - Region Alpha,60000,VALUE,32,16,2.0,1087.0,2,"{""sellable"": 2.0, ""contingency"": null, ""pending_putaway"": null, ""under_transfer"": null}",1,0.15,18/03/26,"{""open_po_1"": {""promise_date"": ""2026-03-18"", ""orderedquantity"": 16.0, ""order_item_amount"": 543.52, ""open_po_cases"": 1.0, ""mrp"": 43.0, ""price_per_unit"": 33.97, ""order_id"": ""PO-00038"", ""po_raising_drr"": 1.0, ""po_raising_total_space"": 32.0, ""po_raising_final_available_space"": 31.0, ""order_date"": ""2026-03-16""}}",16,544.0,1.0,0,18,0,0.0,0.0,N/A,48.1,33.55,Band C,2.0,18,13,13,0,14,0,0,112,18
FC-001,"Biscuit, Confectionary & Snacks",Pramod Multifood Pvt Ltd,FC-Alpha,SKU-00853,"Pramod Khasta Mixture, 400g Standup Pouch",Mixtures,2,15,4,VND-026,MUSHKAN ENTERPRISES - Region Alpha,60000,VALUE,70,30,2.0,6775.0,3,"{""sellable"": 1.0, ""contingency"": null, ""pending_putaway"": 2.0, ""under_transfer"": null}",6,0.4,12/03/26,"{""open_po_1"": {""promise_date"": ""2026-03-12"", ""orderedquantity"": 60.0, ""order_item_amount"": 5806.8, ""open_po_cases"": 1.7142857142857142, ""mrp"": 105.0, ""price_per_unit"": 96.78, ""order_id"": ""PO-00004"", ""po_raising_drr"": 12.0, ""po_raising_total_space"": 70.0, ""po_raising_final_available_space"": 62.0, ""order_date"": ""2026-03-10""}}",60,5807.0,2.0,0,10,0,0.0,0.0,N/A,106.01,87.08,Band A,0.5,63,19,114,51,7,0,2,23,63
FC-001,"Biscuit, Confectionary & Snacks",Pramod Multifood Pvt Ltd,FC-Alpha,SKU-00855,"Pramod Masala Chiwra, 24g Pack",Namkeens,2,9,4,VND-026,MUSHKAN ENTERPRISES - Region Alpha,60000,VALUE,960,480,2.0,3744.0,40,"{""sellable"": null, ""contingency"": null, ""pending_putaway"": null, ""under_transfer"": null}",98,0.024,12/03/26,"{""open_po_1"": {""promise_date"": ""2026-03-18"", ""orderedquantity"": 480.0, ""order_item_amount"": 1872.0, ""open_po_cases"": 1.0, ""mrp"": 5.0, ""price_per_unit"": 3.9, ""order_id"": ""PO-00038"", ""po_raising_drr"": 98.0, ""po_raising_total_space"": 960.0, ""po_raising_final_available_space"": 538.0, ""order_date"": ""2026-03-16""}, ""open_po_2"": {""promise_date"": ""2026-03-12"", ""orderedquantity"": 480.0, ""order_item_amount"": 1872.0, ""open_po_cases"": 1.0, ""mrp"": 5.0, ""price_per_unit"": 3.9, ""order_id"": ""PO-00004"", ""po_raising_drr"": 157.0, ""po_raising_total_space"": 960.0, ""po_raising_final_available_space"": 555.0, ""order_date"": ""2026-03-10""}}",960,3744.0,2.0,0,10,0,0.0,0.0,N/A,4.92,4.31,Band B,0.40816326530612246,1000,13,1274,274,0,0,1,30,1000
FC-001,"Biscuit, Confectionary & Snacks",Pramod Multifood Pvt Ltd,FC-Alpha,SKU-00861,"Pramod Coconut Cookies, 180g Box",Cookies,2,9,4,VND-026,MUSHKAN ENTERPRISES - Region Alpha,60000,VALUE,36,18,2.0,1830.0,6,"{""sellable"": null, ""contingency"": null, ""pending_putaway"": null, ""under_transfer"": null}",0,0.2,12/03/26,"{""open_po_1"": {""promise_date"": ""2026-03-12"", ""orderedquantity"": 18.0, ""order_item_amount"": 915.12, ""open_po_cases"": 1.0, ""mrp"": 62.0, ""price_per_unit"": 50.84, ""order_id"": ""PO-00004"", ""po_raising_drr"": 0.0, ""po_raising_total_space"": 36.0, ""po_raising_final_available_space"": 30.0, ""order_date"": ""2026-03-10""}}",18,915.0,1.0,0,0,0,0.0,0.0,N/A,57.21,50.26,,0.0,24,13,0,0,12,0,0,0,24
FC-001,"Biscuit, Confectionary & Snacks",Pramod Multifood Pvt Ltd,FC-Alpha,SKU-00862,"Pramod Jeera Cookies, 180g Box",Cookies,2,9,4,VND-026,MUSHKAN ENTERPRISES - Region Alpha,60000,VALUE,36,18,2.0,1565.0,2,"{""sellable"": 2.0, ""contingency"": null, ""pending_putaway"": null, ""under_transfer"": null}",2,0.2,12/03/26,"{""open_po_1"": {""promise_date"": ""2026-03-12"", ""orderedquantity"": 18.0, ""order_item_amount"": 782.28, ""open_po_cases"": 1.0, ""mrp"": 53.0, ""price_per_unit"": 43.46, ""order_id"": ""PO-00004"", ""po_raising_drr"": 3.0, ""po_raising_total_space"": 36.0, ""po_raising_final_available_space"": 27.0, ""order_date"": ""2026-03-10""}}",18,782.0,1.0,0,10,0,0.0,0.0,N/A,51.05,45.43,Band C,1.0,20,13,26,6,16,0,1,74,20
FC-001,"Biscuit, Confectionary & Snacks",Pramod Multifood Pvt Ltd,FC-Alpha,SKU-00870,"Pramod Navratan Mixture, 400g Standup Pouch",Mixtures,2,9,4,VND-026,MUSHKAN ENTERPRISES - Region Alpha,60000,VALUE,28,14,2.0,2367.0,7,"{""sellable"": null, ""contingency"": 7.0, ""pending_putaway"": null, ""under_transfer"": 7.0}",1,0.4,,{},0,0.0,0.0,14,21,1,1028.02,0.0056,FAIL,101.29,73.43,Band B,7.0,7,13,13,6,21,1,1,59,21
FC-001,"Biscuit, Confectionary & Snacks",SAJ Food Products (P) Ltd,FC-Alpha,SKU-00299,"Bisk Farm The Top Butter Munch Biscuit, 80g Pack",Crackers & Sweet Biscuits,2,10,4,VND-026,MUSHKAN ENTERPRISES - Region Alpha,60000,VALUE,144,75,2.0,1225.0,10,"{""sellable"": null, ""contingency"": 3.0, ""pending_putaway"": 7.0, ""under_transfer"": 3.0}",47,0.08,,"{""open_po_1"": {""promise_date"": null, ""orderedquantity"": 75.0, ""order_item_amount"": 638.25, ""open_po_cases"": 1.0416666666666667, ""mrp"": 10.0, ""price_per_unit"": 8.51, ""order_id"": ""PO-00038"", ""po_raising_drr"": 47.0, ""po_raising_total_space"": 144.0, ""po_raising_final_available_space"": 144.0, ""order_date"": ""2026-03-16""}}",75,638.0,1.0,0,1,0,0.0,0.0,N/A,11.47,9.75,Band C,0.2127659574468085,85,14,658,573,59,0,8,83,85
FC-001,Home Care,Godrej Consumer Products Ltd.,FC-Alpha,SKU-00152,"Godrej Fab Liquid Detergent, 75ml Pouch",Laundry Detergents,3,20,5,VND-056,GODREJ CONSUMER PRODUCTS LTD - Region Beta,200000,VALUE,192,96,2.0,1561.0,0,"{""sellable"": null, ""contingency"": null, ""pending_putaway"": null, ""under_transfer"": null}",0,0.11,,{},0,0.0,0.0,0,0,0,0.0,0.0,N/A,10.16,8.59,,0.0,0,25,0,0,192,2,0,0,0
FC-001,Home Care,Godrej Consumer Products Ltd.,FC-Alpha,SKU-00158,"Godrej Fab Liquid Detergent, 950ml Spout Pouch",Laundry Detergents,3,20,5,VND-056,GODREJ CONSUMER PRODUCTS LTD - Region Beta,200000,VALUE,36,12,3.0,2964.0,11,"{""sellable"": 11.0, ""contingency"": null, ""pending_putaway"": null, ""under_transfer"": null}",2,1.05,,{},0,0.0,0.0,24,17,2,1747.68,0.0252,FAIL,97.1,72.82,Band B,5.5,11,25,50,39,25,2,4,229,35
FC-001,Home Care,Godrej Consumer Products Ltd.,FC-Alpha,SKU-00279,"Godrej aer Home Fragrance Spray, Fresh Lush Green, 220ml Bottle",Home Fresheners,3,17,5,VND-056,GODREJ CONSUMER PRODUCTS LTD - Region Beta,200000,VALUE,48,24,2.0,3795.0,23,"{""sellable"": 23.0, ""contingency"": null, ""pending_putaway"": null, ""under_transfer"": null}",1,0.214,,{},0,0.0,0.0,24,47,1,1831.2,0.0051,FAIL,92.9,76.3,Band C,23.0,23,22,22,0,25,1,0,110,47
FC-001,Home Care,Godrej Consumer Products Ltd.,FC-Alpha,SKU-00280,"Godrej aer Home Fragrance Spray, Cool Surf Blue, 220ml Bottle",Home Fresheners,3,17,5,VND-056,GODREJ CONSUMER PRODUCTS LTD - Region Beta,200000,VALUE,48,24,2.0,3795.0,12,"{""sellable"": 12.0, ""contingency"": null, ""pending_putaway"": null, ""under_transfer"": null}",1,0.213,,{},0,0.0,0.0,24,36,1,1872.48,0.0051,FAIL,112.32,78.02,Band C,12.0,12,22,22,10,36,1,1,107,36
FC-001,Home Care,Godrej Consumer Products Ltd.,FC-Alpha,SKU-00335,"Godrej Ezee Liquid Detergent, Winterwear, 20g Sachet",Laundry Detergents,2,15,4,VND-011,SHRI KRISHNA MURARI ENTERPRISES - Region Epsilon,120000,VALUE,8424,648,13.0,39003.0,6032,"{""sellable"": 5996.0, ""contingency"": null, ""pending_putaway"": 36.0, ""under_transfer"": null}",449,0.023,,{},0,0.0,0.0,1944,17,3,8650.8,0.0447,FAIL,5.4,4.45,Band A,13.434298440979955,6032,19,8531,2499,2392,3,4,42,7976
FC-001,Home Care,Godrej Consumer Products Ltd.,FC-Alpha,SKU-00335,"Godrej Ezee Liquid Detergent, Winterwear, 20g Sachet",Laundry Detergents,3,15,4,VND-056,GODREJ CONSUMER PRODUCTS LTD - Region Beta,200000,VALUE,8424,648,13.0,35619.0,6032,"{""sellable"": 5996.0, ""contingency"": null, ""pending_putaway"": 36.0, ""under_transfer"": null}",449,0.023,,{},0,0.0,0.0,1944,17,3,7290.0,0.0447,FAIL,4.46,3.75,Band A,13.434298440979955,6032,19,8531,2499,2392,3,4,83,7976
FC-001,Home Care,Godrej Consumer Products Ltd.,FC-Alpha,SKU-00337,"Godrej aer Pocket Bathroom Fragrance, Assorted, 30g Combo Box (3Pcs x10g)",Home Fresheners,3,20,5,VND-056,GODREJ CONSUMER PRODUCTS LTD - Region Beta,200000,VALUE,36,36,1.0,5350.0,16,"{""sellable"": 16.0, ""contingency"": null, ""pending_putaway"": null, ""under_transfer"": null}",1,0.056,,{},0,0.0,0.0,0,16,0,0.0,0.0,N/A,216.56,145.0,Band C,16.0,16,25,25,9,20,0,1,39,16
FC-001,Home Care,Godrej Consumer Products Ltd.,FC-Alpha,SKU-00713,"Hit Chalk, 1Pc Box",Repellents,3,17,5,VND-056,GODREJ CONSUMER PRODUCTS LTD - Region Beta,200000,VALUE,720,360,2.0,12349.0,83,"{""sellable"": 83.0, ""contingency"": null, ""pending_putaway"": null, ""under_transfer"": null}",6,0.02,,{},0,0.0,0.0,360,73,1,6638.4,0.0072,FAIL,19.92,18.44,Band C,13.833333333333334,83,22,132,49,637,1,1,31,443
FC-001,Home Care,Godrej Consumer Products Ltd.,FC-Alpha,SKU-00718,"Godrej Ezee Liquid Detergent, Winterwear, 200g Bottle",Laundry Detergents,2,15,4,VND-011,SHRI KRISHNA MURARI ENTERPRISES - Region Epsilon,120000,VALUE,420,60,7.0,25032.0,291,"{""sellable"": 291.0, ""contingency"": null, ""pending_putaway"": null, ""under_transfer"": null}",22,0.283,,{},0,0.0,0.0,120,18,2,6231.6,0.034,FAIL,72.69,51.93,Band A,13.227272727272727,291,19,418,127,129,2,3,39,411
FC-001,Home Care,Godrej Consumer Products Ltd.,FC-Alpha,SKU-00718,"Godrej Ezee Liquid Detergent, Winterwear, 200g Bottle",Laundry Detergents,3,15,4,VND-056,GODREJ CONSUMER PRODUCTS LTD - Region Beta,200000,VALUE,420,60,7.0,20245.0,291,"{""sellable"": 291.0, ""contingency"": null, ""pending_putaway"": null, ""under_transfer"": null}",22,0.283,,{},0,0.0,0.0,120,18,2,5055.6,0.034,FAIL,62.13,42.13,Band A,13.227272727272727,291,19,418,127,129,2,3,80,411
FC-001,Home Care,Godrej Consumer Products Ltd.,FC-Alpha,SKU-00721,"Godrej aer Power Pocket Bathroom Fragrance, Lemon Tangy Delight, 10g Pack",Home Fresheners,3,17,5,VND-056,GODREJ CONSUMER PRODUCTS LTD - Region Beta,200000,VALUE,240,120,2.0,11889.0,32,"{""sellable"": 32.0, ""contingency"": null, ""pending_putaway"": null, ""under_transfer"": null}",4,0.01,,{},0,0.0,0.0,120,38,1,5685.6,0.0012,FAIL,63.54,47.38,Band C,8.0,32,22,88,56,208,1,1,36,152
FC-001,Home Care,Godrej Consumer Products Ltd.,FC-Alpha,SKU-00888,"Godrej Ezee Liquid Detergent, Winterwear, 40g Spout Pouch",Laundry Detergents,2,15,4,VND-011,SHRI KRISHNA MURARI ENTERPRISES - Region Epsilon,120000,VALUE,4536,216,21.0,42003.0,1166,"{""sellable"": 1142.0, ""contingency"": null, ""pending_putaway"": 24.0, ""under_transfer"": null}",287,0.0552,,{},0,0.0,0.0,3240,15,15,33987.6,0.1788,FAIL,12.06,10.49,Band A,4.062717770034843,1166,19,5453,4287,3370,15,20,53,4406
FC-001,Home Care,Godrej Consumer Products Ltd.,FC-Alpha,SKU-00888,"Godrej Ezee Liquid Detergent, Winterwear, 40g Spout Pouch",Laundry Detergents,3,15,4,VND-056,GODREJ CONSUMER PRODUCTS LTD - Region Beta,200000,VALUE,4536,216,21.0,38359.0,1166,"{""sellable"": 1142.0, ""contingency"": null, ""pending_putaway"": 24.0, ""under_transfer"": null}",287,0.0552,,{},0,0.0,0.0,3240,15,15,28803.6,0.1788,FAIL,9.31,8.89,Band A,4.062717770034843,1166,19,5453,4287,3370,15,20,105,4406
FC-001,Home Care,Godrej Consumer Products Ltd.,FC-Alpha,SKU-01053,"Godrej aer Home Fragrance Spray, Violet Vally Bloom, 220ml Bottle",Home Fresheners,3,17,5,VND-056,GODREJ CONSUMER PRODUCTS LTD - Region Beta,200000,VALUE,48,24,2.0,3795.0,0,"{""sellable"": null, ""contingency"": null, ""pending_putaway"": null, ""under_transfer"": null}",1,0.216,,{},0,0.0,0.0,48,48,2,3998.4,0.0104,FAIL,100.24,83.3,Band C,0.0,0,22,22,22,48,2,1,101,48
FC-001,Home Care,Godrej Consumer Products Ltd.,FC-Alpha,SKU-01054,"Godrej aer Home Fragrance Spray, Musk After Smoke, 220ml Bottle",Home Fresheners,3,17,5,VND-056,GODREJ CONSUMER PRODUCTS LTD - Region Beta,200000,VALUE,48,24,2.0,3795.0,4,"{""sellable"": 4.0, ""contingency"": null, ""pending_putaway"": null, ""under_transfer"": null}",1,0.22,,{},0,0.0,0.0,24,28,1,1818.96,0.0053,FAIL,102.96,75.79,Band C,4.0,4,22,22,18,44,1,1,110,28
FC-001,Home Care,Godrej Consumer Products Ltd.,FC-Alpha,SKU-01055,"Godrej aer Home Fragrance Spray, Petal Crush Pink, 220ml Bottle",Home Fresheners,3,20,5,VND-056,GODREJ CONSUMER PRODUCTS LTD - Region Beta,200000,VALUE,48,24,2.0,3795.0,1,"{""sellable"": 1.0, ""contingency"": null, ""pending_putaway"": null, ""under_transfer"": null}",5,0.21,,{},0,0.0,0.0,24,5,1,1950.72,0.005,FAIL,91.81,81.28,Band B,0.2,1,25,125,124,47,1,6,103,25
FC-001,Home Care,Godrej Consumer Products Ltd.,FC-Alpha,SKU-01056,"Godrej aer Home Fragrance Spray, Morning Misty Meadows, 220ml Bottle",Home Fresheners,3,17,5,VND-056,GODREJ CONSUMER PRODUCTS LTD - Region Beta,200000,VALUE,48,24,2.0,3795.0,7,"{""sellable"": 7.0, ""contingency"": null, ""pending_putaway"": null, ""under_transfer"": null}",2,0.213,,{},0,0.0,0.0,24,15,1,1618.56,0.0051,FAIL,88.29,67.44,Band C,3.5,7,22,44,37,41,1,2,124,31
FC-001,Home Care,Godrej Consumer Products Ltd.,FC-Alpha,SKU-01066,"Godrej aer Power Pocket Long-Lasting Bathroom Fragrance, Sea Breeze, 10g Pack",Home Fresheners,2,20,5,VND-011,SHRI KRISHNA MURARI ENTERPRISES - Region Epsilon,120000,VALUE,240,120,2.0,13301.0,25,"{""sellable"": 25.0, ""contingency"": null, ""pending_putaway"": null, ""under_transfer"": null}",1,0.015,,{},0,0.0,0.0,120,145,1,6921.6,0.0018,FAIL,71.53,57.68,Band C,25.0,25,25,25,0,215,1,0,18,145
FC-001,Home Care,Godrej Consumer Products Ltd.,FC-Alpha,SKU-01066,"Godrej aer Power Pocket Long-Lasting Bathroom Fragrance, Sea Breeze, 10g Pack",Home Fresheners,3,20,5,VND-056,GODREJ CONSUMER PRODUCTS LTD - Region Beta,200000,VALUE,240,120,2.0,11889.0,25,"{""sellable"": 25.0, ""contingency"": null, ""pending_putaway"": null, ""under_transfer"": null}",1,0.015,,{},0,0.0,0.0,120,145,1,6681.6,0.0018,FAIL,74.45,55.68,Band C,25.0,25,25,25,0,215,1,0,30,145
FC-001,Home Care,Godrej Consumer Products Ltd.,FC-Alpha,SKU-01067,"Godrej aer Power Pocket Long-Lasting Bathroom Fragrance, Rose Fresh Blossom, 10g Pack",Home Fresheners,2,20,5,VND-011,SHRI KRISHNA MURARI ENTERPRISES - Region Epsilon,120000,VALUE,240,120,2.0,13301.0,234,"{""sellable"": 232.0, ""contingency"": 2.0, ""pending_putaway"": null, ""under_transfer"": null}",7,0.014,,{},0,0.0,0.0,0,33,0,0.0,0.0,N/A,65.5,57.29,Band C,33.42857142857143,234,25,175,0,6,0,0,18,234
FC-001,Home Care,Godrej Consumer Products Ltd.,FC-Alpha,SKU-01067,"Godrej aer Power Pocket Long-Lasting Bathroom Fragrance, Rose Fresh Blossom, 10g Pack",Home Fresheners,3,20,5,VND-056,GODREJ CONSUMER PRODUCTS LTD - Region Beta,200000,VALUE,240,120,2.0,11889.0,234,"{""sellable"": 232.0, ""contingency"": 2.0, ""pending_putaway"": null, ""under_transfer"": null}",7,0.014,,{},0,0.0,0.0,0,33,0,0.0,0.0,N/A,58.6,55.09,Band C,33.42857142857143,234,25,175,0,6,0,0,31,234
FC-001,Home Care,Godrej Consumer Products Ltd.,FC-Alpha,SKU-01068,"Godrej aer Power Pocket Long-Lasting Bathroom Fragrance, Berry + Rush, 10g Pack",Home Fresheners,2,20,5,VND-011,SHRI KRISHNA MURARI ENTERPRISES - Region Epsilon,120000,VALUE,240,120,2.0,13301.0,24,"{""sellable"": 24.0, ""contingency"": null, ""pending_putaway"": null, ""under_transfer"": null}",4,0.015,,{},0,0.0,0.0,120,36,1,7096.8,0.0018,FAIL,60.56,59.14,Band B,6.0,24,25,100,76,216,1,1,17,144
FC-001,Home Care,Godrej Consumer Products Ltd.,FC-Alpha,SKU-01068,"Godrej aer Power Pocket Long-Lasting Bathroom Fragrance, Berry + Rush, 10g Pack",Home Fresheners,3,20,5,VND-056,GODREJ CONSUMER PRODUCTS LTD - Region Beta,200000,VALUE,240,120,2.0,11889.0,24,"{""sellable"": 24.0, ""contingency"": null, ""pending_putaway"": null, ""under_transfer"": null}",4,0.015,,{},0,0.0,0.0,120,36,1,5268.0,0.0018,FAIL,55.61,43.9,Band B,6.0,24,25,100,76,216,1,1,38,144
FC-001,Home Care,Godrej Consumer Products Ltd.,FC-Alpha,SKU-01075,"Godrej aer Power Pocket Long-Lasting Bathroom Fragrance, Jasmine Floral Delight, 10g Pack",Home Fresheners,3,17,5,VND-056,GODREJ CONSUMER PRODUCTS LTD - Region Beta,200000,VALUE,240,120,2.0,11889.0,166,"{""sellable"": 160.0, ""contingency"": 6.0, ""pending_putaway"": null, ""under_transfer"": 6.0}",4,0.013,,{},0,0.0,0.0,0,41,0,0.0,0.0,N/A,73.08,55.52,Band B,41.5,166,22,88,0,74,0,0,31,166
FC-001,Home Care,Godrej Consumer Products Ltd.,FC-Alpha,SKU-01082,"Godrej aer Power Pocket Long-Lasting Bathroom Fragrance, Lavander Bloom, 10g Pack",Home Fresheners,3,17,5,VND-056,GODREJ CONSUMER PRODUCTS LTD - Region Beta,200000,VALUE,240,120,2.0,11889.0,48,"{""sellable"": 48.0, ""contingency"": null, ""pending_putaway"": null, ""under_transfer"": null}",2,0.015,,{},0,0.0,0.0,120,84,1,5172.0,0.0018,FAIL,57.55,43.1,Band C,24.0,48,22,44,0,192,1,0,39,168
FC-001,Home Care,ITC,FC-Alpha,SKU-00281,"Mangaldeep Flora Premium Incense Sticks, Mogra, 14g Box",Agarbatti,3,19,4,VND-068,ITC Limited - Region Epsilon,200000,VALUE,480,240,2.0,3845.0,168,"{""sellable"": 168.0, ""contingency"": null, ""pending_putaway"": null, ""under_transfer"": null}",48,0.014,18/03/26,"{""open_po_1"": {""promise_date"": ""2026-03-18"", ""orderedquantity"": 240.0, ""order_item_amount"": 1922.4, ""open_po_cases"": 1.0, ""mrp"": 10.0, ""price_per_unit"": 8.01, ""order_id"": ""PO-00060"", ""po_raising_drr"": 38.0, ""po_raising_total_space"": 480.0, ""po_raising_final_available_space"": 318.0, ""order_date"": ""2026-03-14""}}",240,1922.0,1.0,0,8,0,0.0,0.0,N/A,10.23,8.09,Band B,3.5,408,23,1104,696,72,0,3,104,408
FC-001,Home Care,ITC,FC-Alpha,SKU-00461,"Mangaldeep Treya 3 in 1 Puja Agarbattis, 12Pcs Box",Agarbatti,3,19,4,VND-068,ITC Limited - Region Epsilon,200000,VALUE,480,240,2.0,3610.0,6,"{""sellable"": 6.0, ""contingency"": null, ""pending_putaway"": null, ""under_transfer"": null}",57,0.028,18/03/26,"{""open_po_1"": {""promise_date"": ""2026-03-18"", ""orderedquantity"": 240.0, ""order_item_amount"": 1804.8, ""open_po_cases"": 1.0, ""mrp"": 10.0, ""price_per_unit"": 7.52, ""order_id"": ""PO-00060"", ""po_raising_drr"": 34.0, ""po_raising_total_space"": 480.0, ""po_raising_final_available_space"": 432.0, ""order_date"": ""2026-03-14""}}",240,1805.0,1.0,0,4,0,0.0,0.0,N/A,9.32,6.71,Band B,0.10526315789473684,246,23,1311,1065,234,0,5,125,246
FC-001,Home Care,ITC,FC-Alpha,SKU-00471,"Mangaldeep Treya 3 in 1 Puja Agarbattis, 72Pcs Box",Agarbatti,3,17,4,VND-068,ITC Limited - Region Epsilon,200000,VALUE,180,90,2.0,6777.0,72,"{""sellable"": 72.0, ""contingency"": null, ""pending_putaway"": null, ""under_transfer"": null}",3,0.131,,{},0,0.0,0.0,90,54,1,2891.7,0.0118,FAIL,55.89,32.13,Band C,24.0,72,21,63,0,108,1,0,70,162
FC-001,Home Care,ITC,FC-Alpha,SKU-00753,"Mangaldeep Anushri Puja Agarbattis, 54Pcs Box",Agarbatti,3,19,4,VND-068,ITC Limited - Region Epsilon,200000,VALUE,432,144,3.0,6661.0,0,"{""sellable"": null, ""contingency"": null, ""pending_putaway"": null, ""under_transfer"": null}",42,0.078,18/03/26,"{""open_po_1"": {""promise_date"": ""2026-03-18"", ""orderedquantity"": 432.0, ""order_item_amount"": 6661.44, ""open_po_cases"": 3.0, ""mrp"": 20.0, ""price_per_unit"": 15.42, ""order_id"": ""PO-00060"", ""po_raising_drr"": 54.0, ""po_raising_total_space"": 432.0, ""po_raising_final_available_space"": 432.0, ""order_date"": ""2026-03-14""}}",432,6661.0,3.0,0,10,0,0.0,0.0,N/A,20.91,15.06,Band A,0.0,432,23,966,534,0,0,4,93,432
FC-001,Home Care,ITC,FC-Alpha,SKU-00754,"Mangaldeep Premium Sandal Agarbatti, 14g Box",Agarbatti,3,19,4,VND-068,ITC Limited - Region Epsilon,200000,VALUE,480,240,2.0,3845.0,158,"{""sellable"": 158.0, ""contingency"": null, ""pending_putaway"": null, ""under_transfer"": null}",60,0.025,18/03/26,"{""open_po_1"": {""promise_date"": ""2026-03-18"", ""orderedquantity"": 240.0, ""order_item_amount"": 1922.4, ""open_po_cases"": 1.0, ""mrp"": 10.0, ""price_per_unit"": 8.01, ""order_id"": ""PO-00060"", ""po_raising_drr"": 52.0, ""po_raising_total_space"": 480.0, ""po_raising_final_available_space"": 274.0, ""order_date"": ""2026-03-14""}}",240,1922.0,1.0,0,6,0,0.0,0.0,N/A,10.99,7.52,Band B,2.6333333333333333,398,23,1380,982,82,0,5,111,398
FC-001,Home Care,ITC,FC-Alpha,SKU-00760,"Mangaldeep Sadhvi Puja Agarbattis, 100Pcs Box",Agarbatti,3,19,4,VND-068,ITC Limited - Region Epsilon,200000,VALUE,240,120,2.0,5993.0,0,"{""sellable"": null, ""contingency"": null, ""pending_putaway"": null, ""under_transfer"": null}",20,0.125,18/03/26,"{""open_po_1"": {""promise_date"": ""2026-03-18"", ""orderedquantity"": 240.0, ""order_item_amount"": 5992.8, ""open_po_cases"": 2.0, ""mrp"": 35.0, ""price_per_unit"": 24.970000000000002, ""order_id"": ""PO-00060"", ""po_raising_drr"": 27.0, ""po_raising_total_space"": 240.0, ""po_raising_final_available_space"": 240.0, ""order_date"": ""2026-03-14""}}",240,5993.0,2.0,0,12,0,0.0,0.0,N/A,31.92,24.87,Band B,0.0,240,23,460,220,0,0,2,68,240
FC-001,Home Care,ITC,FC-Alpha,SKU-00815,"Mangaldeep Flora Premium Incense Sticks, Bouquet, 12Pcs Box",Agarbatti,3,17,4,VND-068,ITC Limited - Region Epsilon,200000,VALUE,480,240,2.0,3845.0,283,"{""sellable"": 283.0, ""contingency"": null, ""pending_putaway"": null, ""under_transfer"": null}",18,0.027,,{},0,0.0,0.0,0,15,0,0.0,0.0,N/A,8.53,8.2,Band B,15.722222222222221,283,21,378,95,197,0,1,102,283
FC-001,Home Care,ITC,FC-Alpha,SKU-00816,"Mangaldeep Flora Premium Incense Sticks, Rose, 14g Box",Agarbatti,3,19,4,VND-068,ITC Limited - Region Epsilon,200000,VALUE,960,240,4.0,7690.0,454,"{""sellable"": 454.0, ""contingency"": null, ""pending_putaway"": null, ""under_transfer"": null}",94,0.028,18/03/26,"{""open_po_1"": {""promise_date"": ""2026-03-18"", ""orderedquantity"": 240.0, ""order_item_amount"": 1922.4, ""open_po_cases"": 1.0, ""mrp"": 10.0, ""price_per_unit"": 8.01, ""order_id"": ""PO-00060"", ""po_raising_drr"": 76.0, ""po_raising_total_space"": 960.0, ""po_raising_final_available_space"": 414.0, ""order_date"": ""2026-03-14""}}",240,1922.0,1.0,240,9,1,1658.4,0.0067,FAIL,8.91,6.91,Band A,4.829787234042553,694,23,2162,1468,266,1,7,121,934
FC-001,Home Care,ITC,FC-Alpha,SKU-00971,"Mangaldeep Sandal Dhoop, 20Pcs Box",Pooja Needs,3,17,4,VND-068,ITC Limited - Region Epsilon,200000,VALUE,384,192,2.0,2673.0,156,"{""sellable"": 156.0, ""contingency"": null, ""pending_putaway"": null, ""under_transfer"": null}",22,0.06,,{},0,0.0,0.0,192,15,1,1184.64,0.0115,FAIL,27.55,6.17,Band B,7.090909090909091,156,21,462,306,228,1,2,169,348
FC-001,Personal Care,Jyothy Labs Limited,FC-Alpha,SKU-00332,"Margo Vitamin E Bathing Bar, 400g Box (4Pcs x 100g)",Soaps,1,25,7,VND-033,BAJRANG TRADERS - Region Alpha,150000,VALUE,72,36,2.0,9239.04,51,"{""sellable"": 51.0, ""contingency"": null, ""pending_putaway"": null, ""under_transfer"": null}",2,0.52,,{},0,0.0,0.0,0,25,0,0.0,0.0,N/A,145.61,109.12,Band B,25.5,51,32,64,13,21,0,1,39,51
FC-001,Baby Care,Himalaya Wellness Company,FC-Alpha,SKU-00439,"Himalaya Nourishing Baby Soap, 75g Box",Baby Soaps,2,14,4,VND-006,HIMALAYA WELLNESS COMPANY - Region Epsilon,50000,VALUE,72,72,1.0,3360.0,0,"{""sellable"": null, ""contingency"": null, ""pending_putaway"": null, ""under_transfer"": null}",0,0.075,05/03/26,"{""open_po_1"": {""promise_date"": ""2026-03-05"", ""orderedquantity"": 72.0, ""order_item_amount"": 3360.24, ""open_po_cases"": 1.0, ""mrp"": 62.0, ""price_per_unit"": 46.669999999999995, ""order_id"": ""PO-00007"", ""po_raising_drr"": 1.0, ""po_raising_total_space"": 72.0, ""po_raising_final_available_space"": 72.0, ""order_date"": ""2026-02-26""}}",72,3360.0,1.0,0,0,0,0.0,0.0,N/A,63.84,40.25,Band C,0.0,72,18,0,0,0,0,0,0,72
FC-001,Baby Care,Himalaya Wellness Company,FC-Alpha,SKU-00462,"Himalaya Gentle Baby Cream, Extra Soft & Gentle, 50ml Tube",Baby Creams,2,14,4,VND-006,HIMALAYA WELLNESS COMPANY - Region Epsilon,50000,VALUE,50,120,0.0,3576.0,2,"{""sellable"": null, ""contingency"": null, ""pending_putaway"": 2.0, ""under_transfer"": null}",0,0.06,,{},0,0.0,0.0,0,0,0,0.0,0.0,N/A,85.2,63.97,Band C,0.0,2,18,0,0,48,0,0,0,2
FC-001,Baby Care,Himalaya Wellness Company,FC-Alpha,SKU-00519,"Himalaya Gentle Baby Powder, 50g Bottle",Baby Powder,2,14,4,VND-006,HIMALAYA WELLNESS COMPANY - Region Epsilon,50000,VALUE,72,72,1.0,3090.0,7,"{""sellable"": 7.0, ""contingency"": null, ""pending_putaway"": null, ""under_transfer"": null}",0,0.05,05/03/26,"{""open_po_1"": {""promise_date"": ""2026-03-05"", ""orderedquantity"": 72.0, ""order_item_amount"": 3089.52, ""open_po_cases"": 1.0, ""mrp"": 57.0, ""price_per_unit"": 42.91, ""order_id"": ""PO-00007"", ""po_raising_drr"": 0.0, ""po_raising_total_space"": 72.0, ""po_raising_final_available_space"": 65.0, ""order_date"": ""2026-02-26""}}",72,3090.0,1.0,0,0,0,0.0,0.0,N/A,49.44,48.9,,0.0,79,18,0,0,0,0,0,0,79
FC-001,Baby Care,Himalaya Wellness Company,FC-Alpha,SKU-00708,"Himalaya Refreshing Baby Soap, 75g Box",Baby Soaps,2,14,4,VND-006,HIMALAYA WELLNESS COMPANY - Region Epsilon,50000,VALUE,72,72,1.0,3360.0,0,"{""sellable"": null, ""contingency"": null, ""pending_putaway"": null, ""under_transfer"": null}",0,0.075,05/03/26,"{""open_po_1"": {""promise_date"": ""2026-03-05"", ""orderedquantity"": 72.0, ""order_item_amount"": 3360.24, ""open_po_cases"": 1.0, ""mrp"": 62.0, ""price_per_unit"": 46.669999999999995, ""order_id"": ""PO-00008"", ""po_raising_drr"": 0.0, ""po_raising_total_space"": 144.0, ""po_raising_final_available_space"": 72.0, ""order_date"": ""2026-02-26""}, ""open_po_2"": {""promise_date"": ""2026-03-05"", ""orderedquantity"": 72.0, ""order_item_amount"": 3360.24, ""open_po_cases"": 1.0, ""mrp"": 62.0, ""price_per_unit"": 46.669999999999995, ""order_id"": ""PO-00007"", ""po_raising_drr"": 0.0, ""po_raising_total_space"": 144.0, ""po_raising_final_available_space"": 144.0, ""order_date"": ""2026-02-26""}}",144,6720.0,2.0,0,0,0,0.0,0.0,N/A,63.88,53.0,,0.0,144,18,0,0,0,0,0,0,144
FC-001,Baby Care,Himalaya Wellness Company,FC-Alpha,SKU-00709,"Himalaya Gentle Baby Soap, 75g Box",Baby Soaps,2,14,4,VND-006,HIMALAYA WELLNESS COMPANY - Region Epsilon,50000,VALUE,72,72,1.0,3360.0,0,"{""sellable"": null, ""contingency"": null, ""pending_putaway"": null, ""under_transfer"": null}",0,0.08,05/03/26,"{""open_po_1"": {""promise_date"": ""2026-03-05"", ""orderedquantity"": 72.0, ""order_item_amount"": 3360.24, ""open_po_cases"": 1.0, ""mrp"": 62.0, ""price_per_unit"": 46.669999999999995, ""order_id"": ""PO-00007"", ""po_raising_drr"": 0.0, ""po_raising_total_space"": 144.0, ""po_raising_final_available_space"": 144.0, ""order_date"": ""2026-02-26""}, ""open_po_2"": {""promise_date"": ""2026-03-05"", ""orderedquantity"": 72.0, ""order_item_amount"": 3360.24, ""open_po_cases"": 1.0, ""mrp"": 62.0, ""price_per_unit"": 46.669999999999995, ""order_id"": ""PO-00008"", ""po_raising_drr"": 0.0, ""po_raising_total_space"": 144.0, ""po_raising_final_available_space"": 72.0, ""order_date"": ""2026-02-26""}}",144,6720.0,2.0,0,0,0,0.0,0.0,N/A,53.08,51.82,,0.0,144,18,0,0,0,0,0,0,144
FC-001,Personal Care,Himalaya Wellness Company,FC-Alpha,SKU-00436,"Himalaya Ayurveda Clear Skin Soap, 75g Box",Soaps,2,14,4,VND-006,HIMALAYA WELLNESS COMPANY - Region Epsilon,50000,VALUE,90,90,1.0,3364.2,0,"{""sellable"": null, ""contingency"": null, ""pending_putaway"": null, ""under_transfer"": null}",0,0.08,05/03/26,"{""open_po_1"": {""promise_date"": ""2026-03-05"", ""orderedquantity"": 90.0, ""order_item_amount"": 3364.2, ""open_po_cases"": 1.0, ""mrp"": 44.0, ""price_per_unit"": 37.379999999999995, ""order_id"": ""PO-00007"", ""po_raising_drr"": 0.0, ""po_raising_total_space"": 90.0, ""po_raising_final_available_space"": 90.0, ""order_date"": ""2026-02-26""}}",90,3364.2,1.0,0,0,0,0.0,0.0,N/A,43.74,36.98,Band C,0.0,90,18,0,0,0,0,0,0,90
FC-001,Personal Care,Himalaya Wellness Company,FC-Alpha,SKU-00438,"Himalaya Purifying Neem Face Wash, 50ml Tube",Face Wash,2,14,4,VND-006,HIMALAYA WELLNESS COMPANY - Region Epsilon,50000,VALUE,288,72,4.0,19575.36,1,"{""sellable"": null, ""contingency"": null, ""pending_putaway"": 1.0, ""under_transfer"": null}",0,0.06,05/03/26,"{""open_po_1"": {""promise_date"": ""2026-03-05"", ""orderedquantity"": 72.0, ""order_item_amount"": 4893.84, ""open_po_cases"": 1.0, ""mrp"": 80.0, ""price_per_unit"": 67.97, ""order_id"": ""PO-00008"", ""po_raising_drr"": 1.0, ""po_raising_total_space"": 288.0, ""po_raising_final_available_space"": 216.0, ""order_date"": ""2026-02-26""}, ""open_po_2"": {""promise_date"": ""2026-03-05"", ""orderedquantity"": 72.0, ""order_item_amount"": 4893.84, ""open_po_cases"": 1.0, ""mrp"": 80.0, ""price_per_unit"": 67.97, ""order_id"": ""PO-00007"", ""po_raising_drr"": 1.0, ""po_raising_total_space"": 288.0, ""po_raising_final_available_space"": 288.0, ""order_date"": ""2026-02-26""}}",144,9787.68,2.0,0,0,0,0.0,0.0,N/A,89.03,77.42,Band C,0.0,145,18,0,0,143,1,0,0,145
FC-001,Home Care,N.Ranga Rao & Sons Pvt. Ltd.,FC-Alpha,SKU-00301,"Cycle Lia Jas Agarbatti, 41g Box",Agarbatti,2,14,4,VND-070,PATNA BAZAR - Khagaul,40000,VALUE,60,60,1.0,2749.0,24,"{""sellable"": 24.0, ""contingency"": null, ""pending_putaway"": null, ""under_transfer"": null}",1,0.13,,{},0,0.0,0.0,0,24,0,0.0,0.0,N/A,55.31,42.73,Band C,24.0,24,18,18,0,36,0,0,16,24
FC-001,Home Care,N.Ranga Rao & Sons Pvt. Ltd.,FC-Alpha,SKU-00368,"Cycle Lia Chandanam Agarbatti, 90g Box",Agarbatti,2,14,4,VND-070,PATNA BAZAR - Khagaul,40000,VALUE,60,60,1.0,2749.0,60,"{""sellable"": 60.0, ""contingency"": null, ""pending_putaway"": null, ""under_transfer"": null}",1,0.11,,{},0,0.0,0.0,0,60,0,0.0,0.0,N/A,47.52,43.16,Band C,60.0,60,18,18,0,0,0,0,16,60
FC-001,Home Care,N.Ranga Rao & Sons Pvt. Ltd.,FC-Alpha,SKU-00435,"Cycle Naivedya Sambrani, 12Pcs Box",Pooja Needs,2,14,4,VND-070,PATNA BAZAR - Khagaul,40000,VALUE,130,78,2.0,7410.0,32,"{""sellable"": 32.0, ""contingency"": null, ""pending_putaway"": null, ""under_transfer"": null}",2,0.18,,{},0,0.0,0.0,78,55,1,4831.32,0.014,FAIL,64.79,61.94,Band B,16.0,32,18,36,4,98,1,1,9,110
FC-001,Home Care,Procter & Gamble,FC-Alpha,SKU-00266,"Tide Plus Double Power Detergent Powder, Jasmine & Rose, Rs.10 Pack",Laundry Detergents,2,27,4,VND-057,P&G (Kalawati Enterprises Pvt Limited- Bihar),120000,VALUE,60,60,1.0,491.0,0,"{""sellable"": null, ""contingency"": null, ""pending_putaway"": null, ""under_transfer"": null}",22,0.078,,{},0,0.0,0.0,60,2,1,534.6,0.0047,FAIL,10.25,8.91,Band C,0.0,0,31,682,682,60,1,12,225,60
FC-001,Home Care,Procter & Gamble,FC-Alpha,SKU-00267,"Tide Plus Double Power Detergent Powder, Lemon & Mint, 500g Pack",Laundry Detergents,2,27,4,VND-057,P&G (Kalawati Enterprises Pvt Limited- Bihar),120000,VALUE,96,48,2.0,5058.0,79,"{""sellable"": 78.0, ""contingency"": null, ""pending_putaway"": null, ""under_transfer"": null}",3,0.508,,{},0,0.0,0.0,0,26,0,0.0,0.0,N/A,61.86,57.79,Band B,26.333333333333332,79,31,93,14,17,0,1,44,79
FC-001,Home Care,Procter & Gamble,FC-Alpha,SKU-00268,"Tide Plus Double Power Detergent Powder, Lemon & Mint, 1Kg Pack",Laundry Detergents,2,27,4,VND-057,P&G (Kalawati Enterprises Pvt Limited- Bihar),120000,VALUE,48,24,2.0,5227.0,0,"{""sellable"": null, ""contingency"": null, ""pending_putaway"": null, ""under_transfer"": null}",6,1.013,16/03/26,"{""open_po_1"": {""promise_date"": ""2026-03-16"", ""orderedquantity"": 24.0, ""order_item_amount"": 2613.36, ""open_po_cases"": 1.0, ""mrp"": 124.0, ""price_per_unit"": 108.89, ""order_id"": ""PO-00025"", ""po_raising_drr"": 1.0, ""po_raising_total_space"": 48.0, ""po_raising_final_available_space"": 5.0, ""order_date"": ""2026-03-12""}, ""open_po_2"": {""promise_date"": ""2026-03-16"", ""orderedquantity"": 24.0, ""order_item_amount"": 2613.36, ""open_po_cases"": 1.0, ""mrp"": 124.0, ""price_per_unit"": 108.89, ""order_id"": ""PO-00026"", ""po_raising_drr"": 1.0, ""po_raising_total_space"": 48.0, ""po_raising_final_available_space"": 29.0, ""order_date"": ""2026-03-12""}}",48,5227.0,2.0,0,8,0,0.0,0.0,N/A,138.66,120.57,Band B,0.0,48,31,186,138,0,0,6,42,48
FC-001,Home Care,Procter & Gamble,FC-Alpha,SKU-00269,"Tide Plus Double Power Detergent Powder, Jasmine & Rose, 500g Pack",Laundry Detergents,2,27,4,VND-057,P&G (Kalawati Enterprises Pvt Limited- Bihar),120000,VALUE,96,48,2.0,5058.0,24,"{""sellable"": 24.0, ""contingency"": null, ""pending_putaway"": null, ""under_transfer"": null}",15,0.515,,"{""open_po_1"": {""promise_date"": null, ""orderedquantity"": 48.0, ""order_item_amount"": 2529.12, ""open_po_cases"": 1.0, ""mrp"": 60.0, ""price_per_unit"": 52.69, ""order_id"": ""PO-00047"", ""po_raising_drr"": 15.0, ""po_raising_total_space"": 96.0, ""po_raising_final_available_space"": 48.0, ""order_date"": ""2026-03-16""}, ""open_po_2"": {""promise_date"": null, ""orderedquantity"": 48.0, ""order_item_amount"": 2529.12, ""open_po_cases"": 1.0, ""mrp"": 60.0, ""price_per_unit"": 52.69, ""order_id"": ""PO-00048"", ""po_raising_drr"": 15.0, ""po_raising_total_space"": 96.0, ""po_raising_final_available_space"": 96.0, ""order_date"": ""2026-03-16""}}",96,5058.0,2.0,0,8,0,0.0,0.0,N/A,68.17,59.28,Band B,1.6,120,31,465,345,0,0,8,43,120
FC-001,Home Care,Procter & Gamble,FC-Alpha,SKU-00270,"Tide Plus Double Power Detergent Powder, Jasmine & Rose, 1Kg Pack",Laundry Detergents,2,27,4,VND-057,P&G (Kalawati Enterprises Pvt Limited- Bihar),120000,VALUE,96,24,4.0,10117.0,90,"{""sellable"": 64.0, ""contingency"": 21.0, ""pending_putaway"": 3.0, ""under_transfer"": 16.0}",10,1.0,,{},0,0.0,0.0,0,9,0,0.0,0.0,N/A,112.39,103.2,Band A,9.0,90,31,310,220,6,0,10,49,90
FC-001,Home Care,Procter & Gamble,FC-Alpha,SKU-00275,"Tide Plus Double Power Detergent Powder, Lemon & Mint, Rs.10 Pack",Laundry Detergents,2,27,4,VND-057,P&G (Kalawati Enterprises Pvt Limited- Bihar),120000,VALUE,480,60,8.0,3925.0,286,"{""sellable"": 276.0, ""contingency"": 10.0, ""pending_putaway"": null, ""under_transfer"": 10.0}",73,0.045,,"{""open_po_1"": {""promise_date"": null, ""orderedquantity"": 60.0, ""order_item_amount"": 490.8, ""open_po_cases"": 1.0, ""mrp"": 10.0, ""price_per_unit"": 8.18, ""order_id"": ""PO-00047"", ""po_raising_drr"": 73.0, ""po_raising_total_space"": 480.0, ""po_raising_final_available_space"": 4.0, ""order_date"": ""2026-03-16""}, ""open_po_2"": {""promise_date"": null, ""orderedquantity"": 300.0, ""order_item_amount"": 2454.0, ""open_po_cases"": 5.0, ""mrp"": 10.0, ""price_per_unit"": 8.18, ""order_id"": ""PO-00048"", ""po_raising_drr"": 73.0, ""po_raising_total_space"": 480.0, ""po_raising_final_available_space"": 304.0, ""order_date"": ""2026-03-16""}}",360,2945.0,6.0,0,8,0,0.0,0.0,N/A,9.57,7.74,Band B,3.9178082191780823,646,31,2263,1617,0,0,27,259,646
FC-001,Home Care,Procter & Gamble,FC-Alpha,SKU-00314,"Ariel Perfect Wash Detergent Powder, 45g Pack",Laundry Detergents,2,27,4,VND-057,P&G (Kalawati Enterprises Pvt Limited- Bihar),120000,VALUE,2820,60,47.0,23059.0,1191,"{""sellable"": 1146.0, ""contingency"": null, ""pending_putaway"": 45.0, ""under_transfer"": null}",349,0.057,,{},0,0.0,0.0,1620,8,27,13575.6,0.0923,FAIL,10.66,8.38,Band A,3.4126074498567336,1191,31,10819,9628,1629,27,161,239,2811
FC-001,Home Care,Procter & Gamble,FC-Alpha,SKU-00466,"Ariel Perfect Wash Detergent Powder, 500g Standup Pouch",Laundry Detergents,2,27,4,VND-057,P&G (Kalawati Enterprises Pvt Limited- Bihar),120000,VALUE,192,48,4.0,10959.0,106,"{""sellable"": 106.0, ""contingency"": null, ""pending_putaway"": null, ""under_transfer"": null}",25,0.515,,"{""open_po_1"": {""promise_date"": null, ""orderedquantity"": 48.0, ""order_item_amount"": 2739.84, ""open_po_cases"": 1.0, ""mrp"": 65.0, ""price_per_unit"": 57.080000000000005, ""order_id"": ""PO-00047"", ""po_raising_drr"": 25.0, ""po_raising_total_space"": 192.0, ""po_raising_final_available_space"": 24.0, ""order_date"": ""2026-03-16""}}",48,2740.0,1.0,0,6,0,0.0,0.0,N/A,61.04,54.87,Band A,4.24,154,31,775,621,38,0,13,46,154
FC-001,Home Care,Procter & Gamble,FC-Alpha,SKU-00625,"Tide Naturals Detergent Powder, Lemon & Chandan, 500g Pack",Laundry Detergents,2,27,4,VND-057,P&G (Kalawati Enterprises Pvt Limited- Bihar),120000,VALUE,96,48,2.0,3846.0,57,"{""sellable"": 57.0, ""contingency"": null, ""pending_putaway"": null, ""under_transfer"": null}",2,0.51,,{},0,0.0,0.0,0,28,0,0.0,0.0,N/A,45.9,41.29,Band C,28.5,57,31,62,5,39,0,1,61,57
FC-001,Home Care,Procter & Gamble,FC-Alpha,SKU-00639,"Tide Naturals Detergent Powder, Lemon & Chandan, 1Kg Pack",Laundry Detergents,2,27,4,VND-057,P&G (Kalawati Enterprises Pvt Limited- Bihar),120000,VALUE,48,24,2.0,3761.0,50,"{""sellable"": 48.0, ""contingency"": 2.0, ""pending_putaway"": null, ""under_transfer"": null}",1,1.01,,{},0,0.0,0.0,0,50,0,0.0,0.0,N/A,87.37,83.18,Band C,50.0,50,31,31,0,0,0,0,61,50
FC-001,Home Care,Procter & Gamble,FC-Alpha,SKU-01039,"Ariel Matic Liquid Detergent, Front Load, 50ml Pack",Laundry Detergents,2,26,5,VND-057,P&G (Kalawati Enterprises Pvt Limited- Bihar),120000,VALUE,288,144,2.0,2446.0,1,"{""sellable"": 1.0, ""contingency"": null, ""pending_putaway"": null, ""under_transfer"": null}",0,0.046,16/03/26,"{""open_po_1"": {""promise_date"": ""2026-03-16"", ""orderedquantity"": 144.0, ""order_item_amount"": 1222.56, ""open_po_cases"": 1.0, ""mrp"": 10.0, ""price_per_unit"": 8.49, ""order_id"": ""PO-00025"", ""po_raising_drr"": 0.0, ""po_raising_total_space"": 288.0, ""po_raising_final_available_space"": 143.0, ""order_date"": ""2026-03-12""}, ""open_po_2"": {""promise_date"": ""2026-03-16"", ""orderedquantity"": 144.0, ""order_item_amount"": 1222.56, ""open_po_cases"": 1.0, ""mrp"": 10.0, ""price_per_unit"": 8.49, ""order_id"": ""PO-00026"", ""po_raising_drr"": 0.0, ""po_raising_total_space"": 288.0, ""po_raising_final_available_space"": 287.0, ""order_date"": ""2026-03-12""}}",288,2445.0,2.0,0,0,0,0.0,0.0,N/A,10.49,8.97,,0.0,289,31,0,0,0,0,0,0,289
FC-001,Home Care,Procter & Gamble,FC-Alpha,SKU-01040,"Ariel Power Gel Liquid Detergent, Top Load, 50g Pack",Laundry Detergents,2,26,5,VND-057,P&G (Kalawati Enterprises Pvt Limited- Bihar),120000,VALUE,288,144,2.0,2446.0,8,"{""sellable"": 8.0, ""contingency"": null, ""pending_putaway"": null, ""under_transfer"": null}",0,0.046,16/03/26,"{""open_po_1"": {""promise_date"": ""2026-03-16"", ""orderedquantity"": 144.0, ""order_item_amount"": 1222.56, ""open_po_cases"": 1.0, ""mrp"": 10.0, ""price_per_unit"": 8.49, ""order_id"": ""PO-00026"", ""po_raising_drr"": 0.0, ""po_raising_total_space"": 288.0, ""po_raising_final_available_space"": 280.0, ""order_date"": ""2026-03-12""}, ""open_po_2"": {""promise_date"": ""2026-03-16"", ""orderedquantity"": 144.0, ""order_item_amount"": 1222.56, ""open_po_cases"": 1.0, ""mrp"": 10.0, ""price_per_unit"": 8.49, ""order_id"": ""PO-00025"", ""po_raising_drr"": 0.0, ""po_raising_total_space"": 288.0, ""po_raising_final_available_space"": 136.0, ""order_date"": ""2026-03-12""}}",288,2445.0,2.0,0,0,0,0.0,0.0,N/A,11.31,8.17,,0.0,296,31,0,0,0,0,0,0,296
FC-001,"Biscuit, Confectionary & Snacks",SAJ Food Products (P) Ltd,FC-Alpha,SKU-00300,"Bisk Farm Googly Biscuits, 80g Pack",Crackers & Sweet Biscuits,2,15,4,VND-026,MUSHKAN ENTERPRISES - Region Alpha,60000,VALUE,5544,72,77.0,47179.0,3417,"{""sellable"": 2709.0, ""contingency"": 648.0, ""pending_putaway"": 60.0, ""under_transfer"": 648.0}",365,0.09,12/03/26,"{""open_po_1"": {""promise_date"": ""2026-03-12"", ""orderedquantity"": 72.0, ""order_item_amount"": 612.72, ""open_po_cases"": 1.0, ""mrp"": 10.0, ""price_per_unit"": 8.51, ""order_id"": ""PO-00004"", ""po_raising_drr"": 367.0, ""po_raising_total_space"": 5544.0, ""po_raising_final_available_space"": 299.0, ""order_date"": ""2026-03-10""}}",72,613.0,1.0,2016,15,28,15442.56,0.1814,FAIL,9.26,7.66,Band A,9.361643835616439,3489,19,6935,3446,2055,28,48,109,5505
FC-001,"Biscuit, Confectionary & Snacks",SAJ Food Products (P) Ltd,FC-Alpha,SKU-00343,"Bisk Farm The Top Butter Munch Biscuit, 200g Pack",Crackers & Sweet Biscuits,2,15,4,VND-026,MUSHKAN ENTERPRISES - Region Alpha,60000,VALUE,168,24,7.0,4287.0,11,"{""sellable"": null, ""contingency"": 3.0, ""pending_putaway"": 8.0, ""under_transfer"": 3.0}",30,0.2,12/03/26,"{""open_po_1"": {""promise_date"": ""2026-03-12"", ""orderedquantity"": 24.0, ""order_item_amount"": 612.48, ""open_po_cases"": 1.0, ""mrp"": 30.0, ""price_per_unit"": 25.52, ""order_id"": ""PO-00004"", ""po_raising_drr"": 36.0, ""po_raising_total_space"": 168.0, ""po_raising_final_available_space"": 36.0, ""order_date"": ""2026-03-10""}}",24,612.0,1.0,120,5,5,2751.6,0.024,FAIL,30.86,22.93,Band A,0.36666666666666664,35,19,570,535,133,5,23,110,155
FC-001,"Biscuit, Confectionary & Snacks",SAJ Food Products (P) Ltd,FC-Alpha,SKU-00345,"Bisk Farm Googly Biscuits, 200g Pack",Crackers & Sweet Biscuits,2,15,4,VND-026,MUSHKAN ENTERPRISES - Region Alpha,60000,VALUE,936,24,39.0,27865.0,607,"{""sellable"": 607.0, ""contingency"": null, ""pending_putaway"": null, ""under_transfer"": null}",61,0.2,12/03/26,"{""open_po_1"": {""promise_date"": ""2026-03-12"", ""orderedquantity"": 120.0, ""order_item_amount"": 3572.4, ""open_po_cases"": 5.0, ""mrp"": 35.0, ""price_per_unit"": 29.77, ""order_id"": ""PO-00004"", ""po_raising_drr"": 124.0, ""po_raising_total_space"": 936.0, ""po_raising_final_available_space"": 124.0, ""order_date"": ""2026-03-10""}}",120,3572.0,5.0,192,15,8,5761.92,0.0384,FAIL,33.41,30.01,Band A,9.950819672131148,727,19,1159,432,209,8,18,84,919
FC-001,"Biscuit, Confectionary & Snacks",SAJ Food Products (P) Ltd,FC-Alpha,SKU-00956,"Bisk Farm Rich Marie Biscuits, 300g Pack",Marie Biscuits,2,10,4,VND-026,MUSHKAN ENTERPRISES - Region Alpha,60000,VALUE,40,20,2.0,1361.0,0,"{""sellable"": null, ""contingency"": null, ""pending_putaway"": null, ""under_transfer"": null}",2,0.3,12/03/26,"{""open_po_1"": {""promise_date"": ""2026-03-12"", ""orderedquantity"": 40.0, ""order_item_amount"": 1360.8, ""open_po_cases"": 2.0, ""mrp"": 40.0, ""price_per_unit"": 34.019999999999996, ""order_id"": ""PO-00004"", ""po_raising_drr"": 5.0, ""po_raising_total_space"": 40.0, ""po_raising_final_available_space"": 40.0, ""order_date"": ""2026-03-10""}}",40,1361.0,2.0,0,20,0,0.0,0.0,N/A,45.58,29.73,Band C,0.0,40,14,28,0,0,0,0,101,40
FC-001,"Biscuit, Confectionary & Snacks",SAJ Food Products (P) Ltd,FC-Alpha,SKU-01009,"Bisk Farm Jeera Wonder Biscuits, 45g Pack",Digestive Biscuits,2,15,4,VND-026,MUSHKAN ENTERPRISES - Region Alpha,60000,VALUE,1008,120,8.0,4294.0,158,"{""sellable"": 158.0, ""contingency"": null, ""pending_putaway"": null, ""under_transfer"": null}",152,0.045,12/03/26,"{""open_po_1"": {""promise_date"": ""2026-03-12"", ""orderedquantity"": 240.0, ""order_item_amount"": 1022.4, ""open_po_cases"": 2.0, ""mrp"": 5.0, ""price_per_unit"": 4.26, ""order_id"": ""PO-00004"", ""po_raising_drr"": 130.0, ""po_raising_total_space"": 1008.0, ""po_raising_final_available_space"": 318.0, ""order_date"": ""2026-03-10""}}",240,1022.0,2.0,600,6,5,2832.0,0.027,FAIL,5.66,4.72,Band A,1.0394736842105263,398,19,2888,2490,610,5,21,106,998
FC-001,"Biscuit, Confectionary & Snacks",SAJ Food Products (P) Ltd,FC-Alpha,SKU-01072,"Bisk Farm Jeera Wonder Biscuits, 200g Pack",Digestive Biscuits,2,15,4,VND-026,MUSHKAN ENTERPRISES - Region Alpha,60000,VALUE,420,30,14.0,10718.0,243,"{""sellable"": 237.0, ""contingency"": 6.0, ""pending_putaway"": null, ""under_transfer"": 6.0}",45,0.21,12/03/26,"{""open_po_1"": {""promise_date"": ""2026-03-12"", ""orderedquantity"": 60.0, ""order_item_amount"": 1531.2, ""open_po_cases"": 2.0, ""mrp"": 30.0, ""price_per_unit"": 25.52, ""order_id"": ""PO-00004"", ""po_raising_drr"": 61.0, ""po_raising_total_space"": 420.0, ""po_raising_final_available_space"": 61.0, ""order_date"": ""2026-03-10""}}",60,1531.0,2.0,90,8,3,2441.7,0.0189,FAIL,32.17,27.13,Band A,5.4,303,19,855,552,117,3,19,74,393
FC-001,"Biscuit, Confectionary & Snacks",SAJ Food Products (P) Ltd,FC-Alpha,SKU-01076,"Bisk Farm Googly Biscuits, 40g Pack",Crackers & Sweet Biscuits,2,15,4,VND-026,MUSHKAN ENTERPRISES - Region Alpha,60000,VALUE,3120,120,26.0,13291.0,2052,"{""sellable"": 1956.0, ""contingency"": null, ""pending_putaway"": 96.0, ""under_transfer"": null}",170,0.04,,{},0,0.0,0.0,960,17,8,4483.2,0.0384,FAIL,5.37,4.67,Band A,12.070588235294117,2052,19,3230,1178,1068,8,10,108,3012
FC-001,"Biscuit, Confectionary & Snacks",SAJ Food Products (P) Ltd,FC-Alpha,SKU-01080,"Bisk Farm Sugar Free Cream Cracker, 300g Pack",Crackers & Sweet Biscuits,2,10,4,VND-026,MUSHKAN ENTERPRISES - Region Alpha,60000,VALUE,40,20,2.0,1531.0,0,"{""sellable"": null, ""contingency"": null, ""pending_putaway"": null, ""under_transfer"": null}",1,0.3,12/03/26,"{""open_po_1"": {""promise_date"": ""2026-03-12"", ""orderedquantity"": 20.0, ""order_item_amount"": 765.6, ""open_po_cases"": 1.0, ""mrp"": 45.0, ""price_per_unit"": 38.28, ""order_id"": ""PO-00004"", ""po_raising_drr"": 3.0, ""po_raising_total_space"": 40.0, ""po_raising_final_available_space"": 36.0, ""order_date"": ""2026-03-10""}}",20,766.0,1.0,20,40,1,764.2,0.006,FAIL,40.46,38.21,Band C,0.0,20,14,14,0,20,1,0,79,40
FC-001,Home Care,Ranjana Cosmo Chem Pvt. Ltd.,FC-Alpha,SKU-00012,"Airodo Sauvage Hanging Car Air Freshener, 10g Pack",Car Fresheners,4,12,4,VND-019,RANJANA COSMO CHEM PRIVATE LIMITED -UP,200000,VALUE,720,360,2.0,34243.0,0,"{""sellable"": null, ""contingency"": null, ""pending_putaway"": null, ""under_transfer"": null}",0,0.0,23/03/26,"{""open_po_1"": {""promise_date"": ""2026-03-23"", ""orderedquantity"": 360.0, ""order_item_amount"": 17121.6, ""open_po_cases"": 1.0, ""mrp"": 99.0, ""price_per_unit"": 47.559999999999995, ""order_id"": ""PO-00033"", ""po_raising_drr"": 0.0, ""po_raising_total_space"": 720.0, ""po_raising_final_available_space"": 720.0, ""order_date"": ""2026-03-12""}}",360,17122.0,1.0,0,0,0,0.0,0.0,N/A,94.08,49.51,,0.0,360,16,0,0,360,1,0,0,360
FC-001,Home Care,Ranjana Cosmo Chem Pvt. Ltd.,FC-Alpha,SKU-00013,"Airodo Citrus Blast Pocket Gel Air Freshener, 10g Pack",Home Fresheners,4,12,4,VND-019,RANJANA COSMO CHEM PRIVATE LIMITED -UP,200000,VALUE,864,432,2.0,26983.0,0,"{""sellable"": null, ""contingency"": null, ""pending_putaway"": null, ""under_transfer"": null}",0,0.0,23/03/26,"{""open_po_1"": {""promise_date"": ""2026-03-23"", ""orderedquantity"": 432.0, ""order_item_amount"": 13491.36, ""open_po_cases"": 1.0, ""mrp"": 65.0, ""price_per_unit"": 31.23, ""order_id"": ""PO-00033"", ""po_raising_drr"": 0.0, ""po_raising_total_space"": 864.0, ""po_raising_final_available_space"": 864.0, ""order_date"": ""2026-03-12""}}",432,13491.0,1.0,0,0,0,0.0,0.0,N/A,70.28,29.74,,0.0,432,16,0,0,432,1,0,0,432
FC-001,Home Care,Ranjana Cosmo Chem Pvt. Ltd.,FC-Alpha,SKU-00014,"Airodo Cool Water Hanging Car Air Freshener, 10g Pack",Car Fresheners,4,12,4,VND-019,RANJANA COSMO CHEM PRIVATE LIMITED -UP,200000,VALUE,720,360,2.0,34243.0,0,"{""sellable"": null, ""contingency"": null, ""pending_putaway"": null, ""under_transfer"": null}",0,0.0,23/03/26,"{""open_po_1"": {""promise_date"": ""2026-03-23"", ""orderedquantity"": 360.0, ""order_item_amount"": 17121.6, ""open_po_cases"": 1.0, ""mrp"": 99.0, ""price_per_unit"": 47.559999999999995, ""order_id"": ""PO-00033"", ""po_raising_drr"": 0.0, ""po_raising_total_space"": 720.0, ""po_raising_final_available_space"": 720.0, ""order_date"": ""2026-03-12""}}",360,17122.0,1.0,0,0,0,0.0,0.0,N/A,87.32,41.45,,0.0,360,16,0,0,360,1,0,0,360
FC-001,Home Care,Ranjana Cosmo Chem Pvt. Ltd.,FC-Alpha,SKU-00015,"Airodo Oud Gold Hanging Car Air Freshener, 10g Pack",Car Fresheners,4,12,4,VND-019,RANJANA COSMO CHEM PRIVATE LIMITED -UP,200000,VALUE,720,360,2.0,34243.0,0,"{""sellable"": null, ""contingency"": null, ""pending_putaway"": null, ""under_transfer"": null}",0,0.0,23/03/26,"{""open_po_1"": {""promise_date"": ""2026-03-23"", ""orderedquantity"": 360.0, ""order_item_amount"": 17121.6, ""open_po_cases"": 1.0, ""mrp"": 99.0, ""price_per_unit"": 47.559999999999995, ""order_id"": ""PO-00033"", ""po_raising_drr"": 0.0, ""po_raising_total_space"": 720.0, ""po_raising_final_available_space"": 720.0, ""order_date"": ""2026-03-12""}}",360,17122.0,1.0,0,0,0,0.0,0.0,N/A,86.38,46.27,,0.0,360,16,0,0,360,1,0,0,360
FC-001,Home Care,Ranjana Cosmo Chem Pvt. Ltd.,FC-Alpha,SKU-00016,"Airodo Fruity Punch Pocket Gel Air Freshener, 10g Pack",Home Fresheners,4,12,4,VND-019,RANJANA COSMO CHEM PRIVATE LIMITED -UP,200000,VALUE,864,432,2.0,26983.0,0,"{""sellable"": null, ""contingency"": null, ""pending_putaway"": null, ""under_transfer"": null}",0,0.0,23/03/26,"{""open_po_1"": {""promise_date"": ""2026-03-23"", ""orderedquantity"": 432.0, ""order_item_amount"": 13491.36, ""open_po_cases"": 1.0, ""mrp"": 65.0, ""price_per_unit"": 31.23, ""order_id"": ""PO-00033"", ""po_raising_drr"": 0.0, ""po_raising_total_space"": 864.0, ""po_raising_final_available_space"": 864.0, ""order_date"": ""2026-03-12""}}",432,13491.0,1.0,0,0,0,0.0,0.0,N/A,69.45,29.46,,0.0,432,16,0,0,432,1,0,0,432
FC-001,Home Care,Ranjana Cosmo Chem Pvt. Ltd.,FC-Alpha,SKU-00017,"Airodo Floral Crush Pocket Gel Air Freshener, 10g Pack",Home Fresheners,4,12,4,VND-019,RANJANA COSMO CHEM PRIVATE LIMITED -UP,200000,VALUE,864,432,2.0,26983.0,0,"{""sellable"": null, ""contingency"": null, ""pending_putaway"": null, ""under_transfer"": null}",0,0.0,23/03/26,"{""open_po_1"": {""promise_date"": ""2026-03-23"", ""orderedquantity"": 432.0, ""order_item_amount"": 13491.36, ""open_po_cases"": 1.0, ""mrp"": 65.0, ""price_per_unit"": 31.23, ""order_id"": ""PO-00033"", ""po_raising_drr"": 0.0, ""po_raising_total_space"": 864.0, ""po_raising_final_available_space"": 864.0, ""order_date"": ""2026-03-12""}}",432,13491.0,1.0,0,0,0,0.0,0.0,N/A,64.91,32.89,,0.0,432,16,0,0,432,1,0,0,432
FC-001,Home Care,Ranjana Cosmo Chem Pvt. Ltd.,FC-Alpha,SKU-00018,"Airodo Magic Rose Pocket Gel Air Freshener, 10g Pack",Home Fresheners,4,12,4,VND-019,RANJANA COSMO CHEM PRIVATE LIMITED -UP,200000,VALUE,864,432,2.0,26983.0,0,"{""sellable"": null, ""contingency"": null, ""pending_putaway"": null, ""under_transfer"": null}",0,0.0,23/03/26,"{""open_po_1"": {""promise_date"": ""2026-03-23"", ""orderedquantity"": 432.0, ""order_item_amount"": 13491.36, ""open_po_cases"": 1.0, ""mrp"": 65.0, ""price_per_unit"": 31.23, ""order_id"": ""PO-00033"", ""po_raising_drr"": 0.0, ""po_raising_total_space"": 864.0, ""po_raising_final_available_space"": 864.0, ""order_date"": ""2026-03-12""}}",432,13491.0,1.0,0,0,0,0.0,0.0,N/A,68.67,32.22,,0.0,432,16,0,0,432,1,0,0,432
FC-001,Home Care,Ranjana Cosmo Chem Pvt. Ltd.,FC-Alpha,SKU-00019,"Mosquito Furr Camphor Active++ Double Power Liquid Vaporiser Refill + Machine, 45ml Box",Repellents,4,12,4,VND-019,RANJANA COSMO CHEM PRIVATE LIMITED -UP,200000,VALUE,144,72,2.0,8941.0,0,"{""sellable"": null, ""contingency"": null, ""pending_putaway"": null, ""under_transfer"": null}",0,0.0,23/03/26,"{""open_po_1"": {""promise_date"": ""2026-03-23"", ""orderedquantity"": 72.0, ""order_item_amount"": 4470.48, ""open_po_cases"": 1.0, ""mrp"": 105.0, ""price_per_unit"": 62.089999999999996, ""order_id"": ""PO-00033"", ""po_raising_drr"": 0.0, ""po_raising_total_space"": 144.0, ""po_raising_final_available_space"": 144.0, ""order_date"": ""2026-03-12""}}",72,4470.0,1.0,0,0,0,0.0,0.0,N/A,102.95,59.57,,0.0,72,16,0,0,72,1,0,0,72
FC-001,Home Care,Ranjana Cosmo Chem Pvt. Ltd.,FC-Alpha,SKU-00020,"Mosquito Furr Super Active++ Double Power Liquid Vaporiser Refill + Machine, 45ml Box",Repellents,4,12,4,VND-019,RANJANA COSMO CHEM PRIVATE LIMITED -UP,200000,VALUE,144,72,2.0,8941.0,0,"{""sellable"": null, ""contingency"": null, ""pending_putaway"": null, ""under_transfer"": null}",0,0.0,23/03/26,"{""open_po_1"": {""promise_date"": ""2026-03-23"", ""orderedquantity"": 72.0, ""order_item_amount"": 4470.48, ""open_po_cases"": 1.0, ""mrp"": 105.0, ""price_per_unit"": 62.089999999999996, ""order_id"": ""PO-00033"", ""po_raising_drr"": 0.0, ""po_raising_total_space"": 144.0, ""po_raising_final_available_space"": 144.0, ""order_date"": ""2026-03-12""}}",72,4470.0,1.0,0,0,0,0.0,0.0,N/A,97.01,56.84,,0.0,72,16,0,0,72,1,0,0,72
FC-001,Home Care,Ranjana Cosmo Chem Pvt. Ltd.,FC-Alpha,SKU-00023,"Mosquito Furr Camphor Active++ Double Power Liquid Vaporiser Refill, 45ml Bottle",Repellents,4,12,4,VND-019,RANJANA COSMO CHEM PRIVATE LIMITED -UP,200000,VALUE,240,120,2.0,10102.0,0,"{""sellable"": null, ""contingency"": null, ""pending_putaway"": null, ""under_transfer"": null}",0,0.0,23/03/26,"{""open_po_1"": {""promise_date"": ""2026-03-23"", ""orderedquantity"": 120.0, ""order_item_amount"": 5050.8, ""open_po_cases"": 1.0, ""mrp"": 85.0, ""price_per_unit"": 42.09, ""order_id"": ""PO-00033"", ""po_raising_drr"": 0.0, ""po_raising_total_space"": 240.0, ""po_raising_final_available_space"": 240.0, ""order_date"": ""2026-03-12""}}",120,5051.0,1.0,0,0,0,0.0,0.0,N/A,93.14,48.25,,0.0,120,16,0,0,120,1,0,0,120
FC-001,Home Care,Ranjana Cosmo Chem Pvt. Ltd.,FC-Alpha,SKU-00024,"Mosquito Furr Herbal Active++ Double Power Liquid Vaporiser Refill, 45ml Bottle",Repellents,4,12,4,VND-019,RANJANA COSMO CHEM PRIVATE LIMITED -UP,200000,VALUE,240,120,2.0,10102.0,0,"{""sellable"": null, ""contingency"": null, ""pending_putaway"": null, ""under_transfer"": null}",0,0.0,23/03/26,"{""open_po_1"": {""promise_date"": ""2026-03-23"", ""orderedquantity"": 120.0, ""order_item_amount"": 5050.8, ""open_po_cases"": 1.0, ""mrp"": 85.0, ""price_per_unit"": 42.09, ""order_id"": ""PO-00033"", ""po_raising_drr"": 0.0, ""po_raising_total_space"": 240.0, ""po_raising_final_available_space"": 240.0, ""order_date"": ""2026-03-12""}}",120,5051.0,1.0,0,0,0,0.0,0.0,N/A,92.64,41.51,,0.0,120,16,0,0,120,1,0,0,120
FC-001,Home Care,Ranjana Cosmo Chem Pvt. Ltd.,FC-Alpha,SKU-00025,"Mosquito Furr Herbal Active++ Double Power Liquid Vaporiser Refill + Machine, 45ml Box",Repellents,4,12,4,VND-019,RANJANA COSMO CHEM PRIVATE LIMITED -UP,200000,VALUE,144,72,2.0,8941.0,0,"{""sellable"": null, ""contingency"": null, ""pending_putaway"": null, ""under_transfer"": null}",0,0.0,23/03/26,"{""open_po_1"": {""promise_date"": ""2026-03-23"", ""orderedquantity"": 72.0, ""order_item_amount"": 4470.48, ""open_po_cases"": 1.0, ""mrp"": 105.0, ""price_per_unit"": 62.089999999999996, ""order_id"": ""PO-00033"", ""po_raising_drr"": 0.0, ""po_raising_total_space"": 144.0, ""po_raising_final_available_space"": 144.0, ""order_date"": ""2026-03-12""}}",72,4470.0,1.0,0,0,0,0.0,0.0,N/A,111.13,65.6,,0.0,72,16,0,0,72,1,0,0,72
FC-001,Home Care,Ranjana Cosmo Chem Pvt. Ltd.,FC-Alpha,SKU-00026,"Mosquito Furr Super Active++ Double Power Liquid Vaporiser Refill, 45ml Bottle",Repellents,4,12,4,VND-019,RANJANA COSMO CHEM PRIVATE LIMITED -UP,200000,VALUE,240,120,2.0,10102.0,0,"{""sellable"": null, ""contingency"": null, ""pending_putaway"": null, ""under_transfer"": null}",0,0.0,23/03/26,"{""open_po_1"": {""promise_date"": ""2026-03-23"", ""orderedquantity"": 120.0, ""order_item_amount"": 5050.8, ""open_po_cases"": 1.0, ""mrp"": 85.0, ""price_per_unit"": 42.09, ""order_id"": ""PO-00033"", ""po_raising_drr"": 0.0, ""po_raising_total_space"": 240.0, ""po_raising_final_available_space"": 240.0, ""order_date"": ""2026-03-12""}}",120,5051.0,1.0,0,0,0,0.0,0.0,N/A,79.19,37.55,,0.0,120,16,0,0,120,1,0,0,120
FC-001,Home Care,Ranjana Cosmo Chem Pvt. Ltd.,FC-Alpha,SKU-00027,"Airodo Room Freshener, Floral Crush, 110g Bottle",Home Fresheners,4,12,4,VND-019,RANJANA COSMO CHEM PRIVATE LIMITED -UP,200000,VALUE,120,60,2.0,7841.0,0,"{""sellable"": null, ""contingency"": null, ""pending_putaway"": null, ""under_transfer"": null}",0,0.0,23/03/26,"{""open_po_1"": {""promise_date"": ""2026-03-23"", ""orderedquantity"": 60.0, ""order_item_amount"": 3920.4, ""open_po_cases"": 1.0, ""mrp"": 170.0, ""price_per_unit"": 65.34, ""order_id"": ""PO-00033"", ""po_raising_drr"": 0.0, ""po_raising_total_space"": 120.0, ""po_raising_final_available_space"": 120.0, ""order_date"": ""2026-03-12""}}",60,3920.0,1.0,0,0,0,0.0,0.0,N/A,174.6,65.06,,0.0,60,16,0,0,60,1,0,0,60
FC-001,Home Care,Ranjana Cosmo Chem Pvt. Ltd.,FC-Alpha,SKU-00028,"Airodo Room Freshener, Citrus Blast, 110g Bottle",Home Fresheners,4,12,4,VND-019,RANJANA COSMO CHEM PRIVATE LIMITED -UP,200000,VALUE,120,60,2.0,7841.0,0,"{""sellable"": null, ""contingency"": null, ""pending_putaway"": null, ""under_transfer"": null}",0,0.0,23/03/26,"{""open_po_1"": {""promise_date"": ""2026-03-23"", ""orderedquantity"": 60.0, ""order_item_amount"": 3920.4, ""open_po_cases"": 1.0, ""mrp"": 170.0, ""price_per_unit"": 65.34, ""order_id"": ""PO-00033"", ""po_raising_drr"": 0.0, ""po_raising_total_space"": 120.0, ""po_raising_final_available_space"": 120.0, ""order_date"": ""2026-03-12""}}",60,3920.0,1.0,0,0,0,0.0,0.0,N/A,162.91,56.08,,0.0,60,16,0,0,60,1,0,0,60
FC-001,Home Care,Ranjana Cosmo Chem Pvt. Ltd.,FC-Alpha,SKU-00029,"Airodo Regular Air Freshener, Assorted, 200g Box (4Pcs x 50g)",Home Fresheners,4,12,4,VND-019,RANJANA COSMO CHEM PRIVATE LIMITED -UP,200000,VALUE,384,192,2.0,30440.0,0,"{""sellable"": null, ""contingency"": null, ""pending_putaway"": null, ""under_transfer"": null}",0,0.0,23/03/26,"{""open_po_1"": {""promise_date"": ""2026-03-23"", ""orderedquantity"": 192.0, ""order_item_amount"": 15219.84, ""open_po_cases"": 1.0, ""mrp"": 195.0, ""price_per_unit"": 79.27, ""order_id"": ""PO-00033"", ""po_raising_drr"": 0.0, ""po_raising_total_space"": 384.0, ""po_raising_final_available_space"": 384.0, ""order_date"": ""2026-03-12""}}",192,15220.0,1.0,0,0,0,0.0,0.0,N/A,171.11,79.4,,0.0,192,16,0,0,192,1,0,0,192
FC-001,Home Care,Ranjana Cosmo Chem Pvt. Ltd.,FC-Alpha,SKU-00030,"Airodo Room Freshener, Sandle Shower, 120g Bottle",Home Fresheners,4,12,4,VND-019,RANJANA COSMO CHEM PRIVATE LIMITED -UP,200000,VALUE,120,60,2.0,7841.0,0,"{""sellable"": null, ""contingency"": null, ""pending_putaway"": null, ""under_transfer"": null}",0,0.0,23/03/26,"{""open_po_1"": {""promise_date"": ""2026-03-23"", ""orderedquantity"": 60.0, ""order_item_amount"": 3920.4, ""open_po_cases"": 1.0, ""mrp"": 170.0, ""price_per_unit"": 65.34, ""order_id"": ""PO-00033"", ""po_raising_drr"": 0.0, ""po_raising_total_space"": 120.0, ""po_raising_final_available_space"": 120.0, ""order_date"": ""2026-03-12""}}",60,3920.0,1.0,0,0,0,0.0,0.0,N/A,191.28,74.44,,0.0,60,16,0,0,60,1,0,0,60
FC-001,Home Care,Ranjana Cosmo Chem Pvt. Ltd.,FC-Alpha,SKU-00031,"Airodo Room Freshener, Berry Blue, 110g Bottle",Home Fresheners,4,12,4,VND-019,RANJANA COSMO CHEM PRIVATE LIMITED -UP,200000,VALUE,120,60,2.0,7841.0,0,"{""sellable"": null, ""contingency"": null, ""pending_putaway"": null, ""under_transfer"": null}",0,0.0,23/03/26,"{""open_po_1"": {""promise_date"": ""2026-03-23"", ""orderedquantity"": 60.0, ""order_item_amount"": 3920.4, ""open_po_cases"": 1.0, ""mrp"": 170.0, ""price_per_unit"": 65.34, ""order_id"": ""PO-00033"", ""po_raising_drr"": 0.0, ""po_raising_total_space"": 120.0, ""po_raising_final_available_space"": 120.0, ""order_date"": ""2026-03-12""}}",60,3920.0,1.0,0,0,0,0.0,0.0,N/A,151.48,63.07,,0.0,60,16,0,0,60,1,0,0,60
FC-001,Home Care,Ranjana Cosmo Chem Pvt. Ltd.,FC-Alpha,SKU-00032,"Airodo Room Freshener, Magic Rose, 110g Bottle",Home Fresheners,4,12,4,VND-019,RANJANA COSMO CHEM PRIVATE LIMITED -UP,200000,VALUE,120,60,2.0,7841.0,0,"{""sellable"": null, ""contingency"": null, ""pending_putaway"": null, ""under_transfer"": null}",0,0.0,23/03/26,"{""open_po_1"": {""promise_date"": ""2026-03-23"", ""orderedquantity"": 60.0, ""order_item_amount"": 3920.4, ""open_po_cases"": 1.0, ""mrp"": 170.0, ""price_per_unit"": 65.34, ""order_id"": ""PO-00033"", ""po_raising_drr"": 0.0, ""po_raising_total_space"": 120.0, ""po_raising_final_available_space"": 120.0, ""order_date"": ""2026-03-12""}}",60,3920.0,1.0,0,0,0,0.0,0.0,N/A,192.96,56.3,,0.0,60,16,0,0,60,1,0,0,60
FC-001,Home Care,Ranjana Cosmo Chem Pvt. Ltd.,FC-Alpha,SKU-00033,"Airodo Room Freshener, Cool Breeze, 110g Bottle",Home Fresheners,4,12,4,VND-019,RANJANA COSMO CHEM PRIVATE LIMITED -UP,200000,VALUE,120,60,2.0,7841.0,0,"{""sellable"": null, ""contingency"": null, ""pending_putaway"": null, ""under_transfer"": null}",0,0.0,23/03/26,"{""open_po_1"": {""promise_date"": ""2026-03-23"", ""orderedquantity"": 60.0, ""order_item_amount"": 3920.4, ""open_po_cases"": 1.0, ""mrp"": 170.0, ""price_per_unit"": 65.34, ""order_id"": ""PO-00033"", ""po_raising_drr"": 0.0, ""po_raising_total_space"": 120.0, ""po_raising_final_available_space"": 120.0, ""order_date"": ""2026-03-12""}}",60,3920.0,1.0,0,0,0,0.0,0.0,N/A,167.25,56.15,,0.0,60,16,0,0,60,1,0,0,60
FC-001,Home Care,Reckitt Benckiser Group plc,FC-Alpha,SKU-00043,"Colin Glass Cleaner, 750ml Bottle",Specialised Surface Cleaners,6,32,5,VND-038,RECKITT BENCKISER INDIA Private Limited - Region Alpha,10000,CASES,32,16,2.0,5066.0,0,"{""sellable"": null, ""contingency"": null, ""pending_putaway"": null, ""under_transfer"": null}",0,0.0,,{},0,0.0,0.0,0,0,0,0.0,0.0,N/A,163.0,153.0,,0.0,0,37,0,0,32,2,0,0,0
FC-001,Home Care,Reckitt Benckiser Group plc,FC-Alpha,SKU-00431,"Lizol Disinfectant Surface Cleaner, Floral, 625ml Bottle",Floor Cleaners,6,26,5,VND-038,RECKITT BENCKISER INDIA Private Limited - Region Alpha,10000,CASES,18,18,1.0,2676.0,80,"{""sellable"": 80.0, ""contingency"": null, ""pending_putaway"": null, ""under_transfer"": null}",2,0.682,,{},0,0.0,0.0,0,40,0,0.0,0.0,N/A,171.12,133.48,Band C,40.0,80,31,62,0,0,0,0,10000,80
FC-001,Home Care,Reckitt Benckiser Group plc,FC-Alpha,SKU-00432,"Lizol Disinfectant Surface Cleaner, Citrus, 625ml Bottle",Floor Cleaners,6,11,4,VND-038,RECKITT BENCKISER INDIA Private Limited - Region Alpha,10000,CASES,234,18,13.0,32724.0,338,"{""sellable"": 221.0, ""contingency"": 117.0, ""pending_putaway"": null, ""under_transfer"": 11.0}",5,0.69,,{},0,0.0,0.0,0,67,0,0.0,0.0,N/A,176.79,119.85,Band B,67.6,338,15,75,0,0,0,0,10000,338
FC-001,Home Care,Reckitt Benckiser Group plc,FC-Alpha,SKU-00433,"Harpic Power Plus Toilet Cleaner, Original, 600ml Bottle",Liquid Toilet Cleaners,6,11,4,VND-038,RECKITT BENCKISER INDIA Private Limited - Region Alpha,10000,CASES,120,24,5.0,14671.0,0,"{""sellable"": null, ""contingency"": null, ""pending_putaway"": null, ""under_transfer"": null}",1,0.674,,{},0,0.0,0.0,120,120,5,15799.2,0.0809,FAIL,148.68,131.66,Band B,0.0,0,15,15,15,120,5,1,10000,120
FC-001,Home Care,Reckitt Benckiser Group plc,FC-Alpha,SKU-00638,"Lizol Disinfectant Surface Cleaner, Neem, 500ml Bottle",Floor Cleaners,6,26,5,VND-038,RECKITT BENCKISER INDIA Private Limited - Region Alpha,10000,CASES,288,24,12.0,32677.0,271,"{""sellable"": 271.0, ""contingency"": null, ""pending_putaway"": null, ""under_transfer"": null}",0,0.56,,{},0,0.0,0.0,0,0,0,0.0,0.0,N/A,140.86,112.05,Band C,0.0,271,31,0,0,17,0,0,0,271
FC-001,Home Care,Reckitt Benckiser Group plc,FC-Alpha,SKU-00656,"Vanish Oxi Action All in One Colour Safe Detergent Booster, 180ml Bottle",Laundry Additives,6,26,5,VND-038,RECKITT BENCKISER INDIA Private Limited - Region Alpha,10000,CASES,120,60,2.0,8444.0,0,"{""sellable"": null, ""contingency"": null, ""pending_putaway"": null, ""under_transfer"": null}",0,0.22,,{},0,0.0,0.0,0,0,0,0.0,0.0,N/A,83.81,65.91,Band C,0.0,0,31,0,0,120,2,0,0,0
FC-001,Home Care,Reckitt Benckiser Group plc,FC-Alpha,SKU-00673,"Harpic Disinfectant Bathroom Cleaner, Floral, 500ml Bottle",Liquid Toilet Cleaners,2,11,4,VND-005,SRI SAI TRADERS - Region Alpha,80000,VALUE,48,24,2.0,4610.0,26,"{""sellable"": 26.0, ""contingency"": null, ""pending_putaway"": null, ""under_transfer"": null}",1,0.564,,{},0,0.0,0.0,0,26,0,0.0,0.0,N/A,116.35,107.57,Band C,26.0,26,15,15,0,22,0,0,31,26
FC-001,Home Care,Reckitt Benckiser Group plc,FC-Alpha,SKU-00673,"Harpic Disinfectant Bathroom Cleaner, Floral, 500ml Bottle",Liquid Toilet Cleaners,6,11,4,VND-038,RECKITT BENCKISER INDIA Private Limited - Region Alpha,10000,CASES,48,24,2.0,5066.0,26,"{""sellable"": 26.0, ""contingency"": null, ""pending_putaway"": null, ""under_transfer"": null}",1,0.564,,{},0,0.0,0.0,0,26,0,0.0,0.0,N/A,132.57,93.4,Band C,26.0,26,15,15,0,22,0,0,10000,26
FC-001,Home Care,Reckitt Benckiser Group plc,FC-Alpha,SKU-00687,"Harpic Power Plus Toilet Cleaner, Original, 1L Bottle",Liquid Toilet Cleaners,6,15,4,VND-038,RECKITT BENCKISER INDIA Private Limited - Region Alpha,10000,CASES,160,16,10.0,34478.0,32,"{""sellable"": 32.0, ""contingency"": null, ""pending_putaway"": null, ""under_transfer"": null}",12,0.995,,{},0,0.0,0.0,128,13,8,31354.88,0.1274,FAIL,281.7,244.96,Band A,2.6666666666666665,32,19,228,196,128,8,13,10000,160
FC-001,Home Care,Reckitt Benckiser Group plc,FC-Alpha,SKU-00694,"Harpic White & Shine Bleach Toilet Cleaner, 500ml Bottle",Liquid Toilet Cleaners,6,26,5,VND-038,RECKITT BENCKISER INDIA Private Limited - Region Alpha,10000,CASES,216,24,9.0,21848.0,160,"{""sellable"": 160.0, ""contingency"": null, ""pending_putaway"": null, ""under_transfer"": null}",2,0.55,,{},0,0.0,0.0,48,104,2,4584.0,0.0264,FAIL,114.64,95.5,Band C,80.0,160,31,62,0,56,2,0,10000,208
FC-001,Home Care,Reckitt Benckiser Group plc,FC-Alpha,SKU-00697,"Lizol Disinfectant Surface Cleaner, Citrus, 200ml Bottle",Floor Cleaners,2,11,4,VND-005,SRI SAI TRADERS - Region Alpha,80000,VALUE,128,64,2.0,4356.0,2,"{""sellable"": 2.0, ""contingency"": null, ""pending_putaway"": null, ""under_transfer"": null}",6,0.224,,"{""open_po_1"": {""promise_date"": null, ""orderedquantity"": 64.0, ""order_item_amount"": 2177.92, ""open_po_cases"": 1.0, ""mrp"": 42.0, ""price_per_unit"": 34.03, ""order_id"": ""PO-00039"", ""po_raising_drr"": 6.0, ""po_raising_total_space"": 128.0, ""po_raising_final_available_space"": 128.0, ""order_date"": ""2026-03-16""}}",64,2178.0,1.0,0,11,0,0.0,0.0,N/A,38.49,38.0,Band C,0.3333333333333333,66,15,90,24,62,0,1,33,66
FC-001,Home Care,Reckitt Benckiser Group plc,FC-Alpha,SKU-00697,"Lizol Disinfectant Surface Cleaner, Citrus, 200ml Bottle",Floor Cleaners,6,11,4,VND-038,RECKITT BENCKISER INDIA Private Limited - Region Alpha,10000,CASES,128,64,2.0,5517.0,2,"{""sellable"": 2.0, ""contingency"": null, ""pending_putaway"": null, ""under_transfer"": null}",6,0.224,,{},64,0.0,0.0,0,11,0,0.0,0.0,N/A,56.17,44.43,Band C,0.3333333333333333,66,15,90,24,62,0,1,10000,66
FC-001,Home Care,Reckitt Benckiser Group plc,FC-Alpha,SKU-00698,"Lizol Disinfectant Surface Cleaner, Citrus, 500ml Bottle",Floor Cleaners,2,11,4,VND-005,SRI SAI TRADERS - Region Alpha,80000,VALUE,48,24,2.0,4763.0,3,"{""sellable"": 3.0, ""contingency"": null, ""pending_putaway"": null, ""under_transfer"": null}",1,0.543,18/03/26,"{""open_po_1"": {""promise_date"": ""2026-03-18"", ""orderedquantity"": 24.0, ""order_item_amount"": 2381.28, ""open_po_cases"": 1.0, ""mrp"": 116.0, ""price_per_unit"": 99.22000000000001, ""order_id"": ""PO-00039"", ""po_raising_drr"": 1.0, ""po_raising_total_space"": 48.0, ""po_raising_final_available_space"": 47.0, ""order_date"": ""2026-03-16""}}",24,2381.0,1.0,0,27,0,0.0,0.0,N/A,131.45,108.94,Band B,3.0,27,15,15,0,21,0,0,31,27
FC-001,Home Care,Reckitt Benckiser Group plc,FC-Alpha,SKU-00698,"Lizol Disinfectant Surface Cleaner, Citrus, 500ml Bottle",Floor Cleaners,6,11,4,VND-038,RECKITT BENCKISER INDIA Private Limited - Region Alpha,10000,CASES,48,24,2.0,5193.0,3,"{""sellable"": 3.0, ""contingency"": null, ""pending_putaway"": null, ""under_transfer"": null}",1,0.543,18/03/26,{},24,0.0,0.0,0,27,0,0.0,0.0,N/A,142.47,123.89,Band B,3.0,27,15,15,0,21,0,0,10000,27
FC-001,Home Care,Reckitt Benckiser Group plc,FC-Alpha,SKU-00699,"Harpic Power Plus Toilet Cleaner, Original, 500ml Bottle",Liquid Toilet Cleaners,2,15,4,VND-005,SRI SAI TRADERS - Region Alpha,80000,VALUE,216,24,9.0,19801.0,45,"{""sellable"": 45.0, ""contingency"": null, ""pending_putaway"": null, ""under_transfer"": null}",24,0.557,18/03/26,"{""open_po_1"": {""promise_date"": ""2026-03-18"", ""orderedquantity"": 168.0, ""order_item_amount"": 15400.56, ""open_po_cases"": 7.0, ""mrp"": 105.0, ""price_per_unit"": 91.67, ""order_id"": ""PO-00039"", ""po_raising_drr"": 24.0, ""po_raising_total_space"": 216.0, ""po_raising_final_available_space"": 191.0, ""order_date"": ""2026-03-16""}}",168,15401.0,7.0,0,8,0,0.0,0.0,N/A,111.48,85.85,Band A,1.875,213,19,456,243,3,0,11,39,213
FC-001,Home Care,Reckitt Benckiser Group plc,FC-Alpha,SKU-00699,"Harpic Power Plus Toilet Cleaner, Original, 500ml Bottle",Liquid Toilet Cleaners,6,15,4,VND-038,RECKITT BENCKISER INDIA Private Limited - Region Alpha,10000,CASES,216,24,9.0,20898.0,45,"{""sellable"": 45.0, ""contingency"": null, ""pending_putaway"": null, ""under_transfer"": null}",24,0.557,18/03/26,{},168,0.0,0.0,0,8,0,0.0,0.0,N/A,124.03,110.13,Band A,1.875,213,19,456,243,3,0,11,10000,213
FC-001,Home Care,Reckitt Benckiser Group plc,FC-Alpha,SKU-00700,"Harpic Disinfectant Bathroom Cleaner, Lemon, 500ml Bottle",Liquid Toilet Cleaners,2,11,4,VND-005,SRI SAI TRADERS - Region Alpha,80000,VALUE,72,24,3.0,6880.0,27,"{""sellable"": 27.0, ""contingency"": null, ""pending_putaway"": null, ""under_transfer"": null}",4,0.565,18/03/26,"{""open_po_1"": {""promise_date"": ""2026-03-18"", ""orderedquantity"": 24.0, ""order_item_amount"": 2293.2, ""open_po_cases"": 1.0, ""mrp"": 110.0, ""price_per_unit"": 95.55, ""order_id"": ""PO-00039"", ""po_raising_drr"": 4.0, ""po_raising_total_space"": 72.0, ""po_raising_final_available_space"": 51.0, ""order_date"": ""2026-03-16""}}",24,2293.0,1.0,0,12,0,0.0,0.0,N/A,99.46,92.38,Band B,6.75,51,15,60,9,21,0,1,37,51
FC-001,Home Care,Reckitt Benckiser Group plc,FC-Alpha,SKU-00700,"Harpic Disinfectant Bathroom Cleaner, Lemon, 500ml Bottle",Liquid Toilet Cleaners,6,11,4,VND-038,RECKITT BENCKISER INDIA Private Limited - Region Alpha,10000,CASES,72,24,3.0,7599.0,27,"{""sellable"": 27.0, ""contingency"": null, ""pending_putaway"": null, ""under_transfer"": null}",4,0.565,18/03/26,{},24,0.0,0.0,0,12,0,0.0,0.0,N/A,122.45,101.92,Band B,6.75,51,15,60,9,21,0,1,10000,51
FC-001,Home Care,Reckitt Benckiser Group plc,FC-Alpha,SKU-00701,"Harpic Disinfectant Bathroom Cleaner, Floral, 250ml Bottle",Liquid Toilet Cleaners,6,11,4,VND-038,RECKITT BENCKISER INDIA Private Limited - Region Alpha,10000,CASES,576,48,12.0,31917.0,1021,"{""sellable"": 564.0, ""contingency"": 457.0, ""pending_putaway"": null, ""under_transfer"": 12.0}",3,0.3,,{},0,0.0,0.0,0,340,0,0.0,0.0,N/A,70.85,52.76,Band C,340.3333333333333,1021,15,45,0,0,0,0,10000,1021
FC-001,Home Care,Reckitt Benckiser Group plc,FC-Alpha,SKU-00702,"Colin Glass Cleaner, 250ml Bottle",Specialised Surface Cleaners,2,11,4,VND-005,SRI SAI TRADERS - Region Alpha,80000,VALUE,96,48,2.0,6065.0,50,"{""sellable"": 50.0, ""contingency"": null, ""pending_putaway"": null, ""under_transfer"": null}",6,0.292,,{},0,0.0,0.0,0,8,0,0.0,0.0,N/A,73.55,63.96,Band B,8.333333333333334,50,15,90,40,46,0,1,27,50
FC-001,Home Care,Reckitt Benckiser Group plc,FC-Alpha,SKU-00702,"Colin Glass Cleaner, 250ml Bottle",Specialised Surface Cleaners,6,11,4,VND-038,RECKITT BENCKISER INDIA Private Limited - Region Alpha,10000,CASES,96,48,2.0,6670.0,50,"{""sellable"": 50.0, ""contingency"": null, ""pending_putaway"": null, ""under_transfer"": null}",6,0.292,,{},0,0.0,0.0,0,8,0,0.0,0.0,N/A,83.68,62.27,Band B,8.333333333333334,50,15,90,40,46,0,1,10000,50
FC-001,Home Care,Reckitt Benckiser Group plc,FC-Alpha,SKU-00704,"Lizol Disinfectant Surface Cleaner, Lavender, 500ml Bottle",Floor Cleaners,6,26,5,VND-038,RECKITT BENCKISER INDIA Private Limited - Region Alpha,10000,CASES,96,24,4.0,10892.0,9,"{""sellable"": 9.0, ""contingency"": null, ""pending_putaway"": null, ""under_transfer"": null}",2,0.56,,{},0,0.0,0.0,72,40,3,8271.36,0.0403,FAIL,145.42,114.88,Band B,4.5,9,31,62,53,87,3,3,10000,81
FC-001,Home Care,Reckitt Benckiser Group plc,FC-Alpha,SKU-00705,"Lizol Disinfectant Surface Cleaner, Jasmine, 200ml Bottle",Floor Cleaners,6,26,5,VND-038,RECKITT BENCKISER INDIA Private Limited - Region Alpha,10000,CASES,192,64,3.0,8106.0,141,"{""sellable"": 141.0, ""contingency"": null, ""pending_putaway"": null, ""under_transfer"": null}",2,0.25,,{},0,0.0,0.0,0,70,0,0.0,0.0,N/A,54.78,45.54,Band C,70.5,141,31,62,0,51,0,0,10000,141
FC-001,Home Care,Reckitt Benckiser Group plc,FC-Alpha,SKU-00706,"Lizol Disinfectant Surface Cleaner, Floral, 500ml Bottle",Floor Cleaners,2,11,4,VND-005,SRI SAI TRADERS - Region Alpha,80000,VALUE,48,24,2.0,4763.0,1,"{""sellable"": 1.0, ""contingency"": null, ""pending_putaway"": null, ""under_transfer"": null}",3,0.53,18/03/26,"{""open_po_1"": {""promise_date"": ""2026-03-18"", ""orderedquantity"": 48.0, ""order_item_amount"": 4762.56, ""open_po_cases"": 2.0, ""mrp"": 116.0, ""price_per_unit"": 99.22000000000001, ""order_id"": ""PO-00039"", ""po_raising_drr"": 3.0, ""po_raising_total_space"": 48.0, ""po_raising_final_available_space"": 48.0, ""order_date"": ""2026-03-16""}}",48,4763.0,2.0,0,16,0,0.0,0.0,N/A,131.46,109.15,Band C,0.3333333333333333,49,15,45,0,0,0,0,31,49
FC-001,Home Care,Reckitt Benckiser Group plc,FC-Alpha,SKU-00706,"Lizol Disinfectant Surface Cleaner, Floral, 500ml Bottle",Floor Cleaners,6,11,4,VND-038,RECKITT BENCKISER INDIA Private Limited - Region Alpha,10000,CASES,48,24,2.0,5193.0,1,"{""sellable"": 1.0, ""contingency"": null, ""pending_putaway"": null, ""under_transfer"": null}",3,0.53,18/03/26,{},48,0.0,0.0,0,16,0,0.0,0.0,N/A,122.05,106.25,Band C,0.3333333333333333,49,15,45,0,0,0,0,10000,49
FC-001,Home Care,Reckitt Benckiser Group plc,FC-Alpha,SKU-00707,"Lizol Disinfectant Surface Cleaner, Jasmine, 500ml Bottle",Floor Cleaners,6,26,5,VND-038,RECKITT BENCKISER INDIA Private Limited - Region Alpha,10000,CASES,240,24,10.0,27231.0,210,"{""sellable"": 210.0, ""contingency"": null, ""pending_putaway"": null, ""under_transfer"": null}",1,0.55,,{},0,0.0,0.0,24,234,1,2561.52,0.0132,FAIL,143.01,106.73,Band C,210.0,210,31,31,0,30,1,0,10000,234
FC-001,Home Care,Reckitt Benckiser Group plc,FC-Alpha,SKU-00738,"Vanish Oxi Action All in One Colour Safe Detergent Booster, 100g Standup Pouch",Laundry Additives,6,26,5,VND-038,RECKITT BENCKISER INDIA Private Limited - Region Alpha,10000,CASES,144,72,2.0,9499.0,114,"{""sellable"": 114.0, ""contingency"": null, ""pending_putaway"": null, ""under_transfer"": null}",1,0.107,,{},0,0.0,0.0,0,114,0,0.0,0.0,N/A,82.75,61.21,Band C,114.0,114,31,31,0,30,0,0,10000,114
FC-001,Home Care,Reckitt Benckiser Group plc,FC-Alpha,SKU-00838,"Harpic Disinfectant Bathroom Cleaner, Lemon, 250ml Bottle",Liquid Toilet Cleaners,2,11,4,VND-005,SRI SAI TRADERS - Region Alpha,80000,VALUE,96,48,2.0,4086.0,0,"{""sellable"": null, ""contingency"": null, ""pending_putaway"": null, ""under_transfer"": null}",1,0.3,18/03/26,"{""open_po_1"": {""promise_date"": ""2026-03-18"", ""orderedquantity"": 48.0, ""order_item_amount"": 2042.88, ""open_po_cases"": 1.0, ""mrp"": 49.0, ""price_per_unit"": 42.56, ""order_id"": ""PO-00039"", ""po_raising_drr"": 1.0, ""po_raising_total_space"": 96.0, ""po_raising_final_available_space"": 96.0, ""order_date"": ""2026-03-16""}}",48,2043.0,1.0,48,96,1,1855.68,0.0144,FAIL,46.34,38.66,Band C,0.0,48,15,15,0,48,1,0,44,96
FC-001,Home Care,Reckitt Benckiser Group plc,FC-Alpha,SKU-00838,"Harpic Disinfectant Bathroom Cleaner, Lemon, 250ml Bottle",Liquid Toilet Cleaners,6,11,4,VND-038,RECKITT BENCKISER INDIA Private Limited - Region Alpha,10000,CASES,96,48,2.0,5151.0,0,"{""sellable"": null, ""contingency"": null, ""pending_putaway"": null, ""under_transfer"": null}",1,0.3,18/03/26,{},48,0.0,0.0,48,96,1,2233.44,0.0144,FAIL,67.02,46.53,Band C,0.0,48,15,15,0,48,1,0,10000,96
FC-001,Grounded Spices & Masalas,Mahashian Di Hatti Pvt. Ltd,FC-Alpha,SKU-00389,"MDH Haldi Powder, 100g Pack",Pure Spices,2,15,4,VND-048,Nav Durga Enterprises - Region Epsilon,30000,VALUE,240,120,2.0,6718.0,18,"{""sellable"": 18.0, ""contingency"": null, ""pending_putaway"": null, ""under_transfer"": null}",19,0.103,,{},0,0.0,0.0,120,7,1,3364.8,0.0124,FAIL,36.7,28.04,Band A,0.9473684210526315,18,19,361,343,222,1,3,9,138
FC-001,Grounded Spices & Masalas,Mahashian Di Hatti Pvt. Ltd,FC-Alpha,SKU-00520,"MDH Meat ka Masala/Mutton Masala, 50g Box",Blended Spices,2,13,4,VND-048,Nav Durga Enterprises - Region Epsilon,30000,VALUE,360,180,2.0,13158.0,144,"{""sellable"": 144.0, ""contingency"": null, ""pending_putaway"": null, ""under_transfer"": null}",4,0.062,,{},0,0.0,0.0,180,81,1,6843.6,0.0112,FAIL,40.88,38.02,Band B,36.0,144,17,68,0,216,1,0,5,324
FC-001,Grounded Spices & Masalas,Mahashian Di Hatti Pvt. Ltd,FC-Alpha,SKU-00521,"MDH Kitchen King Masala, 50g Box",Blended Spices,2,15,4,VND-048,Nav Durga Enterprises - Region Epsilon,30000,VALUE,360,180,2.0,13158.0,102,"{""sellable"": 102.0, ""contingency"": null, ""pending_putaway"": null, ""under_transfer"": null}",9,0.061,,{},0,0.0,0.0,180,31,1,5733.0,0.011,FAIL,50.88,31.85,Band A,11.333333333333334,102,19,171,69,258,1,1,6,282
FC-001,Grounded Spices & Masalas,Mahashian Di Hatti Pvt. Ltd,FC-Alpha,SKU-00522,"MDH Deggi Mirchi Powder, 100g Box",Pure Spices,2,11,4,VND-048,Nav Durga Enterprises - Region Epsilon,30000,VALUE,360,180,2.0,34992.0,215,"{""sellable"": 215.0, ""contingency"": null, ""pending_putaway"": null, ""under_transfer"": null}",0,0.118,,{},0,0.0,0.0,0,0,0,0.0,0.0,N/A,123.25,90.04,Band C,0.0,215,15,0,0,145,0,0,0,215
FC-001,Grounded Spices & Masalas,Mahashian Di Hatti Pvt. Ltd,FC-Alpha,SKU-00523,"MDH Kashmiri Mirchi, 50g Box",Pure Spices,2,15,4,VND-048,Nav Durga Enterprises - Region Epsilon,30000,VALUE,360,180,2.0,17636.0,221,"{""sellable"": 221.0, ""contingency"": null, ""pending_putaway"": null, ""under_transfer"": null}",15,0.062,,{},0,0.0,0.0,0,14,0,0.0,0.0,N/A,63.46,46.96,Band A,14.733333333333333,221,19,285,64,139,0,1,4,221
FC-001,Grounded Spices & Masalas,Mahashian Di Hatti Pvt. Ltd,FC-Alpha,SKU-00524,"MDH Kashmiri Mirchi, 100g Box",Pure Spices,2,15,4,VND-048,Nav Durga Enterprises - Region Epsilon,30000,VALUE,360,180,2.0,34711.0,190,"{""sellable"": 186.0, ""contingency"": 4.0, ""pending_putaway"": null, ""under_transfer"": 4.0}",10,0.118,,{},0,0.0,0.0,0,19,0,0.0,0.0,N/A,121.8,95.62,Band A,19.0,190,19,190,0,170,0,0,2,190
FC-001,Grounded Spices & Masalas,Mahashian Di Hatti Pvt. Ltd,FC-Alpha,SKU-00525,"MDH Garam Masala, 100g Box",Blended Spices,2,15,4,VND-048,Nav Durga Enterprises - Region Epsilon,30000,VALUE,360,180,2.0,29394.0,142,"{""sellable"": 140.0, ""contingency"": null, ""pending_putaway"": 2.0, ""under_transfer"": null}",4,0.118,,{},0,0.0,0.0,180,80,1,12693.6,0.0212,FAIL,101.87,70.52,Band A,35.5,142,19,76,0,218,1,0,3,322
FC-001,Grounded Spices & Masalas,Mahashian Di Hatti Pvt. Ltd,FC-Alpha,SKU-00526,"MDH Chunky Chat Masala, 100g Box",Ready Masala,2,13,4,VND-048,Nav Durga Enterprises - Region Epsilon,30000,VALUE,360,180,2.0,23796.0,173,"{""sellable"": 173.0, ""contingency"": null, ""pending_putaway"": null, ""under_transfer"": null}",9,0.118,,{},0,0.0,0.0,180,39,1,10612.8,0.0212,FAIL,86.52,58.96,Band A,19.22222222222222,173,17,153,0,187,1,0,3,353
FC-001,Grounded Spices & Masalas,Mahashian Di Hatti Pvt. Ltd,FC-Alpha,SKU-00527,"MDH Chicken Masala, 100g Box",Blended Spices,2,15,4,VND-048,Nav Durga Enterprises - Region Epsilon,30000,VALUE,360,180,2.0,24354.0,28,"{""sellable"": 28.0, ""contingency"": null, ""pending_putaway"": null, ""under_transfer"": null}",9,0.118,,{},0,0.0,0.0,180,23,1,11361.6,0.0212,FAIL,78.0,63.12,Band A,3.111111111111111,28,19,171,143,332,1,1,3,208
FC-001,Grounded Spices & Masalas,Mahashian Di Hatti Pvt. Ltd,FC-Alpha,SKU-00528,"MDH Chunky Chat Masala, 50g Box",Ready Masala,2,11,4,VND-048,Nav Durga Enterprises - Region Epsilon,30000,VALUE,360,180,2.0,12316.0,51,"{""sellable"": 51.0, ""contingency"": null, ""pending_putaway"": null, ""under_transfer"": null}",4,0.062,,{},0,0.0,0.0,180,57,1,7029.0,0.0112,FAIL,39.8,39.05,Band B,12.75,51,15,60,9,309,1,1,5,231
FC-001,Grounded Spices & Masalas,Mahashian Di Hatti Pvt. Ltd,FC-Alpha,SKU-00544,"MDH Chicken Masala, 50g Box",Blended Spices,2,11,4,VND-048,Nav Durga Enterprises - Region Epsilon,30000,VALUE,360,170,2.0,12596.0,167,"{""sellable"": 167.0, ""contingency"": null, ""pending_putaway"": null, ""under_transfer"": null}",4,0.062,,{},0,0.0,0.0,170,84,1,5647.4,0.0105,FAIL,49.88,33.22,Band B,41.75,167,15,60,0,193,1,0,6,337
FC-001,Office & Stationary Products,Indo National Limited,FC-Alpha,SKU-00251,"Nippo Hi-Top AAA Heavy Duty Battery, 4UT, 10Pcs Pack",Batteries,2,10,4,VND-070,PATNA BAZAR - Khagaul,40000,VALUE,120,120,1.0,12480.0,97,"{""sellable"": 97.0, ""contingency"": null, ""pending_putaway"": null, ""under_transfer"": null}",3,0.086,,{},0,0.0,0.0,0,32,0,0.0,0.0,N/A,173.95,119.41,Band C,32.333333333333336,97,14,42,0,23,0,0,3,97
FC-001,Office & Stationary Products,Indo National Limited,FC-Alpha,SKU-00252,"Nippo Hyper AAA Hi-Power Battery, 4U, 20Pcs Pack",Batteries,2,10,4,VND-070,PATNA BAZAR - Khagaul,40000,VALUE,120,120,1.0,9360.0,0,"{""sellable"": null, ""contingency"": null, ""pending_putaway"": null, ""under_transfer"": null}",0,0.162,,{},0,0.0,0.0,0,0,0,0.0,0.0,N/A,113.48,86.9,,0.0,0,14,0,0,120,1,0,0,0
FC-001,Office & Stationary Products,Indo National Limited,FC-Alpha,SKU-00253,"Nippo Hi-Top AA Heavy Duty Battery, 3UT, 10Pcs Sheet",Batteries,2,15,4,VND-070,PATNA BAZAR - Khagaul,40000,VALUE,120,120,1.0,12480.0,101,"{""sellable"": 101.0, ""contingency"": null, ""pending_putaway"": null, ""under_transfer"": null}",3,0.176,,{},0,0.0,0.0,0,33,0,0.0,0.0,N/A,166.04,107.85,Band A,33.666666666666664,101,19,57,0,19,0,0,4,101
FC-001,Office & Stationary Products,Indo National Limited,FC-Alpha,SKU-00254,"Nippo Hyper AA Hi-Power Battery, 3U, 10Pcs Pack",Batteries,2,15,4,VND-070,PATNA BAZAR - Khagaul,40000,VALUE,240,120,2.0,18720.0,120,"{""sellable"": null, ""contingency"": null, ""pending_putaway"": 120.0, ""under_transfer"": null}",1,0.148,,{},0,0.0,0.0,120,240,1,9554.4,0.0178,FAIL,133.9,79.62,Band A,120.0,120,19,19,0,120,1,0,5,240
FC-001,Grounded Spices & Masalas,Mahashian Di Hatti Pvt. Ltd,FC-Alpha,SKU-00545,"MDH Kitchen King Masala, 100g Box",Blended Spices,2,15,4,VND-048,Nav Durga Enterprises - Region Epsilon,30000,VALUE,360,180,2.0,25754.0,160,"{""sellable"": 150.0, ""contingency"": null, ""pending_putaway"": 10.0, ""under_transfer"": null}",10,0.103,,{},0,0.0,0.0,180,34,1,12807.0,0.0185,FAIL,104.31,71.15,Band A,16.0,160,19,190,30,200,1,1,3,340
FC-001,Grounded Spices & Masalas,Mahashian Di Hatti Pvt. Ltd,FC-Alpha,SKU-00546,"MDH Garam Masala, 50g Box",Blended Spices,2,15,4,VND-048,Nav Durga Enterprises - Region Epsilon,30000,VALUE,360,180,2.0,15116.0,107,"{""sellable"": 107.0, ""contingency"": null, ""pending_putaway"": null, ""under_transfer"": null}",10,0.062,,{},0,0.0,0.0,180,28,1,6868.8,0.0112,FAIL,51.95,38.16,Band A,10.7,107,19,190,83,253,1,1,5,287
FC-001,Grounded Spices & Masalas,Mahashian Di Hatti Pvt. Ltd,FC-Alpha,SKU-00547,"MDH Meat ka Masala/Mutton Masala, 100g Box",Blended Spices,2,15,4,VND-048,Nav Durga Enterprises - Region Epsilon,30000,VALUE,360,180,2.0,25754.0,78,"{""sellable"": 78.0, ""contingency"": null, ""pending_putaway"": null, ""under_transfer"": null}",11,0.103,,{},0,0.0,0.0,180,23,1,13305.6,0.0185,FAIL,85.67,73.92,Band A,7.090909090909091,78,19,209,131,282,1,1,3,258
FC-001,Packaged Foods,Bambino Agro Industries Limited,FC-Alpha,SKU-00258,"Bambino Vermicelli, 85g Pack",Vermicelli,2,9,4,VND-011,SHRI KRISHNA MURARI ENTERPRISES - Region Epsilon,120000,VALUE,1080,180,6.0,7679.0,12,"{""sellable"": null, ""contingency"": null, ""pending_putaway"": 12.0, ""under_transfer"": null}",112,0.085,02/03/26,"{""open_po_1"": {""promise_date"": ""2026-03-02"", ""orderedquantity"": 1440.0, ""order_item_amount"": 10238.4, ""open_po_cases"": 8.0, ""mrp"": 10.0, ""price_per_unit"": 7.109999999999999, ""order_id"": ""PO-00009"", ""po_raising_drr"": 194.0, ""po_raising_total_space"": 1620.0, ""po_raising_final_available_space"": 1420.0, ""order_date"": ""2026-02-27""}}",1440,10238.0,8.0,0,12,0,0.0,0.0,N/A,11.11,6.13,Band B,0.10714285714285714,1452,13,1456,4,0,0,1,109,1452
FC-001,Grounded Spices & Masalas,Mahashian Di Hatti Pvt. Ltd,FC-Alpha,SKU-00548,"MDH Dhania Powder, 100g Pack",Pure Spices,2,11,4,VND-048,Nav Durga Enterprises - Region Epsilon,30000,VALUE,240,120,2.0,7742.0,132,"{""sellable"": 132.0, ""contingency"": null, ""pending_putaway"": null, ""under_transfer"": null}",5,0.11,,{},0,0.0,0.0,0,26,0,0.0,0.0,N/A,43.81,30.14,Band B,26.4,132,15,75,0,108,0,0,9,132
FC-001,Grounded Spices & Masalas,Mahashian Di Hatti Pvt. Ltd,FC-Alpha,SKU-00549,"MDH Lal Mirch Powder, 100g Pack",Pure Spices,2,11,4,VND-048,Nav Durga Enterprises - Region Epsilon,30000,VALUE,240,120,2.0,12130.0,36,"{""sellable"": 32.0, ""contingency"": null, ""pending_putaway"": 4.0, ""under_transfer"": null}",5,0.103,,{},0,0.0,0.0,120,31,1,5532.0,0.0124,FAIL,63.22,46.1,Band B,7.2,36,15,75,39,204,1,1,6,156
FC-001,Grounded Spices & Masalas,Mahashian Di Hatti Pvt. Ltd,FC-Alpha,SKU-01005,"MDH Meat ka Masala/Mutton Masala, 8g Sachet",Blended Spices,2,15,4,VND-048,Nav Durga Enterprises - Region Epsilon,30000,VALUE,2400,1200,2.0,9336.0,1130,"{""sellable"": 1130.0, ""contingency"": null, ""pending_putaway"": null, ""under_transfer"": null}",63,0.01,,{},0,0.0,0.0,1200,36,1,4692.0,0.012,FAIL,4.29,3.91,Band A,17.936507936507937,1130,19,1197,67,1270,1,1,7,2330
FC-001,Grounded Spices & Masalas,Mahashian Di Hatti Pvt. Ltd,FC-Alpha,SKU-01006,"MDH Chicken Masala, 8g Sachet",Blended Spices,2,15,4,VND-048,Nav Durga Enterprises - Region Epsilon,30000,VALUE,2400,1200,2.0,9336.0,1640,"{""sellable"": 1640.0, ""contingency"": null, ""pending_putaway"": null, ""under_transfer"": null}",77,0.008,,{},0,0.0,0.0,0,21,0,0.0,0.0,N/A,4.48,3.31,Band A,21.2987012987013,1640,19,1463,0,760,0,0,8,1640
FC-001,Packaged Foods,Bambino Agro Industries Limited,FC-Alpha,SKU-00329,"Bambino Roasted Vermicelli, 80g Pack",Vermicelli,2,15,4,VND-011,SHRI KRISHNA MURARI ENTERPRISES - Region Epsilon,120000,VALUE,8280,180,46.0,63425.0,5318,"{""sellable"": 5282.0, ""contingency"": null, ""pending_putaway"": 36.0, ""under_transfer"": null}",371,0.08,02/03/26,"{""open_po_1"": {""promise_date"": ""2026-03-02"", ""orderedquantity"": 720.0, ""order_item_amount"": 5515.2, ""open_po_cases"": 4.0, ""mrp"": 10.0, ""price_per_unit"": 7.66, ""order_id"": ""PO-00009"", ""po_raising_drr"": 446.0, ""po_raising_total_space"": 8280.0, ""po_raising_final_available_space"": 700.0, ""order_date"": ""2026-02-27""}}",720,5515.0,4.0,2160,22,12,18576.0,0.1728,FAIL,10.9,8.6,Band A,14.33423180592992,6038,19,7049,1011,2242,12,6,78,8198
FC-001,Grounded Spices & Masalas,Mahashian Di Hatti Pvt. Ltd,FC-Alpha,SKU-01007,"MDH Garam Masala, 8g Sachet",Blended Spices,2,15,4,VND-048,Nav Durga Enterprises - Region Epsilon,30000,VALUE,2400,1200,2.0,9336.0,2020,"{""sellable"": 2000.0, ""contingency"": null, ""pending_putaway"": null, ""under_transfer"": null}",61,0.008,,{},0,0.0,0.0,0,33,0,0.0,0.0,N/A,5.32,3.32,Band A,33.114754098360656,2020,19,1159,0,380,0,0,8,2020
FC-001,"Biscuit, Confectionary & Snacks",SAJ Food Products (P) Ltd,FC-Alpha,SKU-00299,"Bisk Farm The Top Butter Munch Biscuit, 80g Pack",Crackers & Sweet Biscuits,2,10,4,VND-031,PALAZZO - Region Alpha,80000,VALUE,144,75,2.0,1224.0,10,"{""sellable"": null, ""contingency"": 3.0, ""pending_putaway"": 7.0, ""under_transfer"": 3.0}",47,0.08,,{},75,0.0,0.0,0,1,0,0.0,0.0,N/A,9.47,8.93,Band C,0.2127659574468085,85,14,658,573,59,0,8,120,85
FC-001,"Biscuit, Confectionary & Snacks",SAJ Food Products (P) Ltd,FC-Alpha,SKU-00300,"Bisk Farm Googly Biscuits, 80g Pack",Crackers & Sweet Biscuits,2,15,4,VND-031,PALAZZO - Region Alpha,80000,VALUE,5544,72,77.0,47124.0,3417,"{""sellable"": 2709.0, ""contingency"": 648.0, ""pending_putaway"": 60.0, ""under_transfer"": 648.0}",365,0.09,12/03/26,{},72,0.0,0.0,2016,15,28,19091.52,0.1814,FAIL,10.54,9.47,Band A,9.361643835616439,3489,19,6935,3446,2055,28,48,118,5505
FC-001,"Biscuit, Confectionary & Snacks",SAJ Food Products (P) Ltd,FC-Alpha,SKU-00343,"Bisk Farm The Top Butter Munch Biscuit, 200g Pack",Crackers & Sweet Biscuits,2,15,4,VND-031,PALAZZO - Region Alpha,80000,VALUE,168,24,7.0,4284.0,11,"{""sellable"": null, ""contingency"": 3.0, ""pending_putaway"": 8.0, ""under_transfer"": 3.0}",30,0.2,12/03/26,{},24,0.0,0.0,120,5,5,2612.4,0.024,FAIL,29.74,21.77,Band A,0.36666666666666664,35,19,570,535,133,5,23,154,155
FC-001,"Biscuit, Confectionary & Snacks",SAJ Food Products (P) Ltd,FC-Alpha,SKU-00345,"Bisk Farm Googly Biscuits, 200g Pack",Crackers & Sweet Biscuits,2,15,4,VND-031,PALAZZO - Region Alpha,80000,VALUE,936,24,39.0,27846.0,607,"{""sellable"": 607.0, ""contingency"": null, ""pending_putaway"": null, ""under_transfer"": null}",61,0.2,12/03/26,{},120,0.0,0.0,192,15,8,6088.32,0.0384,FAIL,39.51,31.71,Band A,9.950819672131148,727,19,1159,432,209,8,18,106,919
FC-001,"Biscuit, Confectionary & Snacks",SAJ Food Products (P) Ltd,FC-Alpha,SKU-00956,"Bisk Farm Rich Marie Biscuits, 300g Pack",Marie Biscuits,2,10,4,VND-031,PALAZZO - Region Alpha,80000,VALUE,40,20,2.0,1360.0,0,"{""sellable"": null, ""contingency"": null, ""pending_putaway"": null, ""under_transfer"": null}",2,0.3,12/03/26,{},40,0.0,0.0,0,20,0,0.0,0.0,N/A,41.81,36.36,Band C,0.0,40,14,28,0,0,0,0,111,40
FC-001,"Biscuit, Confectionary & Snacks",SAJ Food Products (P) Ltd,FC-Alpha,SKU-01009,"Bisk Farm Jeera Wonder Biscuits, 45g Pack",Digestive Biscuits,2,15,4,VND-031,PALAZZO - Region Alpha,80000,VALUE,1008,120,8.0,4284.0,158,"{""sellable"": 158.0, ""contingency"": null, ""pending_putaway"": null, ""under_transfer"": null}",152,0.045,12/03/26,{},240,0.0,0.0,600,6,5,2796.0,0.027,FAIL,5.36,4.66,Band A,1.0394736842105263,398,19,2888,2490,610,5,21,144,998
FC-001,"Biscuit, Confectionary & Snacks",SAJ Food Products (P) Ltd,FC-Alpha,SKU-01072,"Bisk Farm Jeera Wonder Biscuits, 200g Pack",Digestive Biscuits,2,15,4,VND-031,PALAZZO - Region Alpha,80000,VALUE,420,30,14.0,10710.0,243,"{""sellable"": 237.0, ""contingency"": 6.0, ""pending_putaway"": null, ""under_transfer"": 6.0}",45,0.21,12/03/26,{},60,0.0,0.0,90,8,3,2167.2,0.0189,FAIL,30.67,24.08,Band A,5.4,303,19,855,552,117,3,19,111,393
FC-001,"Biscuit, Confectionary & Snacks",SAJ Food Products (P) Ltd,FC-Alpha,SKU-01076,"Bisk Farm Googly Biscuits, 40g Pack",Crackers & Sweet Biscuits,2,15,4,VND-031,PALAZZO - Region Alpha,80000,VALUE,3120,120,26.0,13260.0,2052,"{""sellable"": 1956.0, ""contingency"": null, ""pending_putaway"": 96.0, ""under_transfer"": null}",170,0.04,,{},0,0.0,0.0,960,17,8,4032.0,0.0384,FAIL,5.44,4.2,Band A,12.070588235294117,2052,19,3230,1178,1068,8,10,159,3012
FC-001,"Biscuit, Confectionary & Snacks",SAJ Food Products (P) Ltd,FC-Alpha,SKU-01080,"Bisk Farm Sugar Free Cream Cracker, 300g Pack",Crackers & Sweet Biscuits,2,10,4,VND-031,PALAZZO - Region Alpha,80000,VALUE,40,20,2.0,1530.0,0,"{""sellable"": null, ""contingency"": null, ""pending_putaway"": null, ""under_transfer"": null}",1,0.3,12/03/26,{},20,0.0,0.0,20,40,1,840.4,0.006,FAIL,48.32,42.02,Band C,0.0,20,14,14,0,20,1,0,96,40
FC-001,Hardware,Pidilite Industries Pvt Ltd,FC-Alpha,SKU-00832,"M-Seal Phata Phat Fast Curing Epoxy Compound, 25g Box",Sealant,4,14,4,VND-007,PIDILITE INDUSTRIES LIMITED - Region Beta,20000,VALUE,800,400,2.0,6048.0,350,"{""sellable"": 350.0, ""contingency"": null, ""pending_putaway"": null, ""under_transfer"": null}",2,0.03,,{},0,0.0,0.0,400,375,1,2668.0,0.012,FAIL,9.17,6.67,Band C,175.0,350,18,36,0,450,1,0,8,750
FC-001,Office & Stationary Products,Pidilite Industries Pvt Ltd,FC-Alpha,SKU-00381,"Fevicol MR General Purpose White Adhesive, 20g Tube",Adhesive,4,14,4,VND-007,PIDILITE INDUSTRIES LIMITED - Region Beta,20000,VALUE,960,480,2.0,6691.0,728,"{""sellable"": 728.0, ""contingency"": null, ""pending_putaway"": null, ""under_transfer"": null}",42,0.023,,{},0,0.0,0.0,0,17,0,0.0,0.0,N/A,10.35,7.22,Band B,17.333333333333332,728,18,756,28,232,0,1,6,728
FC-001,Office & Stationary Products,Pidilite Industries Pvt Ltd,FC-Alpha,SKU-00388,"Fevi Kwik One Drop Instant Adhesive, 450mg Pack",Adhesive,4,16,4,VND-007,PIDILITE INDUSTRIES LIMITED - Region Beta,20000,VALUE,3360,1680,2.0,13003.0,2257,"{""sellable"": 577.0, ""contingency"": 1680.0, ""pending_putaway"": null, ""under_transfer"": 1680.0}",344,0.00045,,{},0,0.0,0.0,0,6,0,0.0,0.0,N/A,4.6,3.52,Band A,6.561046511627907,2257,20,6880,4623,1103,0,3,4,2257
FC-001,Office & Stationary Products,Pidilite Industries Pvt Ltd,FC-Alpha,SKU-00810,"Fevicol MR Angular Tip General Purpose, 8g Tube",Adhesive,4,14,4,VND-007,PIDILITE INDUSTRIES LIMITED - Region Beta,20000,VALUE,800,400,2.0,2968.0,405,"{""sellable"": 365.0, ""contingency"": null, ""pending_putaway"": null, ""under_transfer"": null}",122,0.012,,{},0,0.0,0.0,0,3,0,0.0,0.0,N/A,4.29,3.59,Band B,3.319672131147541,405,18,2196,1791,395,0,5,14,405
FC-001,"Biscuit, Confectionary & Snacks",Lotte India Corporation Limited,FC-Alpha,SKU-00222,"Lotte Lollies Assorted Lollipop, 600g Tub (60Pcs x 10g)",Lollipop,2,11,4,VND-059,Rahul Enterprises - Region Epsilon,40000,VALUE,48,12,4.0,11635.0,2,"{""sellable"": 2.0, ""contingency"": null, ""pending_putaway"": null, ""under_transfer"": null}",3,0.924,,{},0,0.0,0.0,36,12,3,9084.24,0.0333,FAIL,336.48,252.34,Band B,0.6666666666666666,2,15,45,43,46,3,4,14,38
FC-001,Packaged Foods,Capital Foods PVT.LTD.,FC-Alpha,SKU-00111,"Ching's Secret Momo Chutney, 30g Pack",Chutneys,3,9,4,VND-003,TATA CONSUMER PRODUCTS LIMITED - Region Epsilon,200000,VALUE,720,360,2.0,5724.0,211,"{""sellable"": 211.0, ""contingency"": null, ""pending_putaway"": null, ""under_transfer"": null}",9,0.03,,{},0,0.0,0.0,360,63,1,2937.6,0.0108,FAIL,9.36,8.16,Band C,23.444444444444443,211,13,117,0,509,1,0,69,571
FC-001,Packaged Foods,Capital Foods PVT.LTD.,FC-Alpha,SKU-00303,"Smith & Jones Ginger Garlic Paste, 25g Pack",Cooking Paste,3,8,4,VND-003,TATA CONSUMER PRODUCTS LIMITED - Region Epsilon,200000,VALUE,960,480,2.0,3821.0,68,"{""sellable"": 18.0, ""contingency"": null, ""pending_putaway"": 50.0, ""under_transfer"": null}",226,0.026,,{},0,0.0,0.0,480,2,1,1838.4,0.0125,FAIL,4.69,3.83,Band B,0.3008849557522124,68,12,2712,2644,892,1,6,109,548
FC-001,Packaged Foods,Capital Foods PVT.LTD.,FC-Alpha,SKU-00333,"Smith & Jones Tomato Ketchup, 90g Spout Pouch",Ketchup,3,8,4,VND-003,TATA CONSUMER PRODUCTS LIMITED - Region Epsilon,200000,VALUE,240,48,5.0,2863.0,1,"{""sellable"": 1.0, ""contingency"": null, ""pending_putaway"": null, ""under_transfer"": null}",9,0.101,16/03/26,"{""open_po_1"": {""promise_date"": ""2026-03-16"", ""orderedquantity"": 96.0, ""order_item_amount"": 1145.28, ""open_po_cases"": 2.0, ""mrp"": 15.0, ""price_per_unit"": 11.93, ""order_id"": ""PO-00011"", ""po_raising_drr"": 11.0, ""po_raising_total_space"": 240.0, ""po_raising_final_available_space"": 144.0, ""order_date"": ""2026-03-13""}, ""open_po_2"": {""promise_date"": ""2026-03-16"", ""orderedquantity"": 96.0, ""order_item_amount"": 1145.28, ""open_po_cases"": 2.0, ""mrp"": 15.0, ""price_per_unit"": 11.93, ""order_id"": ""PO-00012"", ""po_raising_drr"": 11.0, ""po_raising_total_space"": 240.0, ""po_raising_final_available_space"": 240.0, ""order_date"": ""2026-03-13""}}",192,2291.0,4.0,0,21,0,0.0,0.0,N/A,13.8,11.16,Band B,0.1111111111111111,193,12,108,0,47,0,0,374,193
FC-001,Packaged Foods,Capital Foods PVT.LTD.,FC-Alpha,SKU-00413,"Smith & Jones Ginger Garlic Paste, 200g Spout Pouch",Cooking Paste,3,8,4,VND-003,TATA CONSUMER PRODUCTS LIMITED - Region Epsilon,200000,VALUE,120,60,2.0,4771.0,77,"{""sellable"": 77.0, ""contingency"": null, ""pending_putaway"": null, ""under_transfer"": null}",2,0.215,,{},0,0.0,0.0,0,38,0,0.0,0.0,N/A,43.13,36.22,Band C,38.5,77,12,24,0,43,0,0,93,77
FC-001,Packaged Foods,Capital Foods PVT.LTD.,FC-Alpha,SKU-00628,"Ching's Secret Dark Soy Sauce, 90g Spout Pouch",Sauces,3,8,4,VND-003,TATA CONSUMER PRODUCTS LIMITED - Region Epsilon,200000,VALUE,144,48,3.0,2863.0,7,"{""sellable"": 7.0, ""contingency"": null, ""pending_putaway"": null, ""under_transfer"": null}",18,0.1,16/03/26,"{""open_po_1"": {""promise_date"": ""2026-03-16"", ""orderedquantity"": 96.0, ""order_item_amount"": 1908.48, ""open_po_cases"": 2.0, ""mrp"": 25.0, ""price_per_unit"": 19.88, ""order_id"": ""PO-00012"", ""po_raising_drr"": 15.0, ""po_raising_total_space"": 144.0, ""po_raising_final_available_space"": 133.0, ""order_date"": ""2026-03-13""}, ""open_po_2"": {""promise_date"": ""2026-03-16"", ""orderedquantity"": 48.0, ""order_item_amount"": 954.24, ""open_po_cases"": 1.0, ""mrp"": 25.0, ""price_per_unit"": 19.88, ""order_id"": ""PO-00011"", ""po_raising_drr"": 15.0, ""po_raising_total_space"": 144.0, ""po_raising_final_available_space"": 37.0, ""order_date"": ""2026-03-13""}}",144,2863.0,3.0,0,8,0,0.0,0.0,N/A,24.66,21.44,Band B,0.3888888888888889,151,12,216,65,0,0,2,195,151
FC-001,Packaged Foods,Capital Foods PVT.LTD.,FC-Alpha,SKU-00629,"Ching's Secret Red Chilli Sauce, 90g Spout Pouch",Sauces,3,8,4,VND-003,TATA CONSUMER PRODUCTS LIMITED - Region Epsilon,200000,VALUE,96,48,2.0,1908.0,14,"{""sellable"": 14.0, ""contingency"": null, ""pending_putaway"": null, ""under_transfer"": null}",23,0.097,,{},0,0.0,0.0,48,2,1,921.6,0.0047,FAIL,28.66,19.2,Band C,0.6086956521739131,14,12,276,262,82,1,6,218,62
FC-001,Packaged Foods,Capital Foods PVT.LTD.,FC-Alpha,SKU-00630,"Ching's Secret Instant Soup, Hot & Sour, 15g Sachet",Soups,3,8,4,VND-003,TATA CONSUMER PRODUCTS LIMITED - Region Epsilon,200000,VALUE,480,240,2.0,3816.0,240,"{""sellable"": 240.0, ""contingency"": null, ""pending_putaway"": null, ""under_transfer"": null}",3,0.018,,{},0,0.0,0.0,240,160,1,1915.2,0.0043,FAIL,9.78,7.98,Band C,80.0,240,12,36,0,240,1,0,105,480
FC-001,Packaged Foods,Capital Foods PVT.LTD.,FC-Alpha,SKU-00631,"Ching's Secret Green Chilli Sauce, 90g Spout Pouch",Sauces,3,8,4,VND-003,TATA CONSUMER PRODUCTS LIMITED - Region Epsilon,200000,VALUE,288,48,6.0,5725.0,89,"{""sellable"": 89.0, ""contingency"": null, ""pending_putaway"": null, ""under_transfer"": null}",55,0.1,16/03/26,"{""open_po_1"": {""promise_date"": ""2026-03-16"", ""orderedquantity"": 144.0, ""order_item_amount"": 2862.72, ""open_po_cases"": 3.0, ""mrp"": 25.0, ""price_per_unit"": 19.88, ""order_id"": ""PO-00012"", ""po_raising_drr"": 43.0, ""po_raising_total_space"": 288.0, ""po_raising_final_available_space"": 131.0, ""order_date"": ""2026-03-13""}}",144,2863.0,3.0,48,5,1,951.84,0.0048,FAIL,24.13,19.83,Band B,1.6181818181818182,233,12,660,427,55,1,9,211,281
FC-001,Packaged Foods,Capital Foods PVT.LTD.,FC-Alpha,SKU-00632,"Ching's Secret Dark Soy Sauce, 210g Glass Bottle",Sauces,3,8,4,VND-003,TATA CONSUMER PRODUCTS LIMITED - Region Epsilon,200000,VALUE,48,24,2.0,2290.0,21,"{""sellable"": 21.0, ""contingency"": null, ""pending_putaway"": null, ""under_transfer"": null}",2,0.383,,{},0,0.0,0.0,24,22,1,1171.68,0.0092,FAIL,63.23,48.82,Band C,10.5,21,12,24,3,27,1,1,171,45
FC-001,Packaged Foods,Capital Foods PVT.LTD.,FC-Alpha,SKU-00633,"Ching's Secret Red Chilli Sauce, 200g Glass Bottle",Sauces,3,9,4,VND-003,TATA CONSUMER PRODUCTS LIMITED - Region Epsilon,200000,VALUE,168,24,7.0,8015.0,121,"{""sellable"": 121.0, ""contingency"": null, ""pending_putaway"": null, ""under_transfer"": null}",2,0.37,,{},0,0.0,0.0,24,72,1,1270.56,0.0089,FAIL,54.93,52.94,Band C,60.5,121,13,26,0,47,1,0,158,145
FC-001,Packaged Foods,Capital Foods PVT.LTD.,FC-Alpha,SKU-00634,"Ching's Secret Green Chilli Sauce, 190g Glass Bottle",Sauces,3,8,4,VND-003,TATA CONSUMER PRODUCTS LIMITED - Region Epsilon,200000,VALUE,24,24,1.0,1145.0,2,"{""sellable"": 2.0, ""contingency"": null, ""pending_putaway"": null, ""under_transfer"": null}",2,0.355,16/03/26,"{""open_po_1"": {""promise_date"": ""2026-03-16"", ""orderedquantity"": 24.0, ""order_item_amount"": 1145.04, ""open_po_cases"": 1.0, ""mrp"": 60.0, ""price_per_unit"": 47.71, ""order_id"": ""PO-00012"", ""po_raising_drr"": 2.0, ""po_raising_total_space"": 24.0, ""po_raising_final_available_space"": 24.0, ""order_date"": ""2026-03-13""}}",24,1145.0,1.0,0,13,0,0.0,0.0,N/A,68.1,54.59,Band C,1.0,26,12,24,0,0,0,0,153,26
FC-001,Packaged Foods,Capital Foods PVT.LTD.,FC-Alpha,SKU-00635,"Ching's Secret Just Soak Veg Hakka Noodles, 150g Pack",Noodles,3,8,4,VND-003,TATA CONSUMER PRODUCTS LIMITED - Region Epsilon,200000,VALUE,120,60,2.0,2863.0,93,"{""sellable"": 93.0, ""contingency"": null, ""pending_putaway"": null, ""under_transfer"": null}",3,0.146,,{},0,0.0,0.0,0,31,0,0.0,0.0,N/A,32.58,23.2,Band C,31.0,93,12,36,0,27,0,0,144,93
FC-001,Packaged Foods,Capital Foods PVT.LTD.,FC-Alpha,SKU-00636,"Ching's Secret Schezwan Chutney, 30g Pack",Chutneys,3,8,4,VND-003,TATA CONSUMER PRODUCTS LIMITED - Region Epsilon,200000,VALUE,1080,360,3.0,8586.0,616,"{""sellable"": 529.0, ""contingency"": 41.0, ""pending_putaway"": 15.0, ""under_transfer"": 41.0}",154,0.03,16/03/26,"{""open_po_1"": {""promise_date"": ""2026-03-16"", ""orderedquantity"": 360.0, ""order_item_amount"": 2862.0, ""open_po_cases"": 1.0, ""mrp"": 10.0, ""price_per_unit"": 7.95, ""order_id"": ""PO-00011"", ""po_raising_drr"": 193.0, ""po_raising_total_space"": 1080.0, ""po_raising_final_available_space"": 180.0, ""order_date"": ""2026-03-13""}, ""open_po_2"": {""promise_date"": ""2026-03-16"", ""orderedquantity"": 360.0, ""order_item_amount"": 2862.0, ""open_po_cases"": 1.0, ""mrp"": 10.0, ""price_per_unit"": 7.95, ""order_id"": ""PO-00012"", ""po_raising_drr"": 193.0, ""po_raising_total_space"": 1080.0, ""po_raising_final_available_space"": 540.0, ""order_date"": ""2026-03-13""}}",720,5724.0,2.0,0,8,0,0.0,0.0,N/A,8.77,8.73,Band B,4.0,1336,12,1848,512,0,0,2,64,1336
FC-001,Packaged Foods,Capital Foods PVT.LTD.,FC-Alpha,SKU-00637,"Ching's Secret Chilli Vinegar, Synthetic, 170ml Glass Bottle",Vinegar,3,8,4,VND-003,TATA CONSUMER PRODUCTS LIMITED - Region Epsilon,200000,VALUE,48,24,2.0,1908.0,2,"{""sellable"": 2.0, ""contingency"": null, ""pending_putaway"": null, ""under_transfer"": null}",2,0.35,16/03/26,"{""open_po_1"": {""promise_date"": ""2026-03-16"", ""orderedquantity"": 24.0, ""order_item_amount"": 954.24, ""open_po_cases"": 1.0, ""mrp"": 50.0, ""price_per_unit"": 39.76, ""order_id"": ""PO-00011"", ""po_raising_drr"": 3.0, ""po_raising_total_space"": 48.0, ""po_raising_final_available_space"": 24.0, ""order_date"": ""2026-03-13""}, ""open_po_2"": {""promise_date"": ""2026-03-16"", ""orderedquantity"": 24.0, ""order_item_amount"": 954.24, ""open_po_cases"": 1.0, ""mrp"": 50.0, ""price_per_unit"": 39.76, ""order_id"": ""PO-00012"", ""po_raising_drr"": 3.0, ""po_raising_total_space"": 48.0, ""po_raising_final_available_space"": 48.0, ""order_date"": ""2026-03-13""}}",48,1908.0,2.0,0,25,0,0.0,0.0,N/A,48.76,42.92,Band C,1.0,50,12,24,0,0,0,0,195,50
FC-001,Packaged Foods,Capital Foods PVT.LTD.,FC-Alpha,SKU-00848,"Ching's Secret Schezwan Chutney, 250g Glass Bottle",Chutneys,3,8,4,VND-003,TATA CONSUMER PRODUCTS LIMITED - Region Epsilon,200000,VALUE,48,24,2.0,3435.0,47,"{""sellable"": 44.0, ""contingency"": 3.0, ""pending_putaway"": null, ""under_transfer"": null}",2,0.445,,{},0,0.0,0.0,0,23,0,0.0,0.0,N/A,100.24,73.15,Band B,23.5,47,12,24,0,1,0,0,114,47
FC-001,Packaged Foods,Capital Foods PVT.LTD.,FC-Alpha,SKU-00850,"Ching's Secret Instant Soup, Manchow, 15g Sachet",Soups,3,8,4,VND-003,TATA CONSUMER PRODUCTS LIMITED - Region Epsilon,200000,VALUE,480,240,2.0,3816.0,26,"{""sellable"": 26.0, ""contingency"": null, ""pending_putaway"": null, ""under_transfer"": null}",8,0.018,16/03/26,"{""open_po_1"": {""promise_date"": ""2026-03-16"", ""orderedquantity"": 240.0, ""order_item_amount"": 1908.0, ""open_po_cases"": 1.0, ""mrp"": 10.0, ""price_per_unit"": 7.95, ""order_id"": ""PO-00012"", ""po_raising_drr"": 9.0, ""po_raising_total_space"": 480.0, ""po_raising_final_available_space"": 480.0, ""order_date"": ""2026-03-13""}, ""open_po_2"": {""promise_date"": ""2026-03-16"", ""orderedquantity"": 240.0, ""order_item_amount"": 1908.0, ""open_po_cases"": 1.0, ""mrp"": 10.0, ""price_per_unit"": 7.95, ""order_id"": ""PO-00011"", ""po_raising_drr"": 9.0, ""po_raising_total_space"": 480.0, ""po_raising_final_available_space"": 240.0, ""order_date"": ""2026-03-13""}}",480,3816.0,2.0,0,63,0,0.0,0.0,N/A,11.33,9.04,Band C,3.25,506,12,96,0,0,0,0,93,506
FC-001,"Biscuit, Confectionary & Snacks",Lotte India Corporation Limited,FC-Alpha,SKU-00512,"Lotte Choco Pie, 414g Box (18Pcs x 23g)",Cakes,2,15,4,VND-059,Rahul Enterprises - Region Epsilon,40000,VALUE,372,12,31.0,52080.0,75,"{""sellable"": 35.0, ""contingency"": 33.0, ""pending_putaway"": 4.0, ""under_transfer"": 33.0}",37,0.586,,{},0,0.0,0.0,288,9,24,36089.28,0.1688,FAIL,153.98,125.31,Band A,2.027027027027027,75,19,703,628,297,24,53,27,363
FC-001,"Biscuit, Confectionary & Snacks",Lotte India Corporation Limited,FC-Alpha,SKU-00860,"Lotte Jellies, Assorted Fruit Jelly, 600g Jar",Jellies,2,11,4,VND-059,Rahul Enterprises - Region Epsilon,40000,VALUE,32,16,2.0,5430.0,14,"{""sellable"": 14.0, ""contingency"": null, ""pending_putaway"": null, ""under_transfer"": null}",1,0.668,,{},0,0.0,0.0,16,30,1,2724.8,0.0107,FAIL,210.98,170.3,Band C,14.0,14,15,15,1,18,1,1,15,30
FC-001,Packaged Foods,Dnv Food Products Pvt Ltd,FC-Alpha,SKU-00099,"DNV Mustard Kasundi Sauce, 81g Spout Pouch",Sauces,8,15,4,VND-055,DNV FOOD PRODUCTS PVT LTD,30000,VALUE,144,72,2.0,1584.0,62,"{""sellable"": 62.0, ""contingency"": null, ""pending_putaway"": null, ""under_transfer"": null}",4,0.085,,{},0,0.0,0.0,72,33,1,876.24,0.0061,FAIL,13.5,12.17,Band C,15.5,62,19,76,14,82,1,1,35,134
FC-001,Packaged Foods,Dnv Food Products Pvt Ltd,FC-Alpha,SKU-00100,"DNV Tomato Ketchup, 81g Spout Pouch",Ketchup,8,15,4,VND-055,DNV FOOD PRODUCTS PVT LTD,30000,VALUE,144,72,2.0,1584.0,0,"{""sellable"": null, ""contingency"": null, ""pending_putaway"": null, ""under_transfer"": null}",3,0.09,23/03/26,"{""open_po_1"": {""promise_date"": ""2026-03-23"", ""orderedquantity"": 144.0, ""order_item_amount"": 1584.0, ""open_po_cases"": 2.0, ""mrp"": 15.0, ""price_per_unit"": 11.0, ""order_id"": ""PO-00021"", ""po_raising_drr"": 4.0, ""po_raising_total_space"": 144.0, ""po_raising_final_available_space"": 144.0, ""order_date"": ""2026-03-11""}}",144,1584.0,2.0,0,48,0,0.0,0.0,N/A,17.21,10.8,Band C,0.0,144,19,57,0,0,0,0,39,144
FC-001,Packaged Foods,Dnv Food Products Pvt Ltd,FC-Alpha,SKU-00101,"DNV Red Chilli Sabudana Papad, 50g Pack",Papad,8,15,4,VND-055,DNV FOOD PRODUCTS PVT LTD,30000,VALUE,200,100,2.0,2200.0,33,"{""sellable"": 33.0, ""contingency"": null, ""pending_putaway"": null, ""under_transfer"": null}",2,0.05,,{},0,0.0,0.0,100,66,1,1214.0,0.005,FAIL,18.39,12.14,Band C,16.5,33,19,38,5,167,1,1,25,133
FC-001,Packaged Foods,Dnv Food Products Pvt Ltd,FC-Alpha,SKU-00102,"DNV Soya Sauce, 81g Spout Pouch",Sauces,8,15,4,VND-055,DNV FOOD PRODUCTS PVT LTD,30000,VALUE,144,72,2.0,1584.0,4,"{""sellable"": 4.0, ""contingency"": null, ""pending_putaway"": null, ""under_transfer"": null}",10,0.09,23/03/26,"{""open_po_1"": {""promise_date"": ""2026-03-23"", ""orderedquantity"": 144.0, ""order_item_amount"": 1584.0, ""open_po_cases"": 2.0, ""mrp"": 15.0, ""price_per_unit"": 11.0, ""order_id"": ""PO-00021"", ""po_raising_drr"": 10.0, ""po_raising_total_space"": 144.0, ""po_raising_final_available_space"": 144.0, ""order_date"": ""2026-03-11""}}",144,1584.0,2.0,0,14,0,0.0,0.0,N/A,16.99,12.3,Band C,0.4,148,19,190,42,0,0,1,34,148
FC-001,Packaged Foods,Dnv Food Products Pvt Ltd,FC-Alpha,SKU-00103,"DNV Green Chilli Sauce, 81g Spout Pouch",Sauces,8,15,4,VND-055,DNV FOOD PRODUCTS PVT LTD,30000,VALUE,144,72,2.0,1584.0,18,"{""sellable"": 6.0, ""contingency"": null, ""pending_putaway"": null, ""under_transfer"": null}",10,0.09,23/03/26,"{""open_po_1"": {""promise_date"": ""2026-03-23"", ""orderedquantity"": 144.0, ""order_item_amount"": 1584.0, ""open_po_cases"": 2.0, ""mrp"": 15.0, ""price_per_unit"": 11.0, ""order_id"": ""PO-00021"", ""po_raising_drr"": 8.0, ""po_raising_total_space"": 144.0, ""po_raising_final_available_space"": 144.0, ""order_date"": ""2026-03-11""}}",144,1584.0,2.0,0,16,0,0.0,0.0,N/A,15.67,9.56,Band C,1.8,162,19,190,28,0,0,1,44,162
FC-001,Packaged Foods,Dnv Food Products Pvt Ltd,FC-Alpha,SKU-00104,"DNV Green Chilli Sabudana Papad, 50g Pack",Papad,8,15,4,VND-055,DNV FOOD PRODUCTS PVT LTD,30000,VALUE,200,100,2.0,2200.0,0,"{""sellable"": null, ""contingency"": null, ""pending_putaway"": null, ""under_transfer"": null}",2,0.05,23/03/26,"{""open_po_1"": {""promise_date"": ""2026-03-23"", ""orderedquantity"": 200.0, ""order_item_amount"": 2200.0, ""open_po_cases"": 2.0, ""mrp"": 20.0, ""price_per_unit"": 11.0, ""order_id"": ""PO-00021"", ""po_raising_drr"": 5.0, ""po_raising_total_space"": 200.0, ""po_raising_final_available_space"": 200.0, ""order_date"": ""2026-03-11""}}",200,2200.0,2.0,0,100,0,0.0,0.0,N/A,20.65,12.27,Band C,0.0,200,19,38,0,0,0,0,25,200
FC-001,Packaged Foods,Dnv Food Products Pvt Ltd,FC-Alpha,SKU-00105,"DNV Cumin Sabudana Papad, 50g Pack",Papad,8,15,4,VND-055,DNV FOOD PRODUCTS PVT LTD,30000,VALUE,200,100,2.0,2000.0,23,"{""sellable"": 23.0, ""contingency"": null, ""pending_putaway"": null, ""under_transfer"": null}",2,0.05,23/03/26,"{""open_po_1"": {""promise_date"": ""2026-03-23"", ""orderedquantity"": 100.0, ""order_item_amount"": 1000.0, ""open_po_cases"": 1.0, ""mrp"": 20.0, ""price_per_unit"": 10.0, ""order_id"": ""PO-00021"", ""po_raising_drr"": 3.0, ""po_raising_total_space"": 200.0, ""po_raising_final_available_space"": 200.0, ""order_date"": ""2026-03-11""}}",100,1000.0,1.0,0,61,0,0.0,0.0,N/A,20.08,9.84,Band C,11.5,123,19,38,0,77,0,0,31,123
FC-001,Packaged Foods,Dnv Food Products Pvt Ltd,FC-Alpha,SKU-00118,"DNV Appalam, 25g Pack",Papad,8,18,5,VND-055,DNV FOOD PRODUCTS PVT LTD,30000,VALUE,600,300,2.0,3360.0,471,"{""sellable"": 471.0, ""contingency"": null, ""pending_putaway"": null, ""under_transfer"": null}",6,0.025,,{},0,0.0,0.0,0,78,0,0.0,0.0,N/A,9.19,5.62,Band C,78.5,471,23,138,0,129,0,0,18,471
FC-001,Packaged Foods,Dnv Food Products Pvt Ltd,FC-Alpha,SKU-00119,"DNV Ginger Garlic Paste, 25g Pack",Cooking Paste,8,18,5,VND-055,DNV FOOD PRODUCTS PVT LTD,30000,VALUE,600,200,3.0,1680.0,0,"{""sellable"": null, ""contingency"": null, ""pending_putaway"": null, ""under_transfer"": null}",93,0.025,23/03/26,"{""open_po_1"": {""promise_date"": ""2026-03-23"", ""orderedquantity"": 600.0, ""order_item_amount"": 1680.0, ""open_po_cases"": 3.0, ""mrp"": 5.0, ""price_per_unit"": 2.8, ""order_id"": ""PO-00021"", ""po_raising_drr"": 108.0, ""po_raising_total_space"": 600.0, ""po_raising_final_available_space"": 600.0, ""order_date"": ""2026-03-11""}}",600,1680.0,3.0,0,6,0,0.0,0.0,N/A,4.51,2.91,Band C,0.0,600,23,2139,1539,0,0,8,52,600
FC-001,Packaged Foods,Dnv Food Products Pvt Ltd,FC-Alpha,SKU-00209,"DNV Lemon Pickle, 300g Jar (6Pcs x 50g)",Pickle,8,15,4,VND-055,DNV FOOD PRODUCTS PVT LTD,30000,VALUE,60,180,0.0,2280.0,1,"{""sellable"": 1.0, ""contingency"": null, ""pending_putaway"": null, ""under_transfer"": null}",0,0.35,23/03/26,"{""open_po_1"": {""promise_date"": ""2026-03-23"", ""orderedquantity"": 30.0, ""order_item_amount"": 1140.0, ""open_po_cases"": 1.0, ""mrp"": 60.0, ""price_per_unit"": 38.0, ""order_id"": ""PO-00021"", ""po_raising_drr"": 0.0, ""po_raising_total_space"": 60.0, ""po_raising_final_available_space"": 59.0, ""order_date"": ""2026-03-11""}}",30,1140.0,1.0,0,0,0,0.0,0.0,N/A,54.97,42.86,Band C,0.0,31,19,0,0,29,0,0,0,31
FC-001,Packaged Foods,Dnv Food Products Pvt Ltd,FC-Alpha,SKU-00210,"DNV Mango Pickle, 300g Jar (6Pcs x 50g)",Pickle,8,15,4,VND-055,DNV FOOD PRODUCTS PVT LTD,30000,VALUE,60,180,0.0,2280.0,3,"{""sellable"": null, ""contingency"": null, ""pending_putaway"": 3.0, ""under_transfer"": null}",1,0.35,23/03/26,"{""open_po_1"": {""promise_date"": ""2026-03-23"", ""orderedquantity"": 60.0, ""order_item_amount"": 2280.0, ""open_po_cases"": 2.0, ""mrp"": 60.0, ""price_per_unit"": 38.0, ""order_id"": ""PO-00021"", ""po_raising_drr"": 2.0, ""po_raising_total_space"": 60.0, ""po_raising_final_available_space"": 60.0, ""order_date"": ""2026-03-11""}}",60,2280.0,2.0,0,63,0,0.0,0.0,N/A,54.36,32.52,Band B,3.0,63,19,19,0,0,0,0,6,63
FC-001,Packaged Foods,Dnv Food Products Pvt Ltd,FC-Alpha,SKU-00211,"DNV Assorted Pickle, 300g Jar (6Pcs x 50g)",Pickle,8,15,4,VND-055,DNV FOOD PRODUCTS PVT LTD,30000,VALUE,60,180,0.0,2280.0,135,"{""sellable"": 6.0, ""contingency"": 120.0, ""pending_putaway"": null, ""under_transfer"": 30.0}",12,0.35,,{},0,0.0,0.0,0,11,0,0.0,0.0,N/A,65.03,37.74,Band B,11.25,135,19,228,93,0,0,1,5,135
FC-001,Packaged Foods,Dnv Food Products Pvt Ltd,FC-Alpha,SKU-00212,"DNV Green Chilli Pickle, 300g Jar (6Pcs x 50g)",Pickle,8,15,4,VND-055,DNV FOOD PRODUCTS PVT LTD,30000,VALUE,60,180,0.0,2280.0,0,"{""sellable"": null, ""contingency"": null, ""pending_putaway"": null, ""under_transfer"": null}",1,0.35,23/03/26,"{""open_po_1"": {""promise_date"": ""2026-03-23"", ""orderedquantity"": 60.0, ""order_item_amount"": 2280.0, ""open_po_cases"": 2.0, ""mrp"": 60.0, ""price_per_unit"": 38.0, ""order_id"": ""PO-00021"", ""po_raising_drr"": 2.0, ""po_raising_total_space"": 60.0, ""po_raising_final_available_space"": 60.0, ""order_date"": ""2026-03-11""}}",60,2280.0,2.0,0,60,0,0.0,0.0,N/A,57.3,40.14,Band C,0.0,60,19,19,0,0,0,0,5,60
FC-001,Packaged Foods,Dnv Food Products Pvt Ltd,FC-Alpha,SKU-00213,"DNV Mixed Pickle, 300g Jar (6Pcs x 50g)",Pickle,8,15,4,VND-055,DNV FOOD PRODUCTS PVT LTD,30000,VALUE,60,180,0.0,2280.0,0,"{""sellable"": null, ""contingency"": null, ""pending_putaway"": null, ""under_transfer"": null}",1,0.35,23/03/26,"{""open_po_1"": {""promise_date"": ""2026-03-23"", ""orderedquantity"": 60.0, ""order_item_amount"": 2280.0, ""open_po_cases"": 2.0, ""mrp"": 60.0, ""price_per_unit"": 38.0, ""order_id"": ""PO-00021"", ""po_raising_drr"": 2.0, ""po_raising_total_space"": 60.0, ""po_raising_final_available_space"": 60.0, ""order_date"": ""2026-03-11""}}",60,2280.0,2.0,0,60,0,0.0,0.0,N/A,52.04,40.54,Band C,0.0,60,19,19,0,0,0,0,5,60
FC-001,Packaged Foods,Dnv Food Products Pvt Ltd,FC-Alpha,SKU-00344,"DNV Non Fruit Vinegar, 350ml Bottle",Vinegar,8,15,4,VND-055,DNV FOOD PRODUCTS PVT LTD,30000,VALUE,72,24,3.0,1656.0,3,"{""sellable"": 3.0, ""contingency"": null, ""pending_putaway"": null, ""under_transfer"": null}",5,0.322,23/03/26,"{""open_po_1"": {""promise_date"": ""2026-03-23"", ""orderedquantity"": 72.0, ""order_item_amount"": 1656.0, ""open_po_cases"": 3.0, ""mrp"": 50.0, ""price_per_unit"": 23.0, ""order_id"": ""PO-00021"", ""po_raising_drr"": 8.0, ""po_raising_total_space"": 72.0, ""po_raising_final_available_space"": 72.0, ""order_date"": ""2026-03-11""}}",72,1656.0,3.0,0,15,0,0.0,0.0,N/A,57.04,24.33,Band C,0.6,75,19,95,20,0,0,1,52,75
FC-001,Packaged Foods,Dnv Food Products Pvt Ltd,FC-Alpha,SKU-00378,"DNV Punjabi Masala Papad, 180g Pack",Papad,8,15,4,VND-055,DNV FOOD PRODUCTS PVT LTD,30000,VALUE,60,30,2.0,2880.0,48,"{""sellable"": 48.0, ""contingency"": null, ""pending_putaway"": null, ""under_transfer"": null}",1,0.203,,{},0,0.0,0.0,0,48,0,0.0,0.0,N/A,94.79,42.74,Band C,48.0,48,19,19,0,12,0,0,24,48
FC-001,Packaged Foods,Dnv Food Products Pvt Ltd,FC-Alpha,SKU-00379,"DNV Special Masala Papad, 100g Pack",Papad,8,15,4,VND-055,DNV FOOD PRODUCTS PVT LTD,30000,VALUE,120,60,2.0,2100.0,41,"{""sellable"": 41.0, ""contingency"": null, ""pending_putaway"": null, ""under_transfer"": null}",3,0.1,23/03/26,"{""open_po_1"": {""promise_date"": ""2026-03-23"", ""orderedquantity"": 60.0, ""order_item_amount"": 1050.0, ""open_po_cases"": 1.0, ""mrp"": 37.0, ""price_per_unit"": 17.5, ""order_id"": ""PO-00021"", ""po_raising_drr"": 4.0, ""po_raising_total_space"": 120.0, ""po_raising_final_available_space"": 99.0, ""order_date"": ""2026-03-11""}}",60,1050.0,1.0,0,33,0,0.0,0.0,N/A,41.75,16.45,Band C,13.666666666666666,101,19,57,0,19,0,0,31,101
FC-001,Packaged Foods,Dnv Food Products Pvt Ltd,FC-Alpha,SKU-00394,"DNV Sabudana Papad, 100g Box",Papad,8,15,4,VND-055,DNV FOOD PRODUCTS PVT LTD,30000,VALUE,48,24,2.0,1200.0,32,"{""sellable"": 32.0, ""contingency"": null, ""pending_putaway"": null, ""under_transfer"": null}",0,0.12,,{},0,0.0,0.0,0,0,0,0.0,0.0,N/A,57.42,23.94,Band C,0.0,32,19,0,0,16,0,0,0,32
FC-001,Packaged Foods,Dnv Food Products Pvt Ltd,FC-Alpha,SKU-00920,"DNV Appalam, 100g Pack",Papad,8,15,4,VND-055,DNV FOOD PRODUCTS PVT LTD,30000,VALUE,90,90,1.0,1800.0,60,"{""sellable"": 60.0, ""contingency"": null, ""pending_putaway"": null, ""under_transfer"": null}",1,0.105,,{},0,0.0,0.0,0,60,0,0.0,0.0,N/A,45.11,21.83,Band C,60.0,60,19,19,0,30,0,0,16,60
FC-001,Packaged Foods,Dnv Food Products Pvt Ltd,FC-Alpha,SKU-00921,"DNV Masala Papad, Small, 10Rs Sachet",Papad,8,15,4,VND-055,DNV FOOD PRODUCTS PVT LTD,30000,VALUE,1200,600,2.0,7800.0,420,"{""sellable"": 419.0, ""contingency"": null, ""pending_putaway"": 1.0, ""under_transfer"": null}",22,0.043,,{},0,0.0,0.0,600,46,1,3642.0,0.0258,FAIL,9.69,6.07,Band C,19.09090909090909,420,19,418,0,780,1,0,9,1020
FC-001,Packaged Foods,Dnv Food Products Pvt Ltd,FC-Alpha,SKU-00922,"DNV Masala Tomato Ketchup, 200g Bottle",Ketchup,8,15,4,VND-055,DNV FOOD PRODUCTS PVT LTD,30000,VALUE,48,24,2.0,1152.0,8,"{""sellable"": 8.0, ""contingency"": null, ""pending_putaway"": null, ""under_transfer"": null}",2,0.2,,{},0,0.0,0.0,24,16,1,526.08,0.0048,FAIL,54.95,21.92,Band C,4.0,8,19,38,30,40,1,2,58,32
FC-001,Packaged Foods,Dnv Food Products Pvt Ltd,FC-Alpha,SKU-00923,"DNV Green Chilli Sauce, 200g Bottle",Sauces,8,15,4,VND-055,DNV FOOD PRODUCTS PVT LTD,30000,VALUE,48,24,2.0,1104.0,2,"{""sellable"": 2.0, ""contingency"": null, ""pending_putaway"": null, ""under_transfer"": null}",2,0.216,,{},0,0.0,0.0,24,13,1,627.84,0.0052,FAIL,58.23,26.16,Band C,1.0,2,19,38,36,46,1,2,48,26
FC-001,Packaged Foods,Dnv Food Products Pvt Ltd,FC-Alpha,SKU-00924,"DNV Red Chilli Sauce, 200g Bottle",Sauces,8,15,4,VND-055,DNV FOOD PRODUCTS PVT LTD,30000,VALUE,24,24,1.0,552.0,1,"{""sellable"": 1.0, ""contingency"": null, ""pending_putaway"": null, ""under_transfer"": null}",0,0.215,,{},0,0.0,0.0,0,0,0,0.0,0.0,N/A,49.29,19.61,Band C,0.0,1,19,0,0,23,0,0,0,1
FC-001,Packaged Foods,Dnv Food Products Pvt Ltd,FC-Alpha,SKU-00925,"DNV Soya Sauce, 200g Bottle",Sauces,8,15,4,VND-055,DNV FOOD PRODUCTS PVT LTD,30000,VALUE,48,24,2.0,1104.0,42,"{""sellable"": 42.0, ""contingency"": null, ""pending_putaway"": null, ""under_transfer"": null}",3,0.217,,{},0,0.0,0.0,0,14,0,0.0,0.0,N/A,60.21,26.43,Band C,14.0,42,19,57,15,6,0,1,48,42
FC-001,Packaged Foods,Dnv Food Products Pvt Ltd,FC-Alpha,SKU-00926,"DNV Mixed Pickle, 200g Jar",Pickle,8,15,4,VND-055,DNV FOOD PRODUCTS PVT LTD,30000,VALUE,48,24,2.0,1248.0,2,"{""sellable"": 2.0, ""contingency"": null, ""pending_putaway"": null, ""under_transfer"": null}",5,0.218,23/03/26,"{""open_po_1"": {""promise_date"": ""2026-03-23"", ""orderedquantity"": 48.0, ""order_item_amount"": 1248.0, ""open_po_cases"": 2.0, ""mrp"": 60.0, ""price_per_unit"": 26.0, ""order_id"": ""PO-00021"", ""po_raising_drr"": 12.0, ""po_raising_total_space"": 48.0, ""po_raising_final_available_space"": 48.0, ""order_date"": ""2026-03-11""}}",48,1248.0,2.0,0,10,0,0.0,0.0,N/A,55.04,27.38,Band B,0.4,50,19,95,45,0,0,2,46,50
FC-001,Packaged Foods,Dnv Food Products Pvt Ltd,FC-Alpha,SKU-00927,"DNV Mango Pickle, 200g Jar",Pickle,8,15,4,VND-055,DNV FOOD PRODUCTS PVT LTD,30000,VALUE,48,24,2.0,1248.0,4,"{""sellable"": 2.0, ""contingency"": null, ""pending_putaway"": null, ""under_transfer"": null}",7,0.216,23/03/26,"{""open_po_1"": {""promise_date"": ""2026-03-23"", ""orderedquantity"": 48.0, ""order_item_amount"": 1248.0, ""open_po_cases"": 2.0, ""mrp"": 60.0, ""price_per_unit"": 26.0, ""order_id"": ""PO-00021"", ""po_raising_drr"": 8.0, ""po_raising_total_space"": 48.0, ""po_raising_final_available_space"": 48.0, ""order_date"": ""2026-03-11""}}",48,1248.0,2.0,0,7,0,0.0,0.0,N/A,55.03,28.56,Band C,0.5714285714285714,52,19,133,81,0,0,4,44,52
FC-001,Packaged Foods,Dnv Food Products Pvt Ltd,FC-Alpha,SKU-00928,"DNV Garlic Sabudana Papad, 50g Pack",Papad,8,15,4,VND-055,DNV FOOD PRODUCTS PVT LTD,30000,VALUE,200,100,2.0,2200.0,96,"{""sellable"": 96.0, ""contingency"": null, ""pending_putaway"": null, ""under_transfer"": null}",0,0.05,,{},0,0.0,0.0,0,0,0,0.0,0.0,N/A,20.22,10.32,Band C,0.0,96,19,0,0,104,1,0,0,96
FC-001,Packaged Foods,Dnv Food Products Pvt Ltd,FC-Alpha,SKU-00991,"DNV Mustard Kasundi Sauce, 350g Bottle",Sauces,8,15,4,VND-055,DNV FOOD PRODUCTS PVT LTD,30000,VALUE,48,24,2.0,1536.0,1,"{""sellable"": 1.0, ""contingency"": null, ""pending_putaway"": null, ""under_transfer"": null}",1,0.36,23/03/26,"{""open_po_1"": {""promise_date"": ""2026-03-23"", ""orderedquantity"": 48.0, ""order_item_amount"": 1536.0, ""open_po_cases"": 2.0, ""mrp"": 61.0, ""price_per_unit"": 32.0, ""order_id"": ""PO-00021"", ""po_raising_drr"": 18.0, ""po_raising_total_space"": 48.0, ""po_raising_final_available_space"": 48.0, ""order_date"": ""2026-03-11""}}",48,1536.0,2.0,0,49,0,0.0,0.0,N/A,62.7,27.34,Band C,1.0,49,19,19,0,0,0,0,46,49
FC-001,"Biscuit, Confectionary & Snacks",Lotte India Corporation Limited,FC-Alpha,SKU-00889,"Lotte Coconut Punch Toffee, 690g Box",Toffee,2,11,4,VND-059,Rahul Enterprises - Region Epsilon,40000,VALUE,32,12,3.0,3878.0,2,"{""sellable"": null, ""contingency"": null, ""pending_putaway"": 2.0, ""under_transfer"": null}",2,0.69,,{},0,0.0,0.0,24,13,2,2546.4,0.0166,FAIL,165.52,106.1,Band C,1.0,2,15,30,28,30,2,3,32,26
FC-001,"Biscuit, Confectionary & Snacks",Lotte India Corporation Limited,FC-Alpha,SKU-01045,"Lotte Coffy Bite Classic, 690g Box (30Pcs x 23g)",Toffee,2,11,4,VND-059,Rahul Enterprises - Region Epsilon,40000,VALUE,64,16,4.0,7757.0,0,"{""sellable"": null, ""contingency"": null, ""pending_putaway"": null, ""under_transfer"": null}",7,0.69,,{},0,0.0,0.0,64,9,4,6621.44,0.0442,FAIL,132.82,103.46,Band B,0.0,0,15,105,105,64,4,7,25,64
FC-001,Packaged Foods,Bambino Agro Industries Limited,FC-Alpha,SKU-00258,"Bambino Vermicelli, 85g Pack",Vermicelli,2,9,4,VND-059,Rahul Enterprises - Region Epsilon,40000,VALUE,1080,180,6.0,7873.0,12,"{""sellable"": null, ""contingency"": null, ""pending_putaway"": 12.0, ""under_transfer"": null}",112,0.085,02/03/26,{},1440,0.0,0.0,0,12,0,0.0,0.0,N/A,11.12,7.38,Band B,0.10714285714285714,1452,13,1456,4,0,0,1,31,1452
FC-001,Packaged Foods,Gujarat Co-operative Milk Marketing Federation Ltd,FC-Alpha,SKU-00914,"Amul Gulab Jamun, 500g Tin",Indian Packaged Sweets,2,10,4,VND-011,SHRI KRISHNA MURARI ENTERPRISES - Region Epsilon,120000,VALUE,24,24,1.0,2586.0,0,"{""sellable"": null, ""contingency"": null, ""pending_putaway"": null, ""under_transfer"": null}",0,0.624,02/03/26,"{""open_po_1"": {""promise_date"": ""2026-03-02"", ""orderedquantity"": 24.0, ""order_item_amount"": 2585.76, ""open_po_cases"": 1.0, ""mrp"": 130.0, ""price_per_unit"": 107.74000000000001, ""order_id"": ""PO-00009"", ""po_raising_drr"": 0.0, ""po_raising_total_space"": 24.0, ""po_raising_final_available_space"": 24.0, ""order_date"": ""2026-02-27""}}",24,2586.0,1.0,0,0,0,0.0,0.0,N/A,120.86,96.2,,0.0,24,14,0,0,0,0,0,0,24
FC-001,Packaged Foods,Bambino Agro Industries Limited,FC-Alpha,SKU-00329,"Bambino Roasted Vermicelli, 80g Pack",Vermicelli,2,15,4,VND-059,Rahul Enterprises - Region Epsilon,40000,VALUE,8280,180,46.0,65909.0,5318,"{""sellable"": 5282.0, ""contingency"": null, ""pending_putaway"": 36.0, ""under_transfer"": null}",371,0.08,02/03/26,{},720,0.0,0.0,2160,22,12,17366.4,0.1728,FAIL,9.55,8.04,Band A,14.33423180592992,6038,19,7049,1011,2242,12,6,28,8198
FC-001,Packaged Foods,ITC,FC-Alpha,SKU-00159,"Sunfeast Yippee! Wow Masala Noodles, 50g Pack",Noodles,3,17,4,VND-068,ITC Limited - Region Epsilon,200000,VALUE,672,96,7.0,5611.0,420,"{""sellable"": 408.0, ""contingency"": null, ""pending_putaway"": 12.0, ""under_transfer"": null}",48,0.051,,{},0,0.0,0.0,192,12,2,1731.84,0.0098,FAIL,11.17,9.02,Band B,8.75,420,21,1008,588,252,2,7,231,612
FC-001,Packaged Foods,ITC,FC-Alpha,SKU-00214,"Sunfeast Yippee! Magic Masala Noodles, 50g Pack",Noodles,3,17,4,VND-068,ITC Limited - Region Epsilon,200000,VALUE,192,96,2.0,1693.0,0,"{""sellable"": null, ""contingency"": null, ""pending_putaway"": null, ""under_transfer"": null}",31,0.05,18/03/26,"{""open_po_1"": {""promise_date"": ""2026-03-18"", ""orderedquantity"": 192.0, ""order_item_amount"": 1693.44, ""open_po_cases"": 2.0, ""mrp"": 10.0, ""price_per_unit"": 8.82, ""order_id"": ""PO-00060"", ""po_raising_drr"": 61.0, ""po_raising_total_space"": 192.0, ""po_raising_final_available_space"": 192.0, ""order_date"": ""2026-03-14""}}",192,1693.0,2.0,0,6,0,0.0,0.0,N/A,11.37,9.24,Band C,0.0,192,21,651,459,0,0,5,226,192
FC-001,Packaged Foods,ITC,FC-Alpha,SKU-00712,"Sunfeast Yippee! Magic Masala Noodles, 70g Pack",Noodles,3,17,4,VND-068,ITC Limited - Region Epsilon,200000,VALUE,192,96,2.0,2540.0,12,"{""sellable"": 12.0, ""contingency"": null, ""pending_putaway"": null, ""under_transfer"": null}",23,0.075,,{},0,0.0,0.0,96,4,1,1371.84,0.0072,FAIL,16.63,14.29,Band C,0.5217391304347826,12,21,483,471,180,1,5,146,108
FC-001,Packaged Foods,ITC,FC-Alpha,SKU-00744,"Sunfeast Yippee! Magic Masala Noodles, 25g Pack",Noodles,3,19,4,VND-068,ITC Limited - Region Epsilon,200000,VALUE,14784,336,44.0,67119.0,5977,"{""sellable"": 5857.0, ""contingency"": null, ""pending_putaway"": 120.0, ""under_transfer"": null}",2462,0.03,18/03/26,"{""open_po_1"": {""promise_date"": ""2026-03-18"", ""orderedquantity"": 11424.0, ""order_item_amount"": 51864.96, ""open_po_cases"": 34.0, ""mrp"": 5.0, ""price_per_unit"": 4.54, ""order_id"": ""PO-00060"", ""po_raising_drr"": 2816.0, ""po_raising_total_space"": 14784.0, ""po_raising_final_available_space"": 11727.0, ""order_date"": ""2026-03-14""}}",11424,51865.0,34.0,0,7,0,0.0,0.0,N/A,5.46,5.01,Band A,2.42770105605199,17401,23,56626,39225,0,0,117,119,17401
FC-001,Personal Care,Himalaya Wellness Company,FC-Alpha,SKU-00440,"Himalaya Purifying Neem Face Wash, 100ml Tube",Face Wash,2,14,4,VND-006,HIMALAYA WELLNESS COMPANY - Region Epsilon,50000,VALUE,48,48,1.0,6117.6,0,"{""sellable"": null, ""contingency"": null, ""pending_putaway"": null, ""under_transfer"": null}",0,0.12,05/03/26,"{""open_po_1"": {""promise_date"": ""2026-03-05"", ""orderedquantity"": 48.0, ""order_item_amount"": 6117.6, ""open_po_cases"": 1.0, ""mrp"": 150.0, ""price_per_unit"": 127.45, ""order_id"": ""PO-00008"", ""po_raising_drr"": 0.0, ""po_raising_total_space"": 96.0, ""po_raising_final_available_space"": 48.0, ""order_date"": ""2026-02-26""}, ""open_po_2"": {""promise_date"": ""2026-03-05"", ""orderedquantity"": 48.0, ""order_item_amount"": 6117.6, ""open_po_cases"": 1.0, ""mrp"": 150.0, ""price_per_unit"": 127.45, ""order_id"": ""PO-00007"", ""po_raising_drr"": 0.0, ""po_raising_total_space"": 96.0, ""po_raising_final_available_space"": 96.0, ""order_date"": ""2026-02-26""}}",96,12235.2,2.0,0,0,0,0.0,0.0,N/A,171.9,134.24,,0.0,96,18,0,0,0,0,0,0,96
FC-001,Personal Care,Himalaya Wellness Company,FC-Alpha,SKU-00441,"Himalaya Neem & Turmeric Soap Cleanses & Purifies Skin, 75g Box",Soaps,2,14,4,VND-006,HIMALAYA WELLNESS COMPANY - Region Epsilon,50000,VALUE,90,90,1.0,2753.1,0,"{""sellable"": null, ""contingency"": null, ""pending_putaway"": null, ""under_transfer"": null}",0,0.082,05/03/26,"{""open_po_1"": {""promise_date"": ""2026-03-05"", ""orderedquantity"": 90.0, ""order_item_amount"": 2753.1, ""open_po_cases"": 1.0, ""mrp"": 36.0, ""price_per_unit"": 30.59, ""order_id"": ""PO-00008"", ""po_raising_drr"": 0.0, ""po_raising_total_space"": 180.0, ""po_raising_final_available_space"": 90.0, ""order_date"": ""2026-02-26""}, ""open_po_2"": {""promise_date"": ""2026-03-05"", ""orderedquantity"": 90.0, ""order_item_amount"": 2753.1, ""open_po_cases"": 1.0, ""mrp"": 36.0, ""price_per_unit"": 30.59, ""order_id"": ""PO-00007"", ""po_raising_drr"": 0.0, ""po_raising_total_space"": 180.0, ""po_raising_final_available_space"": 180.0, ""order_date"": ""2026-02-26""}}",180,5506.2,2.0,0,0,0,0.0,0.0,N/A,35.99,33.1,,0.0,180,18,0,0,0,0,0,0,180
FC-001,Home Care,RSPL Limited,FC-Alpha,SKU-00037,"Ghadi Smart Matic Liquid, Lavender, 60ml Pouch",Laundry Detergents,4,15,5,VND-020,RSPL LIMITED - Region Alpha,60000,VALUE,1200,200,6.0,10392.0,0,"{""sellable"": null, ""contingency"": null, ""pending_putaway"": null, ""under_transfer"": null}",0,0.0,19/03/26,"{""open_po_1"": {""promise_date"": ""2026-03-19"", ""orderedquantity"": 1200.0, ""order_item_amount"": 10392.0, ""open_po_cases"": 6.0, ""mrp"": 10.0, ""price_per_unit"": 8.66, ""order_id"": ""PO-00052"", ""po_raising_drr"": 0.0, ""po_raising_total_space"": 1200.0, ""po_raising_final_available_space"": 1200.0, ""order_date"": ""2026-03-14""}}",1200,10392.0,6.0,0,0,0,0.0,0.0,N/A,10.7,7.79,,0.0,1200,20,0,0,0,0,0,0,1200
FC-001,Home Care,RSPL Limited,FC-Alpha,SKU-00038,"Ghadi Smart Matic Liquid, Lavender, 900ml Spout Pouch",Laundry Detergents,4,15,5,VND-020,RSPL LIMITED - Region Alpha,50000,VALUE,72,12,6.0,6171.0,0,"{""sellable"": null, ""contingency"": null, ""pending_putaway"": null, ""under_transfer"": null}",0,0.0,19/03/26,"{""open_po_1"": {""promise_date"": ""2026-03-19"", ""orderedquantity"": 72.0, ""order_item_amount"": 6171.12, ""open_po_cases"": 6.0, ""mrp"": 99.0, ""price_per_unit"": 85.71, ""order_id"": ""PO-00052"", ""po_raising_drr"": 0.0, ""po_raising_total_space"": 72.0, ""po_raising_final_available_space"": 72.0, ""order_date"": ""2026-03-14""}}",72,6171.0,6.0,0,0,0,0.0,0.0,N/A,90.53,83.92,,0.0,72,20,0,0,0,0,0,0,72
FC-001,Home Care,RSPL Limited,FC-Alpha,SKU-00121,"Ghadi Smart Matic Detergent Powder, Lavender, 1Kg Standup Pouch",Laundry Detergents,4,12,5,VND-020,RSPL LIMITED - Region Alpha,50000,VALUE,12,12,1.0,1203.0,11,"{""sellable"": 11.0, ""contingency"": null, ""pending_putaway"": null, ""under_transfer"": null}",0,1.0,,{},0,0.0,0.0,0,0,0,0.0,0.0,N/A,103.12,89.49,Band B,0.0,11,17,0,0,1,0,0,0,11
FC-001,Home Care,RSPL Limited,FC-Alpha,SKU-00793,"Ghadi Detergent Cake, 165g Pack",Laundry Detergents,4,12,5,VND-020,RSPL LIMITED - Region Alpha,60000,VALUE,1008,56,18.0,8528.0,896,"{""sellable"": 896.0, ""contingency"": null, ""pending_putaway"": null, ""under_transfer"": null}",19,0.13,,{},0,0.0,0.0,112,53,2,1058.4,0.0146,FAIL,10.87,9.45,Band B,47.1578947368421,896,17,323,0,112,2,0,114,1008
FC-001,Home Care,RSPL Limited,FC-Alpha,SKU-00794,"Ghadi Detergent Powder, 500g Pack",Laundry Detergents,4,15,4,VND-020,RSPL LIMITED - Region Alpha,50000,VALUE,1200,40,30.0,38256.0,0,"{""sellable"": null, ""contingency"": null, ""pending_putaway"": null, ""under_transfer"": null}",31,0.52,19/03/26,"{""open_po_1"": {""promise_date"": ""2026-03-19"", ""orderedquantity"": 1200.0, ""order_item_amount"": 38256.0, ""open_po_cases"": 30.0, ""mrp"": 38.0, ""price_per_unit"": 31.88, ""order_id"": ""PO-00052"", ""po_raising_drr"": 31.0, ""po_raising_total_space"": 1200.0, ""po_raising_final_available_space"": 1200.0, ""order_date"": ""2026-03-14""}}",1200,38256.0,30.0,0,38,0,0.0,0.0,N/A,39.08,30.41,Band A,0.0,1200,19,589,0,0,0,0,42,1200
FC-001,Home Care,RSPL Limited,FC-Alpha,SKU-00795,"Ghadi Detergent Powder, 1Kg Pack",Laundry Detergents,4,15,4,VND-020,RSPL LIMITED - Region Alpha,60000,VALUE,525,25,21.0,32435.0,0,"{""sellable"": null, ""contingency"": null, ""pending_putaway"": null, ""under_transfer"": null}",4,1.025,19/03/26,"{""open_po_1"": {""promise_date"": ""2026-03-19"", ""orderedquantity"": 525.0, ""order_item_amount"": 32434.5, ""open_po_cases"": 21.0, ""mrp"": 74.0, ""price_per_unit"": 61.78, ""order_id"": ""PO-00052"", ""po_raising_drr"": 5.0, ""po_raising_total_space"": 525.0, ""po_raising_final_available_space"": 525.0, ""order_date"": ""2026-03-14""}}",525,32435.0,21.0,0,131,0,0.0,0.0,N/A,64.04,55.38,Band A,0.0,525,19,76,0,0,0,0,44,525
FC-001,Home Care,RSPL Limited,FC-Alpha,SKU-00918,"Ghadi Detergent Cake, 80g Pack",Laundry Detergents,4,12,5,VND-020,RSPL LIMITED - Region Alpha,50000,VALUE,2500,100,25.0,10575.0,1322,"{""sellable"": 1322.0, ""contingency"": null, ""pending_putaway"": null, ""under_transfer"": null}",7,0.07,,{},0,0.0,0.0,1100,346,11,3993.0,0.077,FAIL,4.99,3.63,Band B,188.85714285714286,1322,17,119,0,1178,11,0,138,2422
FC-001,Home Care,RSPL Limited,FC-Alpha,SKU-00984,"Ghadi Detergent Powder, 3Kg Pack",Laundry Detergents,4,12,5,VND-020,RSPL LIMITED - Region Alpha,60000,VALUE,80,10,8.0,14067.0,0,"{""sellable"": null, ""contingency"": null, ""pending_putaway"": null, ""under_transfer"": null}",0,3.01,19/03/26,"{""open_po_1"": {""promise_date"": ""2026-03-19"", ""orderedquantity"": 80.0, ""order_item_amount"": 14067.2, ""open_po_cases"": 8.0, ""mrp"": 210.0, ""price_per_unit"": 175.84, ""order_id"": ""PO-00052"", ""po_raising_drr"": 0.0, ""po_raising_total_space"": 80.0, ""po_raising_final_available_space"": 80.0, ""order_date"": ""2026-03-14""}}",80,14067.0,8.0,0,0,0,0.0,0.0,N/A,216.1,183.53,Band B,0.0,80,17,0,0,0,0,0,0,80
FC-001,"Biscuit, Confectionary & Snacks",Lotte India Corporation Limited,FC-Alpha,SKU-00511,"Lotte Coffy Bite Classic, 380g Pack (100Pcs x 3.8g)",Toffee,2,11,4,VND-014,SHREE BALAJEE AGENCIES - Region Epsilon,30000,VALUE,72,24,3.0,5760.0,0,"{""sellable"": null, ""contingency"": null, ""pending_putaway"": null, ""under_transfer"": null}",0,0.45,,{},0,0.0,0.0,0,0,0,0.0,0.0,N/A,87.08,69.6,,0.0,0,15,0,0,72,3,0,0,0
FC-001,"Biscuit, Confectionary & Snacks",Lotte India Corporation Limited,FC-Alpha,SKU-00889,"Lotte Coconut Punch Toffee, 690g Box",Toffee,2,11,4,VND-014,SHREE BALAJEE AGENCIES - Region Epsilon,30000,VALUE,32,480,0.0,128.0,2,"{""sellable"": null, ""contingency"": null, ""pending_putaway"": 2.0, ""under_transfer"": null}",2,0.69,,{},0,0.0,0.0,0,1,0,0.0,0.0,N/A,4.73,3.45,Band C,1.0,2,15,30,28,30,0,1,19,2
FC-001,"Biscuit, Confectionary & Snacks",Lotte India Corporation Limited,FC-Alpha,SKU-01045,"Lotte Coffy Bite Classic, 690g Box (30Pcs x 23g)",Toffee,2,11,4,VND-014,SHREE BALAJEE AGENCIES - Region Epsilon,30000,VALUE,64,16,4.0,10240.0,0,"{""sellable"": null, ""contingency"": null, ""pending_putaway"": null, ""under_transfer"": null}",7,0.69,,{},0,0.0,0.0,64,9,4,8922.88,0.0442,FAIL,186.91,139.42,Band B,0.0,0,15,105,105,64,4,7,14,64
FC-001,Personal Care,Bajaj Consumer Care Ltd,FC-Alpha,SKU-00053,"Bajaj Gold Enriched Coconut Hair Oil, 40ml Bottle",Hair Oil,2,14,5,VND-014,SHREE BALAJEE AGENCIES - Region Epsilon,30000,VALUE,384,192,2.0,6528.0,0,"{""sellable"": null, ""contingency"": null, ""pending_putaway"": null, ""under_transfer"": null}",0,0.0,17/03/26,"{""open_po_1"": {""promise_date"": ""2026-03-17"", ""orderedquantity"": 192.0, ""order_item_amount"": 3264.0, ""open_po_cases"": 1.0, ""mrp"": 20.0, ""price_per_unit"": 17.0, ""order_id"": ""PO-00059"", ""po_raising_drr"": 0.0, ""po_raising_total_space"": 384.0, ""po_raising_final_available_space"": 384.0, ""order_date"": ""2026-03-14""}}",192,3264.0,1.0,0,0,0,0.0,0.0,N/A,18.56,17.27,,0.0,192,19,0,0,192,1,0,0,192
FC-001,Personal Care,Bajaj Consumer Care Ltd,FC-Alpha,SKU-00421,"Bajaj Almond Drops Non Sticky Hair Oil, 200ml Bottle",Hair Oil,2,11,4,VND-014,SHREE BALAJEE AGENCIES - Region Epsilon,30000,VALUE,60,30,2.0,8370.0,22,"{""sellable"": 22.0, ""contingency"": null, ""pending_putaway"": null, ""under_transfer"": null}",2,0.386,17/03/26,"{""open_po_1"": {""promise_date"": ""2026-03-17"", ""orderedquantity"": 30.0, ""order_item_amount"": 4185.0, ""open_po_cases"": 1.0, ""mrp"": 165.0, ""price_per_unit"": 139.5, ""order_id"": ""PO-00059"", ""po_raising_drr"": 2.0, ""po_raising_total_space"": 60.0, ""po_raising_final_available_space"": 37.0, ""order_date"": ""2026-03-14""}}",30,4185.0,1.0,0,26,0,0.0,0.0,N/A,171.63,140.34,Band B,11.0,52,15,30,0,8,0,0,8,52
FC-001,Personal Care,Bajaj Consumer Care Ltd,FC-Alpha,SKU-00422,"Bajaj Almond Drops Non Sticky Hair Oil, 19ml Bottle",Hair Oil,2,11,4,VND-014,SHREE BALAJEE AGENCIES - Region Epsilon,30000,VALUE,480,240,2.0,4058.0,71,"{""sellable"": 35.0, ""contingency"": null, ""pending_putaway"": 36.0, ""under_transfer"": null}",74,0.027,17/03/26,"{""open_po_1"": {""promise_date"": ""2026-03-17"", ""orderedquantity"": 480.0, ""order_item_amount"": 4056.0, ""open_po_cases"": 2.0, ""mrp"": 10.0, ""price_per_unit"": 8.45, ""order_id"": ""PO-00059"", ""po_raising_drr"": 109.0, ""po_raising_total_space"": 480.0, ""po_raising_final_available_space"": 480.0, ""order_date"": ""2026-03-14""}}",480,4056.0,2.0,0,7,0,0.0,0.0,N/A,10.12,7.54,Band A,0.9594594594594594,551,15,1110,559,0,0,3,17,551
FC-001,Personal Care,Bajaj Consumer Care Ltd,FC-Alpha,SKU-00423,"Bajaj Almond Drops Non Sticky Hair Oil, 2.5ml Sachet",Hair Oil,2,11,4,VND-014,SHREE BALAJEE AGENCIES - Region Epsilon,30000,VALUE,6400,1920,3.0,10822.0,3119,"{""sellable"": 2919.0, ""contingency"": null, ""pending_putaway"": 200.0, ""under_transfer"": null}",287,0.0026,17/03/26,"{""open_po_1"": {""promise_date"": ""2026-03-17"", ""orderedquantity"": 3840.0, ""order_item_amount"": 6489.6, ""open_po_cases"": 2.0, ""mrp"": 2.0, ""price_per_unit"": 1.6900000000000002, ""order_id"": ""PO-00059"", ""po_raising_drr"": 446.0, ""po_raising_total_space"": 6400.0, ""po_raising_final_available_space"": 4619.0, ""order_date"": ""2026-03-14""}}",3840,6490.0,2.0,0,24,0,0.0,0.0,N/A,2.17,1.83,Band B,10.867595818815332,6959,15,4305,0,0,0,0,9,6959
FC-001,Personal Care,Bajaj Consumer Care Ltd,FC-Alpha,SKU-00620,"Bajaj Almond Drops Non Sticky Hair Oil, 49.5ml Bottle",Hair Oil,2,15,4,VND-014,SHREE BALAJEE AGENCIES - Region Epsilon,30000,VALUE,252,84,3.0,8522.0,59,"{""sellable"": 59.0, ""contingency"": null, ""pending_putaway"": null, ""under_transfer"": null}",30,0.14,17/03/26,"{""open_po_1"": {""promise_date"": ""2026-03-17"", ""orderedquantity"": 84.0, ""order_item_amount"": 2840.88, ""open_po_cases"": 1.0, ""mrp"": 40.0, ""price_per_unit"": 33.82, ""order_id"": ""PO-00059"", ""po_raising_drr"": 26.0, ""po_raising_total_space"": 252.0, ""po_raising_final_available_space"": 160.0, ""order_date"": ""2026-03-14""}}",84,2841.0,1.0,84,7,1,2646.0,0.0118,FAIL,35.28,31.5,Band A,1.9666666666666666,143,19,570,427,109,1,6,12,227
FC-001,Personal Care,Bajaj Consumer Care Ltd,FC-Alpha,SKU-00621,"Bajaj Almond Drops Non Sticky Hair Oil, 114.5ml Bottle",Hair Oil,2,15,4,VND-014,SHREE BALAJEE AGENCIES - Region Epsilon,30000,VALUE,80,40,2.0,5749.0,36,"{""sellable"": 36.0, ""contingency"": null, ""pending_putaway"": null, ""under_transfer"": null}",12,0.244,,{},0,0.0,0.0,40,6,1,2871.6,0.0098,FAIL,91.66,71.79,Band A,3.0,36,19,228,192,44,1,5,11,76
FC-001,Personal Care,Bajaj Consumer Care Ltd,FC-Alpha,SKU-00900,"Bajaj 100% Pure Coconut Oil, 100ml Bottle",Hair Oil,2,14,5,VND-014,SHREE BALAJEE AGENCIES - Region Epsilon,30000,VALUE,136,96,1.0,7861.0,40,"{""sellable"": 37.0, ""contingency"": null, ""pending_putaway"": 3.0, ""under_transfer"": null}",4,0.092,17/03/26,"{""open_po_1"": {""promise_date"": ""2026-03-17"", ""orderedquantity"": 96.0, ""order_item_amount"": 5548.8, ""open_po_cases"": 1.0, ""mrp"": 68.0, ""price_per_unit"": 57.800000000000004, ""order_id"": ""PO-00059"", ""po_raising_drr"": 8.0, ""po_raising_total_space"": 136.0, ""po_raising_final_available_space"": 113.0, ""order_date"": ""2026-03-14""}}",96,5549.0,1.0,0,34,0,0.0,0.0,N/A,68.84,54.06,Band C,10.0,136,19,76,0,0,0,0,6,136
FC-001,Baby Care,Unicharm India Pvt Ltd,FC-Alpha,SKU-00247,"MamyPoko Pants Extra Absorb Diapers, Small (4-8 Kg), 2Pcs Pack",Baby Diapers and Pants,2,23,13,VND-050,SHREE GANESH ENTERPRISES (BH_PT),50000,VALUE,120,120,1.0,2016.0,5,"{""sellable"": 5.0, ""contingency"": null, ""pending_putaway"": null, ""under_transfer"": null}",0,0.051,,{},0,0.0,0.0,0,0,0,0.0,0.0,N/A,20.72,16.52,,0.0,5,36,0,0,115,0,0,0,5
FC-001,Baby Care,Unicharm India Pvt Ltd,FC-Alpha,SKU-00390,"MamyPoko Pants Standard Diapers, Small (4-8 Kg), 4Pcs Pack",Baby Diapers and Pants,2,13,4,VND-050,SHREE GANESH ENTERPRISES (BH_PT),50000,VALUE,48,48,1.0,1459.0,6,"{""sellable"": null, ""contingency"": null, ""pending_putaway"": 6.0, ""under_transfer"": null}",0,0.11,,{},0,0.0,0.0,0,0,0,0.0,0.0,N/A,34.58,27.46,,0.0,6,17,0,0,42,0,0,0,6
FC-001,Packaged Foods,Marico,FC-Alpha,SKU-00409,"Saffola Masala Oats, Classic Masala, 39g Pack",Oatmeal,3,23,5,VND-053,MARICO LIMITED - Region Epsilon,10000,CASES,560,280,2.0,8772.0,4,"{""sellable"": 4.0, ""contingency"": null, ""pending_putaway"": null, ""under_transfer"": null}",3,0.046,,{},0,0.0,0.0,280,94,1,4116.0,0.0129,FAIL,19.61,14.7,Band C,1.3333333333333333,4,28,84,80,556,1,1,10000,284
FC-001,Packaged Foods,Marico,FC-Alpha,SKU-00504,"Saffola Masala Oats, Peppy Tomato, 39g Pack",Oatmeal,3,23,5,VND-053,MARICO LIMITED - Region Epsilon,10000,CASES,560,280,2.0,8772.0,4,"{""sellable"": 4.0, ""contingency"": null, ""pending_putaway"": null, ""under_transfer"": null}",5,0.046,,{},0,0.0,0.0,280,56,1,4032.0,0.0129,FAIL,18.86,14.4,Band C,0.8,4,28,140,136,556,1,1,10000,284
FC-001,Packaged Foods,Marico,FC-Alpha,SKU-00569,"Saffola Masala Oats, Veggie Twist, 38g Pack",Oatmeal,3,23,5,VND-053,MARICO LIMITED - Region Epsilon,10000,CASES,560,280,2.0,8772.0,0,"{""sellable"": null, ""contingency"": null, ""pending_putaway"": null, ""under_transfer"": null}",4,0.041,,{},0,0.0,0.0,560,140,2,8192.8,0.023,FAIL,19.89,14.63,Band C,0.0,0,28,112,112,560,2,1,10000,560
FC-001,Packaged Foods,Marico,FC-Alpha,SKU-00843,"Saffola Oats, 200g Pack",Oatmeal,3,23,5,VND-053,MARICO LIMITED - Region Epsilon,10000,CASES,120,60,2.0,6396.0,2,"{""sellable"": 2.0, ""contingency"": null, ""pending_putaway"": null, ""under_transfer"": null}",1,0.2,,{},0,0.0,0.0,60,62,1,3489.0,0.012,FAIL,66.61,58.15,Band C,2.0,2,28,28,26,118,1,1,10000,62
FC-001,Packaged Foods,Nestle India Ltd,FC-Alpha,SKU-00658,"Maggi Pazzta, Cheesy Tomato Twist, 64g Standup Pouch",Pasta,4,15,4,VND-043,NESTLE INDIA LTD - Region Alpha,10000,CASES,160,80,2.0,4984.0,112,"{""sellable"": 112.0, ""contingency"": null, ""pending_putaway"": null, ""under_transfer"": null}",1,0.07,,{},0,0.0,0.0,0,112,0,0.0,0.0,N/A,37.19,35.16,Band C,112.0,112,19,19,0,48,0,0,10000,112
FC-001,Packaged Foods,Nestle India Ltd,FC-Alpha,SKU-00680,"Maggi Pazzta, Masala Penne, 65g Standup Pouch",Pasta,4,15,4,VND-043,NESTLE INDIA LTD - Region Alpha,10000,CASES,192,96,2.0,5981.0,136,"{""sellable"": 136.0, ""contingency"": null, ""pending_putaway"": null, ""under_transfer"": null}",1,0.07,,{},0,0.0,0.0,0,136,0,0.0,0.0,N/A,38.54,30.26,Band C,136.0,136,19,19,0,56,0,0,10000,136
FC-001,Packaged Foods,Nestle India Ltd,FC-Alpha,SKU-00681,"Maggi 2-Minute Noodles, Masala, 280g Pack",Noodles,3,17,4,VND-036,PANKAJ ENTERPRISES - Region Alpha,200000,VALUE,624,24,26.0,28479.0,540,"{""sellable"": 519.0, ""contingency"": null, ""pending_putaway"": 21.0, ""under_transfer"": null}",127,0.29,19/03/26,{},528,0.0,0.0,0,8,0,0.0,0.0,N/A,57.2,51.2,Band A,4.251968503937008,1068,21,2667,1599,0,0,67,163,1068
FC-001,Packaged Foods,Nestle India Ltd,FC-Alpha,SKU-00681,"Maggi 2-Minute Noodles, Masala, 280g Pack",Noodles,4,17,4,VND-043,NESTLE INDIA LTD - Region Alpha,10000,CASES,624,24,26.0,33315.0,540,"{""sellable"": 519.0, ""contingency"": null, ""pending_putaway"": 21.0, ""under_transfer"": null}",127,0.29,19/03/26,"{""open_po_1"": {""promise_date"": ""2026-03-19"", ""orderedquantity"": 528.0, ""order_item_amount"": 28189.92, ""open_po_cases"": 22.0, ""mrp"": 60.0, ""price_per_unit"": 53.38999999999999, ""order_id"": ""PO-00054"", ""po_raising_drr"": 157.0, ""po_raising_total_space"": 624.0, ""po_raising_final_available_space"": 605.0, ""order_date"": ""2026-03-14""}}",528,28190.0,22.0,0,8,0,0.0,0.0,N/A,63.24,50.53,Band A,4.251968503937008,1068,21,2667,1599,0,0,67,10000,1068
FC-001,Packaged Foods,Nestle India Ltd,FC-Alpha,SKU-00682,"Maggi 2-Minute Noodles, Masala, 75g Pack",Noodles,3,19,4,VND-036,PANKAJ ENTERPRISES - Region Alpha,200000,VALUE,13824,96,144.0,186624.0,12648,"{""sellable"": 10758.0, ""contingency"": 1796.0, ""pending_putaway"": 86.0, ""under_transfer"": 864.0}",1656,0.072,17/03/26,{},5280,0.0,0.0,0,10,0,0.0,0.0,N/A,15.53,13.4,Band A,7.63768115942029,17928,23,38088,20160,0,0,210,156,17928
FC-001,Packaged Foods,Nestle India Ltd,FC-Alpha,SKU-00682,"Maggi 2-Minute Noodles, Masala, 75g Pack",Noodles,4,19,4,VND-043,NESTLE INDIA LTD - Region Alpha,10000,CASES,13824,96,144.0,184550.0,12648,"{""sellable"": 10758.0, ""contingency"": 1796.0, ""pending_putaway"": 86.0, ""under_transfer"": 864.0}",1656,0.072,17/03/26,"{""open_po_1"": {""promise_date"": ""2026-03-19"", ""orderedquantity"": 3264.0, ""order_item_amount"": 43574.4, ""open_po_cases"": 34.0, ""mrp"": 15.0, ""price_per_unit"": 13.35, ""order_id"": ""PO-00054"", ""po_raising_drr"": 1946.0, ""po_raising_total_space"": 13824.0, ""po_raising_final_available_space"": 3179.0, ""order_date"": ""2026-03-14""}}",5280,70649.0,55.0,0,10,0,0.0,0.0,N/A,16.14,12.25,Band A,7.63768115942029,17928,23,38088,20160,0,0,210,10000,17928
FC-001,Packaged Foods,Nestle India Ltd,FC-Alpha,SKU-00682,"Maggi 2-Minute Noodles, Masala, 75g Pack",Noodles,4,19,4,VND-061,M/s Gupta Enterprises - Region Epsilon,200000,VALUE,13824,96,144.0,185656.0,12648,"{""sellable"": 10758.0, ""contingency"": 1796.0, ""pending_putaway"": 86.0, ""under_transfer"": 864.0}",1656,0.072,17/03/26,"{""open_po_1"": {""promise_date"": ""2026-03-17"", ""orderedquantity"": 2016.0, ""order_item_amount"": 27074.88, ""open_po_cases"": 21.0, ""mrp"": 15.0, ""price_per_unit"": 13.43, ""order_id"": ""PO-00010"", ""po_raising_drr"": 2043.0, ""po_raising_total_space"": 13824.0, ""po_raising_final_available_space"": 2069.0, ""order_date"": ""2026-03-13""}}",5280,70649.0,55.0,0,10,0,0.0,0.0,N/A,16.1,14.0,Band A,7.63768115942029,17928,23,38088,20160,0,0,210,149,17928
FC-001,Packaged Foods,Nestle India Ltd,FC-Alpha,SKU-00683,"Maggi 2-Minute Noodles, Masala, 420g Pack",Noodles,3,17,4,VND-036,PANKAJ ENTERPRISES - Region Alpha,200000,VALUE,128,16,8.0,9818.0,146,"{""sellable"": 107.0, ""contingency"": null, ""pending_putaway"": 39.0, ""under_transfer"": null}",33,0.425,17/03/26,{},64,0.0,0.0,0,6,0,0.0,0.0,N/A,100.28,87.72,Band A,4.424242424242424,210,21,693,483,0,0,31,143,210
FC-001,Packaged Foods,Nestle India Ltd,FC-Alpha,SKU-00683,"Maggi 2-Minute Noodles, Masala, 420g Pack",Noodles,4,17,4,VND-043,NESTLE INDIA LTD - Region Alpha,10000,CASES,128,16,8.0,9910.0,146,"{""sellable"": 107.0, ""contingency"": null, ""pending_putaway"": 39.0, ""under_transfer"": null}",33,0.425,17/03/26,"{""open_po_1"": {""promise_date"": ""2026-03-19"", ""orderedquantity"": 48.0, ""order_item_amount"": 3716.16, ""open_po_cases"": 3.0, ""mrp"": 87.0, ""price_per_unit"": 77.42, ""order_id"": ""PO-00054"", ""po_raising_drr"": 31.0, ""po_raising_total_space"": 128.0, ""po_raising_final_available_space"": 44.0, ""order_date"": ""2026-03-14""}}",64,5006.0,4.0,0,6,0,0.0,0.0,N/A,96.71,79.82,Band A,4.424242424242424,210,21,693,483,0,0,31,10000,210
FC-001,Packaged Foods,Nestle India Ltd,FC-Alpha,SKU-00683,"Maggi 2-Minute Noodles, Masala, 420g Pack",Noodles,4,17,4,VND-061,M/s Gupta Enterprises - Region Epsilon,200000,VALUE,128,16,8.0,10317.0,146,"{""sellable"": 107.0, ""contingency"": null, ""pending_putaway"": 39.0, ""under_transfer"": null}",33,0.425,17/03/26,"{""open_po_1"": {""promise_date"": ""2026-03-17"", ""orderedquantity"": 16.0, ""order_item_amount"": 1289.6, ""open_po_cases"": 1.0, ""mrp"": 90.0, ""price_per_unit"": 80.6, ""order_id"": ""PO-00010"", ""po_raising_drr"": 32.0, ""po_raising_total_space"": 128.0, ""po_raising_final_available_space"": 23.0, ""order_date"": ""2026-03-13""}}",64,5006.0,4.0,0,6,0,0.0,0.0,N/A,77.29,77.16,Band A,4.424242424242424,210,21,693,483,0,0,31,163,210
FC-001,Packaged Foods,Nestle India Ltd,FC-Alpha,SKU-00684,"Maggi 2-Minute Noodles, Masala, 560g Pack",Noodles,4,17,4,VND-043,NESTLE INDIA LTD - Region Alpha,10000,CASES,72,12,6.0,7433.0,60,"{""sellable"": 46.0, ""contingency"": 12.0, ""pending_putaway"": 2.0, ""under_transfer"": 12.0}",11,0.595,17/03/26,"{""open_po_1"": {""promise_date"": ""2026-03-19"", ""orderedquantity"": 12.0, ""order_item_amount"": 1238.76, ""open_po_cases"": 1.0, ""mrp"": 116.0, ""price_per_unit"": 103.23, ""order_id"": ""PO-00054"", ""po_raising_drr"": 9.0, ""po_raising_total_space"": 72.0, ""po_raising_final_available_space"": 11.0, ""order_date"": ""2026-03-14""}}",24,2528.0,2.0,0,7,0,0.0,0.0,N/A,127.34,107.81,Band B,5.454545454545454,84,21,231,147,0,0,13,10000,84
FC-001,Packaged Foods,Nestle India Ltd,FC-Alpha,SKU-00684,"Maggi 2-Minute Noodles, Masala, 560g Pack",Noodles,4,17,4,VND-061,M/s Gupta Enterprises - Region Epsilon,200000,VALUE,72,12,6.0,7737.0,60,"{""sellable"": 46.0, ""contingency"": 12.0, ""pending_putaway"": 2.0, ""under_transfer"": 12.0}",11,0.595,17/03/26,"{""open_po_1"": {""promise_date"": ""2026-03-17"", ""orderedquantity"": 12.0, ""order_item_amount"": 1289.52, ""open_po_cases"": 1.0, ""mrp"": 120.0, ""price_per_unit"": 107.46, ""order_id"": ""PO-00010"", ""po_raising_drr"": 11.0, ""po_raising_total_space"": 72.0, ""po_raising_final_available_space"": 18.0, ""order_date"": ""2026-03-13""}}",24,2528.0,2.0,0,7,0,0.0,0.0,N/A,106.64,95.3,Band B,5.454545454545454,84,21,231,147,0,0,13,175,84
FC-001,Packaged Foods,Nestle India Ltd,FC-Alpha,SKU-00685,"Maggi 2-Minute Noodles, Masala, 140g Pack",Noodles,3,17,4,VND-036,PANKAJ ENTERPRISES - Region Alpha,200000,VALUE,768,48,16.0,19661.0,447,"{""sellable"": 443.0, ""contingency"": null, ""pending_putaway"": null, ""under_transfer"": null}",80,0.144,17/03/26,{},576,0.0,0.0,0,12,0,0.0,0.0,N/A,32.87,28.58,Band A,5.5875,1023,21,1680,657,0,0,14,146,1023
FC-001,Packaged Foods,Nestle India Ltd,FC-Alpha,SKU-00685,"Maggi 2-Minute Noodles, Masala, 140g Pack",Noodles,4,17,4,VND-043,NESTLE INDIA LTD - Region Alpha,10000,CASES,768,48,16.0,20506.0,447,"{""sellable"": 443.0, ""contingency"": null, ""pending_putaway"": null, ""under_transfer"": null}",80,0.144,17/03/26,"{""open_po_1"": {""promise_date"": ""2026-03-19"", ""orderedquantity"": 384.0, ""order_item_amount"": 10252.8, ""open_po_cases"": 8.0, ""mrp"": 30.0, ""price_per_unit"": 26.7, ""order_id"": ""PO-00054"", ""po_raising_drr"": 96.0, ""po_raising_total_space"": 768.0, ""po_raising_final_available_space"": 380.0, ""order_date"": ""2026-03-14""}}",576,15412.0,12.0,0,12,0,0.0,0.0,N/A,32.19,26.72,Band A,5.5875,1023,21,1680,657,0,0,14,10000,1023
FC-001,Packaged Foods,Nestle India Ltd,FC-Alpha,SKU-00685,"Maggi 2-Minute Noodles, Masala, 140g Pack",Noodles,4,17,4,VND-061,M/s Gupta Enterprises - Region Epsilon,200000,VALUE,768,48,16.0,20636.0,447,"{""sellable"": 443.0, ""contingency"": null, ""pending_putaway"": null, ""under_transfer"": null}",80,0.144,17/03/26,"{""open_po_1"": {""promise_date"": ""2026-03-17"", ""orderedquantity"": 192.0, ""order_item_amount"": 5159.04, ""open_po_cases"": 4.0, ""mrp"": 30.0, ""price_per_unit"": 26.87, ""order_id"": ""PO-00010"", ""po_raising_drr"": 59.0, ""po_raising_total_space"": 768.0, ""po_raising_final_available_space"": 197.0, ""order_date"": ""2026-03-13""}}",576,15412.0,12.0,0,12,0,0.0,0.0,N/A,26.95,26.46,Band A,5.5875,1023,21,1680,657,0,0,14,158,1023
FC-001,Packaged Foods,Nestle India Ltd,FC-Alpha,SKU-00710,"Maggi 2-Minute Noodles, Masala, 35g Pack",Noodles,3,19,4,VND-036,PANKAJ ENTERPRISES - Region Alpha,200000,VALUE,14720,320,46.0,94502.0,11055,"{""sellable"": 10939.0, ""contingency"": null, ""pending_putaway"": 116.0, ""under_transfer"": null}",1056,0.042,16/03/26,{},8000,0.0,0.0,0,18,0,0.0,0.0,N/A,7.67,6.59,Band A,10.46875,19055,23,24288,5233,0,0,17,95,19055
FC-001,Packaged Foods,Nestle India Ltd,FC-Alpha,SKU-00710,"Maggi 2-Minute Noodles, Masala, 35g Pack",Noodles,4,19,4,VND-043,NESTLE INDIA LTD - Region Alpha,10000,CASES,14720,320,46.0,93472.0,11055,"{""sellable"": 10939.0, ""contingency"": null, ""pending_putaway"": 116.0, ""under_transfer"": null}",1056,0.042,16/03/26,"{""open_po_1"": {""promise_date"": ""2026-03-19"", ""orderedquantity"": 3520.0, ""order_item_amount"": 22352.0, ""open_po_cases"": 11.0, ""mrp"": 7.0, ""price_per_unit"": 6.35, ""order_id"": ""PO-00054"", ""po_raising_drr"": 1536.0, ""po_raising_total_space"": 14720.0, ""po_raising_final_available_space"": 3202.0, ""order_date"": ""2026-03-14""}, ""open_po_2"": {""promise_date"": ""2026-03-16"", ""orderedquantity"": 3520.0, ""order_item_amount"": 46736.0, ""open_po_cases"": 11.0, ""mrp"": 7.0, ""price_per_unit"": 6.35, ""order_id"": ""PO-00027"", ""po_raising_drr"": 1559.0, ""po_raising_total_space"": 14720.0, ""po_raising_final_available_space"": 7086.0, ""order_date"": ""2026-03-12""}}",8000,75213.0,25.0,0,18,0,0.0,0.0,N/A,7.7,6.59,Band A,10.46875,19055,23,24288,5233,0,0,17,10000,19055
FC-001,Packaged Foods,Nestle India Ltd,FC-Alpha,SKU-00710,"Maggi 2-Minute Noodles, Masala, 35g Pack",Noodles,4,19,4,VND-061,M/s Gupta Enterprises - Region Epsilon,200000,VALUE,14720,320,46.0,93914.0,11055,"{""sellable"": 10939.0, ""contingency"": null, ""pending_putaway"": 116.0, ""under_transfer"": null}",1056,0.042,16/03/26,"{""open_po_1"": {""promise_date"": ""2026-03-17"", ""orderedquantity"": 960.0, ""order_item_amount"": 6124.8, ""open_po_cases"": 3.0, ""mrp"": 7.0, ""price_per_unit"": 6.38, ""order_id"": ""PO-00010"", ""po_raising_drr"": 1542.0, ""po_raising_total_space"": 14720.0, ""po_raising_final_available_space"": 1150.0, ""order_date"": ""2026-03-13""}}",8000,75213.0,25.0,0,18,0,0.0,0.0,N/A,7.02,5.56,Band A,10.46875,19055,23,24288,5233,0,0,17,113,19055
FC-001,Packaged Foods,Nestle India Ltd,FC-Alpha,SKU-00717,"Maggi Pichkoo Rich Tomato Ketchup, 80g Spout Pouch",Ketchup,4,15,4,VND-043,NESTLE INDIA LTD - Region Alpha,10000,CASES,192,96,2.0,2563.0,99,"{""sellable"": 3.0, ""contingency"": 96.0, ""pending_putaway"": null, ""under_transfer"": 96.0}",28,0.086,19/03/26,"{""open_po_1"": {""promise_date"": ""2026-03-19"", ""orderedquantity"": 96.0, ""order_item_amount"": 1281.6, ""open_po_cases"": 1.0, ""mrp"": 15.0, ""price_per_unit"": 13.35, ""order_id"": ""PO-00054"", ""po_raising_drr"": 24.0, ""po_raising_total_space"": 192.0, ""po_raising_final_available_space"": 117.0, ""order_date"": ""2026-03-14""}}",96,1282.0,1.0,0,6,0,0.0,0.0,N/A,16.19,14.08,Band B,3.5357142857142856,195,19,532,337,0,0,4,10000,195
FC-001,Packaged Foods,Nestle India Ltd,FC-Alpha,SKU-00782,"Maggi Nutri-licious Veg Atta Noodles, Masala, 72.5g Pack",Noodles,4,15,4,VND-043,NESTLE INDIA LTD - Region Alpha,10000,CASES,192,96,2.0,5078.0,32,"{""sellable"": 24.0, ""contingency"": null, ""pending_putaway"": null, ""under_transfer"": null}",28,0.08,19/03/26,"{""open_po_1"": {""promise_date"": ""2026-03-19"", ""orderedquantity"": 192.0, ""order_item_amount"": 5078.4, ""open_po_cases"": 2.0, ""mrp"": 30.0, ""price_per_unit"": 26.45, ""order_id"": ""PO-00054"", ""po_raising_drr"": 23.0, ""po_raising_total_space"": 192.0, ""po_raising_final_available_space"": 184.0, ""order_date"": ""2026-03-14""}}",192,5078.0,2.0,0,8,0,0.0,0.0,N/A,28.08,24.4,Band B,1.1428571428571428,224,19,532,308,0,0,4,10000,224
FC-001,Packaged Foods,Nestle India Ltd,FC-Alpha,SKU-00788,"Maggi Pazzta, Mushroom Penne, 64g Standup Pouch",Pasta,4,15,4,VND-043,NESTLE INDIA LTD - Region Alpha,10000,CASES,192,96,2.0,5981.0,99,"{""sellable"": 99.0, ""contingency"": null, ""pending_putaway"": null, ""under_transfer"": null}",0,0.064,,{},0,0.0,0.0,0,0,0,0.0,0.0,N/A,36.23,33.15,Band C,0.0,99,19,0,0,93,0,0,0,99
FC-001,Packaged Foods,Nestle India Ltd,FC-Alpha,SKU-00829,"Maggi Pazzta, Cheese Macaroni, 70g Standup Pouch",Pasta,4,15,4,VND-043,NESTLE INDIA LTD - Region Alpha,10000,CASES,192,96,2.0,5981.0,194,"{""sellable"": 190.0, ""contingency"": 4.0, ""pending_putaway"": null, ""under_transfer"": null}",1,0.075,,{},0,0.0,0.0,0,194,0,0.0,0.0,N/A,40.05,34.16,Band C,194.0,194,19,19,0,0,0,0,10000,194
FC-001,Packaged Foods,Nestle India Ltd,FC-Alpha,SKU-01012,"Maggi Masala Cuppa Noodles, 70g Cup",Noodles,4,15,4,VND-043,NESTLE INDIA LTD - Region Alpha,10000,CASES,96,48,2.0,4233.0,98,"{""sellable"": 98.0, ""contingency"": null, ""pending_putaway"": null, ""under_transfer"": null}",0,0.097,,{},0,0.0,0.0,0,0,0,0.0,0.0,N/A,51.98,48.11,Band C,0.0,98,19,0,0,0,0,0,0,98
FC-001,Baby Care,Unicharm India Pvt Ltd,FC-Alpha,SKU-00722,"MamyPoko Pants Standard Diapers, Small (4-8 Kg), 1Pc Pack",Baby Diapers and Pants,2,14,4,VND-050,SHREE GANESH ENTERPRISES (BH_PT),50000,VALUE,5520,240,23.0,39744.0,85,"{""sellable"": 5.0, ""contingency"": null, ""pending_putaway"": null, ""under_transfer"": null}",0,0.02,,{},0,0.0,0.0,0,0,0,0.0,0.0,N/A,9.25,7.93,Band C,0.0,85,18,0,0,5435,22,0,0,85
FC-001,Baby Care,Unicharm India Pvt Ltd,FC-Alpha,SKU-00723,"MamyPoko Pants Standard Diapers, Large (9-14 Kg), 1Pc Pack",Baby Diapers and Pants,2,13,4,VND-050,SHREE GANESH ENTERPRISES (BH_PT),50000,VALUE,480,240,2.0,4992.0,128,"{""sellable"": 10.0, ""contingency"": null, ""pending_putaway"": 58.0, ""under_transfer"": null}",0,0.035,,{},0,0.0,0.0,0,0,0,0.0,0.0,N/A,13.42,10.97,,0.0,128,17,0,0,352,1,0,0,128
FC-001,Baby Care,Unicharm India Pvt Ltd,FC-Alpha,SKU-00724,"MamyPoko Pants Standard Diapers, Medium (7-12Kg), 1Pc Pack",Baby Diapers and Pants,2,14,4,VND-050,SHREE GANESH ENTERPRISES (BH_PT),50000,VALUE,480,240,2.0,4224.0,150,"{""sellable"": null, ""contingency"": null, ""pending_putaway"": null, ""under_transfer"": null}",0,0.028,,{},0,0.0,0.0,0,0,0,0.0,0.0,N/A,9.56,9.11,Band C,0.0,150,18,0,0,330,1,0,0,150
FC-001,Baby Care,Unicharm India Pvt Ltd,FC-Alpha,SKU-00993,"MamyPoko Pants Standard Baby Diaper, Newborn (Upto 5Kg), 1Pc Pack",Baby Diapers and Pants,2,13,4,VND-050,SHREE GANESH ENTERPRISES (BH_PT),50000,VALUE,240,240,1.0,1728.0,0,"{""sellable"": null, ""contingency"": null, ""pending_putaway"": null, ""under_transfer"": null}",0,0.015,,{},0,0.0,0.0,0,0,0,0.0,0.0,N/A,10.26,7.35,,0.0,0,17,0,0,240,1,0,0,0
FC-001,"Biscuit, Confectionary & Snacks",Haldiram Snacks Pvt Ltd,FC-Alpha,SKU-00278,"Haldiram's Gujarati Mix, 200g Pack",Namkeens,3,16,4,VND-040,SRI RAM TRADERS - Region Beta,60000,VALUE,120,60,2.0,5288.0,69,"{""sellable"": 69.0, ""contingency"": null, ""pending_putaway"": null, ""under_transfer"": null}",6,0.204,,{},0,0.0,0.0,0,11,0,0.0,0.0,N/A,51.48,40.32,Band C,11.5,69,20,120,51,51,0,1,25,69
FC-001,"Biscuit, Confectionary & Snacks",Haldiram Snacks Pvt Ltd,FC-Alpha,SKU-00284,"Haldiram's Navrattan Mixture, 200g Pack",Mixtures,3,16,4,VND-040,SRI RAM TRADERS - Region Beta,60000,VALUE,320,80,4.0,12819.0,123,"{""sellable"": 118.0, ""contingency"": null, ""pending_putaway"": 3.0, ""under_transfer"": null}",25,0.25,18/03/26,"{""open_po_1"": {""promise_date"": ""2026-03-18"", ""orderedquantity"": 160.0, ""order_item_amount"": 6409.6, ""open_po_cases"": 2.0, ""mrp"": 50.0, ""price_per_unit"": 40.06, ""order_id"": ""PO-00045"", ""po_raising_drr"": 25.0, ""po_raising_total_space"": 320.0, ""po_raising_final_available_space"": 217.0, ""order_date"": ""2026-03-16""}}",160,6410.0,2.0,0,11,0,0.0,0.0,N/A,51.36,41.5,Band B,4.92,283,20,500,217,37,0,3,19,283
FC-001,"Biscuit, Confectionary & Snacks",Haldiram Snacks Pvt Ltd,FC-Alpha,SKU-00285,"Haldiram's Khatta Meetha Mixture, 460g Pack",Mixtures,3,16,4,VND-040,SRI RAM TRADERS - Region Beta,60000,VALUE,80,40,2.0,6122.0,22,"{""sellable"": 21.0, ""contingency"": null, ""pending_putaway"": null, ""under_transfer"": null}",4,0.48,18/03/26,"{""open_po_1"": {""promise_date"": ""2026-03-18"", ""orderedquantity"": 40.0, ""order_item_amount"": 3060.8, ""open_po_cases"": 1.0, ""mrp"": 94.0, ""price_per_unit"": 76.52000000000001, ""order_id"": ""PO-00045"", ""po_raising_drr"": 4.0, ""po_raising_total_space"": 80.0, ""po_raising_final_available_space"": 61.0, ""order_date"": ""2026-03-16""}}",40,3061.0,1.0,0,15,0,0.0,0.0,N/A,80.76,79.97,Band B,5.5,62,20,80,18,18,0,1,19,62
FC-001,"Biscuit, Confectionary & Snacks",Haldiram Snacks Pvt Ltd,FC-Alpha,SKU-00286,"Haldiram's Kaju Mixture, 200g Pack",Mixtures,3,14,4,VND-040,SRI RAM TRADERS - Region Beta,60000,VALUE,120,60,2.0,9134.0,82,"{""sellable"": 82.0, ""contingency"": null, ""pending_putaway"": null, ""under_transfer"": null}",2,0.21,,{},0,0.0,0.0,0,41,0,0.0,0.0,N/A,81.81,68.17,Band C,41.0,82,18,36,0,38,0,0,15,82
FC-001,"Biscuit, Confectionary & Snacks",Haldiram Snacks Pvt Ltd,FC-Alpha,SKU-00287,"Haldiram's Nagpur Bhujia Sev, 200g Standup Pouch",Namkeens,3,16,4,VND-040,SRI RAM TRADERS - Region Beta,60000,VALUE,240,80,3.0,11537.0,82,"{""sellable"": 68.0, ""contingency"": null, ""pending_putaway"": null, ""under_transfer"": null}",18,0.208,18/03/26,"{""open_po_1"": {""promise_date"": ""2026-03-18"", ""orderedquantity"": 160.0, ""order_item_amount"": 7691.2, ""open_po_cases"": 2.0, ""mrp"": 60.0, ""price_per_unit"": 48.07, ""order_id"": ""PO-00045"", ""po_raising_drr"": 18.0, ""po_raising_total_space"": 240.0, ""po_raising_final_available_space"": 170.0, ""order_date"": ""2026-03-16""}}",160,7691.0,2.0,0,13,0,0.0,0.0,N/A,65.81,41.74,Band B,4.555555555555555,242,20,360,118,0,0,2,18,242
FC-001,Personal Care,Colgate-Palmolive,FC-Alpha,SKU-00077,"Colgate Kids 2+ Toothbrush, Extra Soft, 1Pc Pack",Toothbrush,5,12,4,VND-052,COLGATE PALMOLIVE INDIA LTD - Region Beta,120000,VALUE,94,60,2.0,1635.0,0,"{""sellable"": null, ""contingency"": null, ""pending_putaway"": null, ""under_transfer"": null}",0,0.0,,{},0,0.0,0.0,0,0,0,0.0,0.0,N/A,20.8,15.07,,0.0,0,16,0,0,94,1,0,0,0
FC-001,Personal Care,Colgate-Palmolive,FC-Alpha,SKU-00417,"Colgate Super Flexi Toothbrush, Soft, 3Pcs Pack",Toothbrush,5,26,4,VND-052,COLGATE PALMOLIVE INDIA LTD - Region Beta,120000,VALUE,120,60,2.0,3801.0,12,"{""sellable"": 9.0, ""contingency"": null, ""pending_putaway"": 3.0, ""under_transfer"": null}",7,0.045,18/03/26,"{""open_po_1"": {""promise_date"": ""2026-03-18"", ""orderedquantity"": 60.0, ""order_item_amount"": 1900.8, ""open_po_cases"": 1.0, ""mrp"": 48.0, ""price_per_unit"": 31.68, ""order_id"": ""PO-00013"", ""po_raising_drr"": 5.0, ""po_raising_total_space"": 120.0, ""po_raising_final_available_space"": 100.0, ""order_date"": ""2026-03-13""}}",60,1901.0,1.0,0,10,0,0.0,0.0,N/A,54.22,34.04,Band C,1.7142857142857142,72,30,210,138,48,0,3,59,72
FC-001,Personal Care,Colgate-Palmolive,FC-Alpha,SKU-00434,"Colgate Extra Clean Toothbrush, Medium, 10Pcs Sheet",Toothbrush,5,28,4,VND-052,COLGATE PALMOLIVE INDIA LTD - Region Beta,120000,VALUE,192,24,8.0,24494.0,101,"{""sellable"": 75.0, ""contingency"": null, ""pending_putaway"": 26.0, ""under_transfer"": null}",22,0.208,18/03/26,"{""open_po_1"": {""promise_date"": ""2026-03-18"", ""orderedquantity"": 96.0, ""order_item_amount"": 12246.72, ""open_po_cases"": 4.0, ""mrp"": 180.0, ""price_per_unit"": 127.57, ""order_id"": ""PO-00013"", ""po_raising_drr"": 16.0, ""po_raising_total_space"": 192.0, ""po_raising_final_available_space"": 113.0, ""order_date"": ""2026-03-13""}}",96,12247.0,4.0,0,8,0,0.0,0.0,N/A,158.54,120.59,Band A,4.590909090909091,197,32,704,507,0,0,22,42,197
FC-001,Personal Care,Colgate-Palmolive,FC-Alpha,SKU-00618,"Colgate Herbal Toothpaste, 100g Box",Toothpaste,5,26,4,VND-052,COLGATE PALMOLIVE INDIA LTD - Region Beta,120000,VALUE,288,144,2.0,23297.0,0,"{""sellable"": null, ""contingency"": null, ""pending_putaway"": null, ""under_transfer"": null}",0,0.108,18/03/26,"{""open_po_1"": {""promise_date"": ""2026-03-18"", ""orderedquantity"": 144.0, ""order_item_amount"": 11648.16, ""open_po_cases"": 1.0, ""mrp"": 93.0, ""price_per_unit"": 80.89, ""order_id"": ""PO-00013"", ""po_raising_drr"": 0.0, ""po_raising_total_space"": 288.0, ""po_raising_final_available_space"": 288.0, ""order_date"": ""2026-03-13""}}",144,11648.0,1.0,0,0,0,0.0,0.0,N/A,105.2,68.76,,0.0,144,30,0,0,144,1,0,0,144
FC-001,Personal Care,Colgate-Palmolive,FC-Alpha,SKU-00619,"Colgate MaxFresh Toothpaste, Peppermint Ice, 38g Box",Toothpaste,5,12,4,VND-052,COLGATE PALMOLIVE INDIA LTD - Region Beta,120000,VALUE,1440,288,5.0,25048.0,0,"{""sellable"": null, ""contingency"": null, ""pending_putaway"": null, ""under_transfer"": null}",0,0.0,18/03/26,"{""open_po_1"": {""promise_date"": ""2026-03-18"", ""orderedquantity"": 288.0, ""order_item_amount"": 5008.32, ""open_po_cases"": 1.0, ""mrp"": 20.0, ""price_per_unit"": 17.39, ""order_id"": ""PO-00013"", ""po_raising_drr"": 0.0, ""po_raising_total_space"": 1440.0, ""po_raising_final_available_space"": 1440.0, ""order_date"": ""2026-03-13""}}",288,5008.0,1.0,0,0,0,0.0,0.0,N/A,21.13,17.45,,0.0,288,16,0,0,1152,4,0,0,288
FC-001,Personal Care,Colgate-Palmolive,FC-Alpha,SKU-00623,"Colgate Strong Teeth Toothpaste, 150g Box",Toothpaste,5,28,4,VND-052,COLGATE PALMOLIVE INDIA LTD - Region Beta,120000,VALUE,192,96,2.0,16533.0,5,"{""sellable"": 5.0, ""contingency"": null, ""pending_putaway"": null, ""under_transfer"": null}",10,0.169,18/03/26,"{""open_po_1"": {""promise_date"": ""2026-03-18"", ""orderedquantity"": 96.0, ""order_item_amount"": 8266.56, ""open_po_cases"": 1.0, ""mrp"": 99.0, ""price_per_unit"": 86.11, ""order_id"": ""PO-00013"", ""po_raising_drr"": 19.0, ""po_raising_total_space"": 192.0, ""po_raising_final_available_space"": 192.0, ""order_date"": ""2026-03-13""}}",96,8267.0,1.0,0,10,0,0.0,0.0,N/A,86.16,74.4,Band A,0.5,101,32,320,219,91,0,3,17,101
FC-001,Personal Care,Colgate-Palmolive,FC-Alpha,SKU-00624,"Colgate MaxFresh Toothpaste, Spicy Fresh, 38g Box",Toothpaste,5,26,4,VND-052,COLGATE PALMOLIVE INDIA LTD - Region Beta,120000,VALUE,756,864,1.0,13152.0,654,"{""sellable"": 654.0, ""contingency"": null, ""pending_putaway"": null, ""under_transfer"": null}",0,0.051,,{},0,0.0,0.0,0,0,0,0.0,0.0,N/A,18.81,16.23,,0.0,654,30,0,0,102,0,0,0,654
FC-001,Personal Care,Colgate-Palmolive,FC-Alpha,SKU-00762,"Colgate Strong Teeth Toothpaste, 300g Combo Box (200g + 100g)",Toothpaste,5,26,4,VND-052,COLGATE PALMOLIVE INDIA LTD - Region Beta,120000,VALUE,72,36,2.0,12525.0,39,"{""sellable"": 39.0, ""contingency"": null, ""pending_putaway"": null, ""under_transfer"": null}",1,0.355,,{},0,0.0,0.0,0,39,0,0.0,0.0,N/A,212.49,184.76,Band B,39.0,39,30,30,0,33,0,0,19,39
FC-001,Personal Care,Colgate-Palmolive,FC-Alpha,SKU-00763,"Colgate Strong Teeth Toothpaste, 16g Box",Toothpaste,5,26,4,VND-052,COLGATE PALMOLIVE INDIA LTD - Region Beta,120000,VALUE,1726,864,2.0,15013.0,839,"{""sellable"": 653.0, ""contingency"": null, ""pending_putaway"": 186.0, ""under_transfer"": null}",138,0.023,,{},0,0.0,0.0,864,12,1,6531.84,0.0199,FAIL,8.7,7.56,Band B,6.079710144927536,839,30,4140,3301,887,1,4,19,1703
FC-001,Personal Care,Colgate-Palmolive,FC-Alpha,SKU-00764,"Colgate Strong Teeth Toothpaste, 38g Box",Toothpaste,5,28,4,VND-052,COLGATE PALMOLIVE INDIA LTD - Region Beta,120000,VALUE,2304,864,3.0,40081.0,20,"{""sellable"": 20.0, ""contingency"": null, ""pending_putaway"": null, ""under_transfer"": null}",237,0.046,18/03/26,"{""open_po_1"": {""promise_date"": ""2026-03-18"", ""orderedquantity"": 1728.0, ""order_item_amount"": 30067.2, ""open_po_cases"": 6.0, ""mrp"": 20.0, ""price_per_unit"": 17.400000000000002, ""order_id"": ""PO-00013"", ""po_raising_drr"": 389.0, ""po_raising_total_space"": 2304.0, ""po_raising_final_available_space"": 2304.0, ""order_date"": ""2026-03-13""}}",1728,30067.0,6.0,0,7,0,0.0,0.0,N/A,20.49,19.17,Band A,0.08438818565400844,1748,32,7584,5836,556,0,7,8,1748
FC-001,Personal Care,Colgate-Palmolive,FC-Alpha,SKU-00765,"Colgate Strong Teeth Toothpaste, 100g Box",Toothpaste,5,29,4,VND-052,COLGATE PALMOLIVE INDIA LTD - Region Beta,120000,VALUE,720,144,5.0,43838.0,484,"{""sellable"": 482.0, ""contingency"": null, ""pending_putaway"": null, ""under_transfer"": null}",45,0.13,18/03/26,"{""open_po_1"": {""promise_date"": ""2026-03-18"", ""orderedquantity"": 288.0, ""order_item_amount"": 17536.32, ""open_po_cases"": 2.0, ""mrp"": 70.0, ""price_per_unit"": 60.89, ""order_id"": ""PO-00013"", ""po_raising_drr"": 47.0, ""po_raising_total_space"": 720.0, ""po_raising_final_available_space"": 336.0, ""order_date"": ""2026-03-13""}}",288,17536.0,2.0,0,17,0,0.0,0.0,N/A,66.76,51.83,Band A,10.755555555555556,772,33,1485,713,0,0,5,17,772
FC-001,Personal Care,Colgate-Palmolive,FC-Alpha,SKU-00766,"Colgate Strong Teeth Toothpaste, 200g Box",Toothpaste,5,28,4,VND-052,COLGATE PALMOLIVE INDIA LTD - Region Beta,120000,VALUE,144,72,2.0,16283.0,140,"{""sellable"": 116.0, ""contingency"": 22.0, ""pending_putaway"": null, ""under_transfer"": 16.0}",8,0.225,,{},0,0.0,0.0,0,17,0,0.0,0.0,N/A,134.72,104.49,Band A,17.5,140,32,256,116,4,0,2,16,140
FC-001,Personal Care,Colgate-Palmolive,FC-Alpha,SKU-00767,"Colgate MaxFresh Toothpaste, Spicy Fresh, 150g Box",Toothpaste,5,26,4,VND-052,COLGATE PALMOLIVE INDIA LTD - Region Beta,120000,VALUE,144,96,2.0,17285.0,204,"{""sellable"": 134.0, ""contingency"": 70.0, ""pending_putaway"": null, ""under_transfer"": 6.0}",3,0.171,,{},0,0.0,0.0,0,68,0,0.0,0.0,N/A,148.0,128.7,Band B,68.0,204,30,90,0,0,0,0,10,204
FC-001,Personal Care,Colgate-Palmolive,FC-Alpha,SKU-00768,"Colgate MaxFresh Toothpaste, Spicy Fresh, 70g Box",Toothpaste,5,28,4,VND-052,COLGATE PALMOLIVE INDIA LTD - Region Beta,120000,VALUE,192,144,1.0,11690.0,124,"{""sellable"": null, ""contingency"": null, ""pending_putaway"": 124.0, ""under_transfer"": null}",1,0.0963,,{},0,0.0,0.0,0,124,0,0.0,0.0,N/A,77.8,57.53,Band B,124.0,124,32,32,0,68,0,0,15,124
FC-001,Personal Care,Colgate-Palmolive,FC-Alpha,SKU-00769,"Colgate MaxFresh Toothpaste, Spicy Fresh, 17g Box",Toothpaste,5,28,4,VND-052,COLGATE PALMOLIVE INDIA LTD - Region Beta,120000,VALUE,1728,288,6.0,15030.0,276,"{""sellable"": 228.0, ""contingency"": null, ""pending_putaway"": 48.0, ""under_transfer"": null}",179,0.025,18/03/26,"{""open_po_1"": {""promise_date"": ""2026-03-18"", ""orderedquantity"": 1440.0, ""order_item_amount"": 12528.0, ""open_po_cases"": 5.0, ""mrp"": 10.0, ""price_per_unit"": 8.7, ""order_id"": ""PO-00013"", ""po_raising_drr"": 256.0, ""po_raising_total_space"": 1728.0, ""po_raising_final_available_space"": 1728.0, ""order_date"": ""2026-03-13""}}",1440,12528.0,5.0,0,9,0,0.0,0.0,N/A,11.42,7.66,Band A,1.541899441340782,1716,32,5728,4012,12,0,14,55,1716
FC-001,Personal Care,Colgate-Palmolive,FC-Alpha,SKU-00770,"Colgate Cibaca 123 Toothbrush, Soft, 12Pcs Sheet",Toothbrush,5,26,4,VND-052,COLGATE PALMOLIVE INDIA LTD - Region Beta,120000,VALUE,96,24,4.0,8165.0,0,"{""sellable"": null, ""contingency"": null, ""pending_putaway"": null, ""under_transfer"": null}",4,0.192,18/03/26,"{""open_po_1"": {""promise_date"": ""2026-03-18"", ""orderedquantity"": 72.0, ""order_item_amount"": 6123.6, ""open_po_cases"": 3.0, ""mrp"": 120.0, ""price_per_unit"": 85.05000000000001, ""order_id"": ""PO-00013"", ""po_raising_drr"": 3.0, ""po_raising_total_space"": 96.0, ""po_raising_final_available_space"": 92.0, ""order_date"": ""2026-03-13""}}",72,6124.0,3.0,24,24,1,1955.52,0.0046,FAIL,136.88,81.48,Band B,0.0,72,30,120,48,24,1,2,62,96
FC-001,Personal Care,Colgate-Palmolive,FC-Alpha,SKU-00772,"Colgate Cibaca 123 Toothpaste, 175g Box",Toothpaste,5,28,4,VND-052,COLGATE PALMOLIVE INDIA LTD - Region Beta,120000,VALUE,216,72,3.0,13339.0,163,"{""sellable"": 146.0, ""contingency"": 15.0, ""pending_putaway"": 2.0, ""under_transfer"": 15.0}",17,0.196,18/03/26,"{""open_po_1"": {""promise_date"": ""2026-03-18"", ""orderedquantity"": 72.0, ""order_item_amount"": 4446.72, ""open_po_cases"": 1.0, ""mrp"": 71.0, ""price_per_unit"": 61.760000000000005, ""order_id"": ""PO-00013"", ""po_raising_drr"": 16.0, ""po_raising_total_space"": 216.0, ""po_raising_final_available_space"": 61.0, ""order_date"": ""2026-03-13""}}",72,4447.0,1.0,0,13,0,0.0,0.0,N/A,76.32,57.51,Band A,9.588235294117647,235,32,544,309,0,0,5,29,235
FC-001,Personal Care,Colgate-Palmolive,FC-Alpha,SKU-00773,"Colgate Cibaca 123 Toothpaste, 65g Box",Toothpaste,5,23,5,VND-052,COLGATE PALMOLIVE INDIA LTD - Region Beta,120000,VALUE,288,144,2.0,7515.0,5,"{""sellable"": 5.0, ""contingency"": null, ""pending_putaway"": null, ""under_transfer"": null}",15,0.08,18/03/26,"{""open_po_1"": {""promise_date"": ""2026-03-18"", ""orderedquantity"": 144.0, ""order_item_amount"": 3756.96, ""open_po_cases"": 1.0, ""mrp"": 30.0, ""price_per_unit"": 26.09, ""order_id"": ""PO-00013"", ""po_raising_drr"": 29.0, ""po_raising_total_space"": 288.0, ""po_raising_final_available_space"": 288.0, ""order_date"": ""2026-03-13""}}",144,3757.0,1.0,0,9,0,0.0,0.0,N/A,33.09,28.77,Band C,0.3333333333333333,149,28,420,271,139,0,2,29,149
FC-001,Personal Care,Colgate-Palmolive,FC-Alpha,SKU-00774,"Colgate Active Salt Toothpaste, Neem, 100g Box",Toothpaste,5,26,4,VND-052,COLGATE PALMOLIVE INDIA LTD - Region Beta,120000,VALUE,288,144,2.0,20542.0,133,"{""sellable"": 133.0, ""contingency"": null, ""pending_putaway"": null, ""under_transfer"": null}",2,0.114,,{},0,0.0,0.0,144,138,1,9696.96,0.0164,FAIL,88.35,67.34,Band C,66.5,133,30,60,0,155,1,0,13,277
FC-001,Personal Care,Colgate-Palmolive,FC-Alpha,SKU-00775,"Colgate Active Salt Toothpaste, 100g Box",Toothpaste,5,26,4,VND-052,COLGATE PALMOLIVE INDIA LTD - Region Beta,120000,VALUE,288,144,2.0,18788.0,89,"{""sellable"": 89.0, ""contingency"": null, ""pending_putaway"": null, ""under_transfer"": null}",4,0.13,,{},0,0.0,0.0,144,58,1,10208.16,0.0187,FAIL,81.52,70.89,Band B,22.25,89,30,120,31,199,1,1,12,233
FC-001,Personal Care,Colgate-Palmolive,FC-Alpha,SKU-00776,"Colgate Active Salt Toothpaste, 36g Box",Toothpaste,5,26,4,VND-052,COLGATE PALMOLIVE INDIA LTD - Region Beta,120000,VALUE,576,288,2.0,10020.0,384,"{""sellable"": 384.0, ""contingency"": null, ""pending_putaway"": null, ""under_transfer"": null}",69,0.048,,{},0,0.0,0.0,0,5,0,0.0,0.0,N/A,22.37,19.45,Band B,5.565217391304348,384,30,2070,1686,192,0,6,22,384
FC-001,Personal Care,Colgate-Palmolive,FC-Alpha,SKU-00783,"Colgate Zig Zag+ Anti-Bacterial Toothbrush, Medium, 6Pcs Pack",Toothbrush,5,26,4,VND-052,COLGATE PALMOLIVE INDIA LTD - Region Beta,120000,VALUE,72,36,2.0,7042.0,66,"{""sellable"": 66.0, ""contingency"": null, ""pending_putaway"": null, ""under_transfer"": null}",1,0.166,,{},0,0.0,0.0,0,66,0,0.0,0.0,N/A,130.7,95.87,Band C,66.0,66,30,30,0,6,0,0,35,66
FC-001,Personal Care,Colgate-Palmolive,FC-Alpha,SKU-00784,"Colgate Super Flexi Toothbrush, Medium, 11Pcs Sheet",Toothbrush,5,28,4,VND-052,COLGATE PALMOLIVE INDIA LTD - Region Beta,120000,VALUE,96,24,4.0,12543.0,28,"{""sellable"": 28.0, ""contingency"": null, ""pending_putaway"": null, ""under_transfer"": null}",2,0.23,18/03/26,"{""open_po_1"": {""promise_date"": ""2026-03-18"", ""orderedquantity"": 24.0, ""order_item_amount"": 3135.6, ""open_po_cases"": 1.0, ""mrp"": 198.0, ""price_per_unit"": 130.65, ""order_id"": ""PO-00013"", ""po_raising_drr"": 2.0, ""po_raising_total_space"": 96.0, ""po_raising_final_available_space"": 68.0, ""order_date"": ""2026-03-13""}}",24,3136.0,1.0,24,38,1,3521.28,0.0055,FAIL,197.33,146.72,Band B,14.0,52,32,64,12,44,1,1,35,76
FC-001,Personal Care,Colgate-Palmolive,FC-Alpha,SKU-00785,"Colgate Super Shine Toothbrush, Medium, 12Pcs Sheet",Toothbrush,5,26,4,VND-052,COLGATE PALMOLIVE INDIA LTD - Region Beta,120000,VALUE,48,24,2.0,8164.0,0,"{""sellable"": null, ""contingency"": null, ""pending_putaway"": null, ""under_transfer"": null}",0,0.2,18/03/26,"{""open_po_1"": {""promise_date"": ""2026-03-18"", ""orderedquantity"": 24.0, ""order_item_amount"": 4082.16, ""open_po_cases"": 1.0, ""mrp"": 240.0, ""price_per_unit"": 170.09, ""order_id"": ""PO-00013"", ""po_raising_drr"": 0.0, ""po_raising_total_space"": 48.0, ""po_raising_final_available_space"": 48.0, ""order_date"": ""2026-03-13""}}",24,4082.0,1.0,0,0,0,0.0,0.0,N/A,259.47,163.83,,0.0,24,30,0,0,24,1,0,0,24
FC-001,Personal Care,Colgate-Palmolive,FC-Alpha,SKU-00787,"Colgate Cibaca Supreme Toothbrush, Hard, 12Pcs Sheet",Toothbrush,5,12,4,VND-052,COLGATE PALMOLIVE INDIA LTD - Region Beta,120000,VALUE,48,24,2.0,11022.0,23,"{""sellable"": 23.0, ""contingency"": null, ""pending_putaway"": null, ""under_transfer"": null}",0,0.235,,{},0,0.0,0.0,0,0,0,0.0,0.0,N/A,341.82,261.59,Band C,0.0,23,16,0,0,25,1,0,0,23
FC-001,Personal Care,Colgate-Palmolive,FC-Alpha,SKU-00836,"Colgate Vedshakti Ayurvedic Toothpaste, 100g Box",Toothpaste,5,12,4,VND-052,COLGATE PALMOLIVE INDIA LTD - Region Beta,120000,VALUE,288,144,2.0,21293.0,98,"{""sellable"": 94.0, ""contingency"": null, ""pending_putaway"": 4.0, ""under_transfer"": null}",6,0.12,,{},0,0.0,0.0,144,40,1,9334.08,0.0173,FAIL,83.62,64.82,Band C,16.333333333333332,98,16,96,0,190,1,0,13,242
FC-001,Personal Care,Colgate-Palmolive,FC-Alpha,SKU-00896,"Colgate Super Flexi Charcoal Toothbrush, Soft, 10Pcs Sheet",Toothbrush,5,12,4,VND-052,COLGATE PALMOLIVE INDIA LTD - Region Beta,120000,VALUE,48,24,2.0,6969.0,0,"{""sellable"": null, ""contingency"": null, ""pending_putaway"": null, ""under_transfer"": null}",5,0.21,18/03/26,"{""open_po_1"": {""promise_date"": ""2026-03-18"", ""orderedquantity"": 24.0, ""order_item_amount"": 3484.32, ""open_po_cases"": 1.0, ""mrp"": 220.0, ""price_per_unit"": 145.18, ""order_id"": ""PO-00013"", ""po_raising_drr"": 5.0, ""po_raising_total_space"": 48.0, ""po_raising_final_available_space"": 48.0, ""order_date"": ""2026-03-13""}}",24,3484.0,1.0,24,9,1,3679.92,0.005,FAIL,205.06,153.33,Band C,0.0,24,16,80,56,24,1,3,33,48
FC-001,Personal Care,Colgate-Palmolive,FC-Alpha,SKU-00915,"Colgate Zig Zag Deep Clean Toothbrush, Soft, 3Pcs Pack",Toothbrush,5,26,4,VND-052,COLGATE PALMOLIVE INDIA LTD - Region Beta,120000,VALUE,120,60,2.0,6889.0,172,"{""sellable"": 172.0, ""contingency"": null, ""pending_putaway"": null, ""under_transfer"": null}",0,0.054,,{},0,0.0,0.0,0,0,0,0.0,0.0,N/A,93.08,57.3,Band C,0.0,172,30,0,0,0,0,0,0,172
FC-001,Personal Care,Colgate-Palmolive,FC-Alpha,SKU-01000,"Colgate Super Flexi Charcoal Toothbrush, Medium, 10Pcs Sheet",Toothbrush,5,12,4,VND-052,COLGATE PALMOLIVE INDIA LTD - Region Beta,120000,VALUE,48,24,2.0,6969.0,0,"{""sellable"": null, ""contingency"": null, ""pending_putaway"": null, ""under_transfer"": null}",4,0.21,18/03/26,"{""open_po_1"": {""promise_date"": ""2026-03-18"", ""orderedquantity"": 24.0, ""order_item_amount"": 3484.32, ""open_po_cases"": 1.0, ""mrp"": 220.0, ""price_per_unit"": 145.18, ""order_id"": ""PO-00013"", ""po_raising_drr"": 6.0, ""po_raising_total_space"": 48.0, ""po_raising_final_available_space"": 48.0, ""order_date"": ""2026-03-13""}}",24,3484.0,1.0,24,12,1,3366.96,0.005,FAIL,215.13,140.29,Band C,0.0,24,16,64,40,24,1,2,36,48
FC-001,Personal Care,Colgate-Palmolive,FC-Alpha,SKU-01033,"Colgate Gentle Clean Toothbrush, Ultra Soft, 6Pcs Sheet",Toothbrush,5,26,4,VND-052,COLGATE PALMOLIVE INDIA LTD - Region Beta,120000,VALUE,48,24,2.0,7348.0,32,"{""sellable"": 32.0, ""contingency"": null, ""pending_putaway"": null, ""under_transfer"": null}",2,0.02,,{},0,0.0,0.0,0,16,0,0.0,0.0,N/A,212.85,159.19,Band B,16.0,32,30,60,28,16,0,2,32,32
FC-001,Personal Care,Colgate-Palmolive,FC-Alpha,SKU-01049,"Colgate Active Salt Toothpaste, 16g Box",Toothpaste,5,26,4,VND-052,COLGATE PALMOLIVE INDIA LTD - Region Beta,120000,VALUE,288,432,1.0,2505.0,0,"{""sellable"": null, ""contingency"": null, ""pending_putaway"": null, ""under_transfer"": null}",0,0.025,,{},0,0.0,0.0,0,0,0,0.0,0.0,N/A,10.61,9.23,,0.0,0,30,0,0,288,0,0,0,0
FC-001,Personal Care,Colgate-Palmolive,FC-Alpha,SKU-01059,"Colgate Zig Zag Deep Clean Toothbrush, Medium, 3Pcs Pack",Toothbrush,5,26,4,VND-052,COLGATE PALMOLIVE INDIA LTD - Region Beta,120000,VALUE,180,60,3.0,10333.0,136,"{""sellable"": 136.0, ""contingency"": null, ""pending_putaway"": null, ""under_transfer"": null}",0,0.054,,{},0,0.0,0.0,0,0,0,0.0,0.0,N/A,88.16,48.87,Band C,0.0,136,30,0,0,44,0,0,0,136
FC-001,"Biscuit, Confectionary & Snacks",Haldiram Snacks Pvt Ltd,FC-Alpha,SKU-00288,"Haldiram's Bhel Puri, 200g Pack",Namkeens,3,16,4,VND-040,SRI RAM TRADERS - Region Beta,60000,VALUE,140,80,2.0,6170.0,100,"{""sellable"": 100.0, ""contingency"": null, ""pending_putaway"": null, ""under_transfer"": null}",2,0.2,,{},0,0.0,0.0,0,50,0,0.0,0.0,N/A,52.69,47.78,Band C,50.0,100,20,40,0,40,0,0,16,100
FC-001,"Biscuit, Confectionary & Snacks",Haldiram Snacks Pvt Ltd,FC-Alpha,SKU-00289,"Haldiram's Panchrattan, 400g Pack",Namkeens,3,16,4,VND-040,SRI RAM TRADERS - Region Beta,60000,VALUE,40,20,2.0,6250.0,29,"{""sellable"": 29.0, ""contingency"": null, ""pending_putaway"": null, ""under_transfer"": null}",1,0.41,,{},0,0.0,0.0,0,29,0,0.0,0.0,N/A,173.18,154.37,Band C,29.0,29,20,20,0,11,0,0,20,29
FC-001,"Biscuit, Confectionary & Snacks",Haldiram Snacks Pvt Ltd,FC-Alpha,SKU-00290,"Haldiram's Classic Salted Peanuts, 200g Pack",Namkeens,3,16,4,VND-040,SRI RAM TRADERS - Region Beta,60000,VALUE,160,80,2.0,7051.0,47,"{""sellable"": 47.0, ""contingency"": null, ""pending_putaway"": null, ""under_transfer"": null}",4,0.205,18/03/26,"{""open_po_1"": {""promise_date"": ""2026-03-18"", ""orderedquantity"": 80.0, ""order_item_amount"": 3525.6, ""open_po_cases"": 1.0, ""mrp"": 55.0, ""price_per_unit"": 44.07, ""order_id"": ""PO-00045"", ""po_raising_drr"": 4.0, ""po_raising_total_space"": 160.0, ""po_raising_final_available_space"": 117.0, ""order_date"": ""2026-03-16""}}",80,3526.0,1.0,0,31,0,0.0,0.0,N/A,55.37,38.23,Band C,11.75,127,20,80,0,33,0,0,20,127
FC-001,"Biscuit, Confectionary & Snacks",Haldiram Snacks Pvt Ltd,FC-Alpha,SKU-00295,"Haldiram's Bhujia Sev, 400g Standup Pouch",Namkeens,3,18,4,VND-040,SRI RAM TRADERS - Region Beta,60000,VALUE,160,40,4.0,15386.0,92,"{""sellable"": 90.0, ""contingency"": null, ""pending_putaway"": 1.0, ""under_transfer"": null}",14,0.41,18/03/26,"{""open_po_1"": {""promise_date"": ""2026-03-18"", ""orderedquantity"": 80.0, ""order_item_amount"": 7692.8, ""open_po_cases"": 2.0, ""mrp"": 120.0, ""price_per_unit"": 96.16, ""order_id"": ""PO-00045"", ""po_raising_drr"": 14.0, ""po_raising_total_space"": 160.0, ""po_raising_final_available_space"": 86.0, ""order_date"": ""2026-03-16""}}",80,7693.0,2.0,0,12,0,0.0,0.0,N/A,129.72,110.44,Band A,6.571428571428571,172,22,308,136,0,0,4,14,172
FC-001,"Biscuit, Confectionary & Snacks",Haldiram Snacks Pvt Ltd,FC-Alpha,SKU-00336,"Haldiram's Rusky Classic Toast, 75g Pack",Namkeens,3,16,4,VND-040,SRI RAM TRADERS - Region Beta,60000,VALUE,216,48,5.0,1689.0,0,"{""sellable"": null, ""contingency"": null, ""pending_putaway"": null, ""under_transfer"": null}",0,0.08,17/03/26,"{""open_po_1"": {""promise_date"": ""2026-03-18"", ""orderedquantity"": 48.0, ""order_item_amount"": 375.36, ""open_po_cases"": 0.8888888888888888, ""mrp"": 10.0, ""price_per_unit"": 7.82, ""order_id"": ""PO-00045"", ""po_raising_drr"": 0.0, ""po_raising_total_space"": 216.0, ""po_raising_final_available_space"": 216.0, ""order_date"": ""2026-03-16""}}",102,819.0,2.0,0,0,0,0.0,0.0,N/A,10.09,6.98,,0.0,102,20,0,0,114,2,0,0,102
FC-001,"Biscuit, Confectionary & Snacks",Haldiram Snacks Pvt Ltd,FC-Alpha,SKU-00450,"Haldiram's Nagpur Salted Peanuts, 200g Standup Pouch",Namkeens,3,14,4,VND-040,SRI RAM TRADERS - Region Beta,60000,VALUE,160,80,2.0,7051.0,91,"{""sellable"": 91.0, ""contingency"": null, ""pending_putaway"": null, ""under_transfer"": null}",0,0.205,,{},0,0.0,0.0,0,0,0,0.0,0.0,N/A,52.08,44.19,Band C,0.0,91,18,0,0,69,0,0,0,91
FC-001,"Biscuit, Confectionary & Snacks",Haldiram Snacks Pvt Ltd,FC-Alpha,SKU-00856,"Haldiram's Chatpata Mixture, 150g Pack",Mixtures,3,16,4,VND-040,SRI RAM TRADERS - Region Beta,60000,VALUE,128,64,2.0,4102.0,49,"{""sellable"": 44.0, ""contingency"": 3.0, ""pending_putaway"": 2.0, ""under_transfer"": 3.0}",20,0.159,18/03/26,"{""open_po_1"": {""promise_date"": ""2026-03-18"", ""orderedquantity"": 64.0, ""order_item_amount"": 2051.2, ""open_po_cases"": 1.0, ""mrp"": 40.0, ""price_per_unit"": 32.05, ""order_id"": ""PO-00045"", ""po_raising_drr"": 20.0, ""po_raising_total_space"": 128.0, ""po_raising_final_available_space"": 96.0, ""order_date"": ""2026-03-16""}}",64,2051.0,1.0,0,5,0,0.0,0.0,N/A,34.3,33.24,Band B,2.45,113,20,400,287,15,0,5,29,113
FC-001,"Biscuit, Confectionary & Snacks",Haldiram Snacks Pvt Ltd,FC-Alpha,SKU-00938,"Haldiram's Khatta Meetha, 220g Standup Pouch",Namkeens,3,16,4,VND-040,SRI RAM TRADERS - Region Beta,60000,VALUE,160,80,2.0,6410.0,2,"{""sellable"": 2.0, ""contingency"": null, ""pending_putaway"": null, ""under_transfer"": null}",8,0.22,18/03/26,"{""open_po_1"": {""promise_date"": ""2026-03-18"", ""orderedquantity"": 160.0, ""order_item_amount"": 6409.6, ""open_po_cases"": 2.0, ""mrp"": 50.0, ""price_per_unit"": 40.06, ""order_id"": ""PO-00045"", ""po_raising_drr"": 8.0, ""po_raising_total_space"": 160.0, ""po_raising_final_available_space"": 160.0, ""order_date"": ""2026-03-16""}}",160,6410.0,2.0,0,20,0,0.0,0.0,N/A,53.57,39.05,Band B,0.25,162,20,160,0,0,0,0,20,162
FC-001,"Biscuit, Confectionary & Snacks",Haldiram Snacks Pvt Ltd,FC-Alpha,SKU-00962,"Haldiram's Punjabi Tadka, 200g Standup Pouch",Namkeens,3,16,4,VND-040,SRI RAM TRADERS - Region Beta,60000,VALUE,112,56,2.0,4936.0,40,"{""sellable"": 40.0, ""contingency"": null, ""pending_putaway"": null, ""under_transfer"": null}",6,0.22,18/03/26,"{""open_po_1"": {""promise_date"": ""2026-03-18"", ""orderedquantity"": 56.0, ""order_item_amount"": 2467.92, ""open_po_cases"": 1.0, ""mrp"": 55.0, ""price_per_unit"": 44.07, ""order_id"": ""PO-00045"", ""po_raising_drr"": 6.0, ""po_raising_total_space"": 112.0, ""po_raising_final_available_space"": 78.0, ""order_date"": ""2026-03-16""}}",56,2468.0,1.0,0,16,0,0.0,0.0,N/A,46.99,40.3,Band C,6.666666666666667,96,20,120,24,16,0,1,27,96
FC-001,"Biscuit, Confectionary & Snacks",Haldiram Snacks Pvt Ltd,FC-Alpha,SKU-00998,"Haldiram's Aloo Bhujia, 200g Pack",Namkeens,3,16,4,VND-040,SRI RAM TRADERS - Region Beta,60000,VALUE,160,80,2.0,7051.0,24,"{""sellable"": 22.0, ""contingency"": null, ""pending_putaway"": 2.0, ""under_transfer"": null}",8,0.2,18/03/26,"{""open_po_1"": {""promise_date"": ""2026-03-18"", ""orderedquantity"": 80.0, ""order_item_amount"": 3525.6, ""open_po_cases"": 1.0, ""mrp"": 55.0, ""price_per_unit"": 44.07, ""order_id"": ""PO-00045"", ""po_raising_drr"": 8.0, ""po_raising_total_space"": 160.0, ""po_raising_final_available_space"": 146.0, ""order_date"": ""2026-03-16""}}",80,3526.0,1.0,0,13,0,0.0,0.0,N/A,48.67,37.62,Band B,3.0,104,20,160,56,56,0,1,20,104
FC-001,"Biscuit, Confectionary & Snacks",Haldiram Snacks Pvt Ltd,FC-Alpha,SKU-01071,"Haldiram's Nagpur All In One Mixture, 400g Standup Pouch",Mixtures,3,16,4,VND-040,SRI RAM TRADERS - Region Beta,60000,VALUE,60,30,2.0,5528.0,46,"{""sellable"": 46.0, ""contingency"": null, ""pending_putaway"": null, ""under_transfer"": null}",6,0.4,,{},0,0.0,0.0,0,7,0,0.0,0.0,N/A,99.34,84.99,Band B,7.666666666666667,46,20,120,74,14,0,3,24,46
FC-001,Office & Stationary Products,ITC,FC-Alpha,SKU-00326,"Classmate Single Line Exercise Notebook, 172 Pages (24cm x 18cm), 1Pc Pack",Notebook,4,17,4,VND-027,SRIMALA ENTERPRISES - Region Alpha,30000,VALUE,216,108,2.0,8197.0,136,"{""sellable"": 136.0, ""contingency"": null, ""pending_putaway"": null, ""under_transfer"": null}",3,0.226,,{},0,0.0,0.0,0,45,0,0.0,0.0,N/A,48.74,38.61,Band C,45.333333333333336,136,21,63,0,80,0,0,8,136
FC-001,Office & Stationary Products,ITC,FC-Alpha,SKU-00395,"Classmate Octane Gel Pen, Black, 1Pc Box",Pens,4,17,4,VND-027,SRIMALA ENTERPRISES - Region Alpha,30000,VALUE,2400,1200,2.0,16560.0,690,"{""sellable"": 650.0, ""contingency"": null, ""pending_putaway"": null, ""under_transfer"": null}",20,0.012,,{},0,0.0,0.0,1200,94,1,7896.0,0.0144,FAIL,8.73,6.58,Band B,34.5,690,21,420,0,1710,1,0,4,1890
FC-001,Office & Stationary Products,ITC,FC-Alpha,SKU-00404,"Classmate A4 Single Line Exercise Notebook, 140 Pages (29.7cm x 21cm), 1Pc Pack",Notebook,4,17,4,VND-027,SRIMALA ENTERPRISES - Region Alpha,30000,VALUE,192,108,2.0,7286.0,0,"{""sellable"": null, ""contingency"": null, ""pending_putaway"": null, ""under_transfer"": null}",1,0.277,,{},0,0.0,0.0,108,108,1,4197.96,0.0299,FAIL,58.24,38.87,Band C,0.0,0,21,21,21,192,1,1,8,108
FC-001,Office & Stationary Products,ITC,FC-Alpha,SKU-00405,"Classmate King Size Four Line Exercise Notebook, 168 Pages (24cm x 18cm), 1Pc Pack",Notebook,4,17,4,VND-027,SRIMALA ENTERPRISES - Region Alpha,30000,VALUE,108,108,1.0,4099.0,106,"{""sellable"": 106.0, ""contingency"": null, ""pending_putaway"": null, ""under_transfer"": null}",1,0.226,,{},0,0.0,0.0,0,106,0,0.0,0.0,N/A,52.36,33.84,Band C,106.0,106,21,21,0,2,0,0,9,106
FC-001,Office & Stationary Products,ITC,FC-Alpha,SKU-00408,"Classmate Octane Blue Ball Pen, 1Pc Pack",Pens,4,17,4,VND-027,SRIMALA ENTERPRISES - Region Alpha,30000,VALUE,2400,1200,2.0,16560.0,587,"{""sellable"": 587.0, ""contingency"": null, ""pending_putaway"": null, ""under_transfer"": null}",30,0.012,,{},0,0.0,0.0,1200,59,1,8136.0,0.0144,FAIL,10.67,6.78,Band B,19.566666666666666,587,21,630,43,1813,1,1,4,1787
FC-001,Office & Stationary Products,ITC,FC-Alpha,SKU-00515,"Classmate Long Size Ruled Single Line Exercise Notebook, 384 Pages (31.4cm x 19.4cm), 1Pc Pack",Notebook,4,17,4,VND-027,SRIMALA ENTERPRISES - Region Alpha,30000,VALUE,32,32,1.0,3864.0,42,"{""sellable"": 32.0, ""contingency"": 10.0, ""pending_putaway"": null, ""under_transfer"": null}",1,0.653,,{},0,0.0,0.0,0,42,0,0.0,0.0,N/A,152.18,125.32,Band B,42.0,42,21,21,0,0,0,0,8,42
FC-001,Office & Stationary Products,ITC,FC-Alpha,SKU-00953,"Classmate Long Size Single Line Exercise Notebook, 240 Pages (29cm x 21cm), 1Pc Pack",Notebook,4,17,4,VND-027,SRIMALA ENTERPRISES - Region Alpha,30000,VALUE,120,60,2.0,8280.0,100,"{""sellable"": 100.0, ""contingency"": null, ""pending_putaway"": null, ""under_transfer"": null}",1,0.28,,{},0,0.0,0.0,0,100,0,0.0,0.0,N/A,94.46,68.77,Band C,100.0,100,21,21,0,20,0,0,8,100
FC-001,Office & Stationary Products,ITC,FC-Alpha,SKU-01057,"Classmate Unruled Exercise Notebook, 172 Pages (24cm x 18cm), 1Pc Pack",Notebook,4,17,4,VND-027,SRIMALA ENTERPRISES - Region Alpha,30000,VALUE,108,108,1.0,4099.0,35,"{""sellable"": 35.0, ""contingency"": null, ""pending_putaway"": null, ""under_transfer"": null}",0,0.23,,{},0,0.0,0.0,0,0,0,0.0,0.0,N/A,55.65,36.83,Band C,0.0,35,21,0,0,73,0,0,0,35
FC-001,"Biscuit, Confectionary & Snacks",Lotte India Corporation Limited,FC-Alpha,SKU-00222,"Lotte Lollies Assorted Lollipop, 600g Tub (60Pcs x 10g)",Lollipop,3,11,4,VND-009,U V ASSOCIATES-BR,40000,VALUE,48,12,4.0,10464.0,2,"{""sellable"": 2.0, ""contingency"": null, ""pending_putaway"": null, ""under_transfer"": null}",3,0.924,,{},0,0.0,0.0,36,12,3,8778.24,0.0333,FAIL,341.51,243.84,Band B,0.6666666666666666,2,15,45,43,46,3,4,14,38
FC-001,"Biscuit, Confectionary & Snacks",Lotte India Corporation Limited,FC-Alpha,SKU-00511,"Lotte Coffy Bite Classic, 380g Pack (100Pcs x 3.8g)",Toffee,3,11,4,VND-009,U V ASSOCIATES-BR,40000,VALUE,72,24,3.0,5256.0,0,"{""sellable"": null, ""contingency"": null, ""pending_putaway"": null, ""under_transfer"": null}",0,0.45,,{},0,0.0,0.0,0,0,0,0.0,0.0,N/A,90.87,75.5,,0.0,0,15,0,0,72,3,0,0,0
FC-001,Personal Care,GlaxoSmithKline,FC-Alpha,SKU-00260,"Sensodyne Fresh Mint Toothpaste, 150g Box",Toothpaste,3,11,4,VND-042,GALAXY ENTERPRISES - Region Alpha,120000,VALUE,144,72,2.0,27488.0,58,"{""sellable"": 58.0, ""contingency"": null, ""pending_putaway"": null, ""under_transfer"": null}",2,0.152,,{},0,0.0,0.0,72,65,1,15188.4,0.0109,FAIL,255.46,210.95,Band B,29.0,58,15,30,0,86,1,0,8,130
FC-001,Personal Care,GlaxoSmithKline,FC-Alpha,SKU-00307,"Sensodyne Deep Clean Toothbrush, Extra Soft, 1Pc Pack",Toothbrush,3,11,4,VND-042,GALAXY ENTERPRISES - Region Alpha,120000,VALUE,288,144,2.0,15322.0,73,"{""sellable"": 72.0, ""contingency"": null, ""pending_putaway"": null, ""under_transfer"": 1.0}",3,0.022,,{},0,0.0,0.0,144,72,1,6998.4,0.0032,FAIL,68.83,48.6,Band B,24.333333333333332,73,15,45,0,215,1,0,18,217
FC-001,Personal Care,GlaxoSmithKline,FC-Alpha,SKU-00349,"Sensodyne Deep Clean Toothpaste, 40g Box",Toothpaste,3,9,4,VND-042,GALAXY ENTERPRISES - Region Alpha,120000,VALUE,288,144,2.0,21509.0,185,"{""sellable"": 185.0, ""contingency"": null, ""pending_putaway"": null, ""under_transfer"": null}",1,0.052,,{},0,0.0,0.0,0,185,0,0.0,0.0,N/A,98.84,78.21,Band C,185.0,185,13,13,0,103,0,0,11,185
FC-001,Personal Care,GlaxoSmithKline,FC-Alpha,SKU-00366,"Sensodyne Daily Protection Toothpaste, 20g Tube",Toothpaste,3,9,4,VND-042,GALAXY ENTERPRISES - Region Alpha,120000,VALUE,864,144,6.0,13051.0,863,"{""sellable"": 863.0, ""contingency"": null, ""pending_putaway"": null, ""under_transfer"": null}",0,0.02,,{},0,0.0,0.0,0,0,0,0.0,0.0,N/A,19.49,14.97,,0.0,863,13,0,0,1,0,0,0,863
FC-001,Personal Care,GlaxoSmithKline,FC-Alpha,SKU-00418,"Sensodyne Repair & Protect Toothpaste, 70g Box",Toothpaste,3,9,4,VND-042,GALAXY ENTERPRISES - Region Alpha,120000,VALUE,144,72,2.0,24167.0,158,"{""sellable"": 136.0, ""contingency"": 21.0, ""pending_putaway"": null, ""under_transfer"": 7.0}",1,0.086,,{},0,0.0,0.0,0,158,0,0.0,0.0,N/A,216.26,186.97,Band B,158.0,158,13,13,0,0,0,0,9,158
FC-001,Personal Care,GlaxoSmithKline,FC-Alpha,SKU-00507,"Sensodyne Sensitive Toothbrush, Soft, 1Pc Pack",Toothbrush,3,15,4,VND-042,GALAXY ENTERPRISES - Region Alpha,120000,VALUE,432,144,3.0,18748.8,377,"{""sellable"": 256.0, ""contingency"": 121.0, ""pending_putaway"": null, ""under_transfer"": 121.0}",42,0.022,,{},0,0.0,0.0,0,8,0,0.0,0.0,N/A,68.41,39.7,Band A,8.976190476190476,377,19,798,421,55,0,3,21,377
FC-001,Personal Care,GlaxoSmithKline,FC-Alpha,SKU-00508,"Sensodyne Sensitive Toothbrush, Soft, 2Pcs Pack",Toothbrush,3,11,4,VND-042,GALAXY ENTERPRISES - Region Alpha,120000,VALUE,288,144,2.0,24998.4,72,"{""sellable"": 72.0, ""contingency"": null, ""pending_putaway"": null, ""under_transfer"": null}",2,0.056,,{},0,0.0,0.0,144,108,1,13165.92,0.0081,FAIL,133.71,91.43,Band B,36.0,72,15,30,0,216,1,0,10,216
FC-001,Personal Care,GlaxoSmithKline,FC-Alpha,SKU-00661,"Sensodyne Fresh Gel Toothpaste, 75g Box",Toothpaste,3,15,4,VND-035,MAA SITA AGENCIES - Region Alpha,20000,VALUE,216,72,3.0,24049.44,213,"{""sellable"": 188.0, ""contingency"": 21.0, ""pending_putaway"": 4.0, ""under_transfer"": 20.0}",12,0.09,,{},0,0.0,0.0,0,17,0,0.0,0.0,N/A,134.92,114.94,Band A,17.75,213,19,228,15,3,0,1,3,213
FC-001,Personal Care,GlaxoSmithKline,FC-Alpha,SKU-00661,"Sensodyne Fresh Gel Toothpaste, 75g Box",Toothpaste,3,15,4,VND-042,GALAXY ENTERPRISES - Region Alpha,120000,VALUE,216,72,3.0,22916.66088,213,"{""sellable"": 188.0, ""contingency"": 21.0, ""pending_putaway"": 4.0, ""under_transfer"": 20.0}",12,0.09,,{},0,0.0,0.0,0,17,0,0.0,0.0,N/A,110.73,99.58,Band A,17.75,213,19,228,15,3,0,1,17,213
FC-001,Personal Care,GlaxoSmithKline,FC-Alpha,SKU-00662,"Sensodyne Rapid Relief Toothpaste, 80g Box",Toothpaste,3,9,4,VND-042,GALAXY ENTERPRISES - Region Alpha,120000,VALUE,72,72,1.0,11298.05217,0,"{""sellable"": null, ""contingency"": null, ""pending_putaway"": null, ""under_transfer"": null}",1,0.096,,{},0,0.0,0.0,72,72,1,10066.32,0.0069,FAIL,160.77,139.81,Band B,0.0,0,13,13,13,72,1,1,12,72
FC-001,Personal Care,GlaxoSmithKline,FC-Alpha,SKU-00664,"Sensodyne Rapid Relief Toothpaste, 40g Box",Toothpaste,3,9,4,VND-042,GALAXY ENTERPRISES - Region Alpha,120000,VALUE,144,144,1.0,12929.32174,132,"{""sellable"": 130.0, ""contingency"": 2.0, ""pending_putaway"": null, ""under_transfer"": 2.0}",4,0.053,,{},0,0.0,0.0,0,33,0,0.0,0.0,N/A,120.51,93.87,Band B,33.0,132,13,52,0,12,0,0,9,132
FC-001,Personal Care,GlaxoSmithKline,FC-Alpha,SKU-00665,"Sensodyne Fresh Gel Toothpaste, 150g Box",Toothpaste,3,11,4,VND-042,GALAXY ENTERPRISES - Region Alpha,120000,VALUE,144,72,2.0,27487.72174,68,"{""sellable"": 68.0, ""contingency"": null, ""pending_putaway"": null, ""under_transfer"": null}",2,0.172,,{},0,0.0,0.0,72,70,1,14727.6,0.0124,FAIL,231.84,204.55,Band A,34.0,68,15,30,0,76,1,0,9,140
FC-001,Personal Care,GlaxoSmithKline,FC-Alpha,SKU-00666,"Sensodyne Fresh Mint Toothpaste, 40g Box",Toothpaste,3,10,4,VND-035,MAA SITA AGENCIES - Region Alpha,20000,VALUE,288,144,2.0,20966.4,48,"{""sellable"": 48.0, ""contingency"": null, ""pending_putaway"": null, ""under_transfer"": null}",2,0.053,,{},0,0.0,0.0,144,96,1,9902.88,0.0076,FAIL,92.56,68.77,Band B,24.0,48,14,28,0,240,1,0,3,192
FC-001,Personal Care,GlaxoSmithKline,FC-Alpha,SKU-00666,"Sensodyne Fresh Mint Toothpaste, 40g Box",Toothpaste,3,10,4,VND-042,GALAXY ENTERPRISES - Region Alpha,120000,VALUE,288,144,2.0,20738.50435,48,"{""sellable"": 48.0, ""contingency"": null, ""pending_putaway"": null, ""under_transfer"": null}",2,0.053,,{},0,0.0,0.0,144,96,1,10820.16,0.0076,FAIL,84.03,75.14,Band B,24.0,48,14,28,0,240,1,0,12,192
FC-001,Personal Care,GlaxoSmithKline,FC-Alpha,SKU-00667,"Sensodyne Fresh Mint Toothpaste, 75g Box",Toothpaste,3,15,4,VND-035,MAA SITA AGENCIES - Region Alpha,20000,VALUE,144,72,2.0,16032.96,92,"{""sellable"": 92.0, ""contingency"": null, ""pending_putaway"": null, ""under_transfer"": null}",9,0.091,,{},0,0.0,0.0,0,10,0,0.0,0.0,N/A,115.08,107.84,Band A,10.222222222222221,92,19,171,79,52,0,2,3,92
FC-001,Personal Care,GlaxoSmithKline,FC-Alpha,SKU-00667,"Sensodyne Fresh Mint Toothpaste, 75g Box",Toothpaste,3,15,4,VND-042,GALAXY ENTERPRISES - Region Alpha,120000,VALUE,144,72,2.0,15277.77392,92,"{""sellable"": 92.0, ""contingency"": null, ""pending_putaway"": null, ""under_transfer"": null}",9,0.091,,{},0,0.0,0.0,0,10,0,0.0,0.0,N/A,129.82,112.89,Band A,10.222222222222221,92,19,171,79,52,0,2,15,92
FC-001,Personal Care,GlaxoSmithKline,FC-Alpha,SKU-00668,"Sensodyne Fresh Gel Toothpaste, 40g Box",Toothpaste,3,10,4,VND-035,MAA SITA AGENCIES - Region Alpha,20000,VALUE,288,144,2.0,20966.4,94,"{""sellable"": 94.0, ""contingency"": null, ""pending_putaway"": null, ""under_transfer"": null}",5,0.052,,{},0,0.0,0.0,144,47,1,9537.12,0.0075,FAIL,89.73,66.23,Band A,18.8,94,14,70,0,194,1,0,3,238
FC-001,Personal Care,GlaxoSmithKline,FC-Alpha,SKU-00668,"Sensodyne Fresh Gel Toothpaste, 40g Box",Toothpaste,3,10,4,VND-042,GALAXY ENTERPRISES - Region Alpha,120000,VALUE,288,144,2.0,20738.50435,94,"{""sellable"": 94.0, ""contingency"": null, ""pending_putaway"": null, ""under_transfer"": null}",5,0.052,,{},0,0.0,0.0,144,47,1,11583.36,0.0075,FAIL,82.73,80.44,Band A,18.8,94,14,70,0,194,1,0,11,238
FC-001,Personal Care,GlaxoSmithKline,FC-Alpha,SKU-00743,"Sensodyne Deep Clean Toothpaste, 70g Box",Toothpaste,3,9,4,VND-042,GALAXY ENTERPRISES - Region Alpha,120000,VALUE,144,72,2.0,16131.44347,22,"{""sellable"": 22.0, ""contingency"": null, ""pending_putaway"": null, ""under_transfer"": null}",1,0.085,,{},0,0.0,0.0,72,94,1,7551.36,0.0061,FAIL,121.51,104.88,Band C,22.0,22,13,13,0,122,1,0,16,94
FC-001,Personal Care,GlaxoSmithKline,FC-Alpha,SKU-00989,"Sensodyne Sensitive & Gum Toothbrush, Soft, 1Pc Pack",Toothbrush,3,9,4,VND-042,GALAXY ENTERPRISES - Region Alpha,120000,VALUE,288,144,2.0,21571.2,158,"{""sellable"": 158.0, ""contingency"": null, ""pending_putaway"": null, ""under_transfer"": null}",1,0.012,,{},0,0.0,0.0,0,158,0,0.0,0.0,N/A,106.73,71.93,Band C,158.0,158,13,13,0,130,0,0,12,158
FC-001,Personal Care,GlaxoSmithKline,FC-Alpha,SKU-00992,"Sensodyne Sensitivity & Gum Toothpaste, 70g Box",Toothpaste,3,10,4,VND-042,GALAXY ENTERPRISES - Region Alpha,120000,VALUE,72,72,1.0,12083.47826,27,"{""sellable"": 27.0, ""contingency"": null, ""pending_putaway"": null, ""under_transfer"": null}",0,0.07,,{},0,0.0,0.0,0,0,0,0.0,0.0,N/A,173.85,145.58,Band C,0.0,27,14,0,0,45,0,0,0,27
FC-001,Personal Care,GlaxoSmithKline,FC-Alpha,SKU-01062,"Sensodyne Sensitive Toothbrush, Soft, 4Pcs Pack",Toothbrush,3,9,4,VND-042,GALAXY ENTERPRISES - Region Alpha,120000,VALUE,288,144,2.0,32256.0,41,"{""sellable"": 41.0, ""contingency"": null, ""pending_putaway"": null, ""under_transfer"": null}",3,0.073,,{},0,0.0,0.0,144,61,1,14248.8,0.0105,FAIL,163.93,98.95,Band B,13.666666666666666,41,13,39,0,247,1,0,9,185
FC-001,Personal Care,Godrej Consumer Products Ltd.,FC-Alpha,SKU-00316,"Godrej Protekt Mr. Magic Powder to Liquid Handwash Refill, 9g Combo Box",Hand Wash,3,20,5,VND-056,GODREJ CONSUMER PRODUCTS LTD - Region Beta,200000,VALUE,96,48,2.0,3265.066667,46,"{""sellable"": 46.0, ""contingency"": null, ""pending_putaway"": null, ""under_transfer"": null}",6,0.009,,{},0,0.0,0.0,48,15,1,1640.16,0.0004,FAIL,37.23,34.17,Band C,7.666666666666667,46,25,150,104,50,1,3,122,94
FC-001,Personal Care,Godrej Consumer Products Ltd.,FC-Alpha,SKU-00334,"Cinthol Cool Bathing Bar, 47g Pack",Soaps,2,20,5,VND-011,SHRI KRISHNA MURARI ENTERPRISES - Region Epsilon,120000,VALUE,3024,216,14.0,24101.28,132,"{""sellable"": 126.0, ""contingency"": null, ""pending_putaway"": null, ""under_transfer"": null}",314,0.046,,{},0,0.0,0.0,2808,9,13,20807.28,0.1292,FAIL,10.89,7.41,Band A,0.42038216560509556,132,25,7850,7718,2892,13,36,75,2940
FC-001,Personal Care,Godrej Consumer Products Ltd.,FC-Alpha,SKU-00334,"Cinthol Cool Bathing Bar, 47g Pack",Soaps,3,20,5,VND-056,GODREJ CONSUMER PRODUCTS LTD - Region Beta,200000,VALUE,3024,216,14.0,25712.4,132,"{""sellable"": 126.0, ""contingency"": null, ""pending_putaway"": null, ""under_transfer"": null}",314,0.046,,{},0,0.0,0.0,2808,9,13,26282.88,0.1292,FAIL,9.43,9.36,Band A,0.42038216560509556,132,25,7850,7718,2892,13,36,99,2940
FC-001,Personal Care,Godrej Consumer Products Ltd.,FC-Alpha,SKU-00478,"Godrej Selfie Shampoo Hair Colour, Natural Black 1, 18ml Pack",Hair Dyes,2,20,5,VND-011,SHRI KRISHNA MURARI ENTERPRISES - Region Epsilon,120000,VALUE,576,144,4.0,11439.36,427,"{""sellable"": 426.0, ""contingency"": 1.0, ""pending_putaway"": null, ""under_transfer"": 1.0}",44,0.027,,{},0,0.0,0.0,144,12,1,2443.68,0.0039,FAIL,24.66,16.97,Band A,9.704545454545455,427,25,1100,673,149,1,5,50,571
FC-001,Personal Care,Godrej Consumer Products Ltd.,FC-Alpha,SKU-00478,"Godrej Selfie Shampoo Hair Colour, Natural Black 1, 18ml Pack",Hair Dyes,3,20,5,VND-056,GODREJ CONSUMER PRODUCTS LTD - Region Beta,200000,VALUE,576,144,4.0,12625.2,427,"{""sellable"": 426.0, ""contingency"": 1.0, ""pending_putaway"": null, ""under_transfer"": 1.0}",44,0.027,,{},0,0.0,0.0,144,12,1,3041.28,0.0039,FAIL,25.6,21.12,Band A,9.704545454545455,427,25,1100,673,149,1,5,66,571
FC-001,Personal Care,Godrej Consumer Products Ltd.,FC-Alpha,SKU-00714,"Godrej Nupur 100% Natural 9 Herbs Henna Hair Color, 25g Pack",Hair Dyes,2,20,5,VND-011,SHRI KRISHNA MURARI ENTERPRISES - Region Epsilon,120000,VALUE,972,324,3.0,6201.36,13,"{""sellable"": 13.0, ""contingency"": null, ""pending_putaway"": null, ""under_transfer"": null}",38,0.027,,{},0,0.0,0.0,648,17,2,3933.36,0.0175,FAIL,8.72,6.07,Band A,0.34210526315789475,13,25,950,937,959,2,3,62,661
FC-001,Personal Care,Godrej Consumer Products Ltd.,FC-Alpha,SKU-00714,"Godrej Nupur 100% Natural 9 Herbs Henna Hair Color, 25g Pack",Hair Dyes,3,20,5,VND-056,GODREJ CONSUMER PRODUCTS LTD - Region Beta,200000,VALUE,972,324,3.0,10131.79821,13,"{""sellable"": 13.0, ""contingency"": null, ""pending_putaway"": null, ""under_transfer"": null}",38,0.027,,{},0,0.0,0.0,648,17,2,5780.16,0.0175,FAIL,14.52,8.92,Band A,0.34210526315789475,13,25,950,937,959,2,3,70,661
FC-001,Personal Care,Godrej Consumer Products Ltd.,FC-Alpha,SKU-00715,"Godrej Nupur 100% Pure Henna Hair Color Powder, 12g Pack",Hair Dyes,2,20,5,VND-011,SHRI KRISHNA MURARI ENTERPRISES - Region Epsilon,120000,VALUE,2400,600,4.0,7632.0,28,"{""sellable"": 10.0, ""contingency"": null, ""pending_putaway"": null, ""under_transfer"": null}",329,0.015,,{},0,0.0,0.0,1800,5,3,5076.0,0.027,FAIL,4.97,2.82,Band B,0.0851063829787234,28,25,8225,8197,2372,3,14,71,1828
FC-001,Personal Care,Godrej Consumer Products Ltd.,FC-Alpha,SKU-00715,"Godrej Nupur 100% Pure Henna Hair Color Powder, 12g Pack",Hair Dyes,3,20,5,VND-056,GODREJ CONSUMER PRODUCTS LTD - Region Beta,200000,VALUE,2400,600,4.0,8338.92857,28,"{""sellable"": 10.0, ""contingency"": null, ""pending_putaway"": null, ""under_transfer"": null}",329,0.015,,{},0,0.0,0.0,1800,5,3,6084.0,0.027,FAIL,5.15,3.38,Band B,0.0851063829787234,28,25,8225,8197,2372,3,14,99,1828
FC-001,Personal Care,Godrej Consumer Products Ltd.,FC-Alpha,SKU-00716,"Godrej Nupur 100% Natural 9 Herbs Henna Hair Color, 150g Pack",Hair Dyes,3,20,5,VND-056,GODREJ CONSUMER PRODUCTS LTD - Region Beta,200000,VALUE,216,72,3.0,12008.05714,189,"{""sellable"": 189.0, ""contingency"": null, ""pending_putaway"": null, ""under_transfer"": null}",10,0.15,,{},0,0.0,0.0,0,18,0,0.0,0.0,N/A,75.0,55.47,Band B,18.9,189,25,250,61,27,0,1,51,189
FC-001,Personal Care,Godrej Consumer Products Ltd.,FC-Alpha,SKU-00943,"Godrej Expert Rich Creme Hair Colour, Natural Brown 4.00, 12g + 12ml Pack",Hair Dyes,2,20,5,VND-011,SHRI KRISHNA MURARI ENTERPRISES - Region Epsilon,120000,VALUE,480,240,2.0,5721.6,137,"{""sellable"": 137.0, ""contingency"": null, ""pending_putaway"": null, ""under_transfer"": null}",27,0.031,,{},0,0.0,0.0,240,13,1,2779.2,0.0074,FAIL,15.88,11.58,Band B,5.074074074074074,137,25,675,538,343,1,3,44,377
FC-001,Personal Care,Godrej Consumer Products Ltd.,FC-Alpha,SKU-00943,"Godrej Expert Rich Creme Hair Colour, Natural Brown 4.00, 12g + 12ml Pack",Hair Dyes,3,20,5,VND-056,GODREJ CONSUMER PRODUCTS LTD - Region Beta,200000,VALUE,480,240,2.0,5710.5,137,"{""sellable"": 137.0, ""contingency"": null, ""pending_putaway"": null, ""under_transfer"": null}",27,0.031,,{},0,0.0,0.0,240,13,1,2882.4,0.0074,FAIL,16.62,12.01,Band B,5.074074074074074,137,25,675,538,343,1,3,70,377
FC-001,Personal Care,Godrej Consumer Products Ltd.,FC-Alpha,SKU-00944,"Godrej Expert Rich Creme Hair Colour, 1.00 Natural Black, 12ml + 12g Pack",Hair Dyes,2,20,5,VND-011,SHRI KRISHNA MURARI ENTERPRISES - Region Epsilon,120000,VALUE,5760,240,24.0,68659.2,1180,"{""sellable"": 1180.0, ""contingency"": null, ""pending_putaway"": null, ""under_transfer"": null}",246,0.031,,{},0,0.0,0.0,4560,23,19,55905.6,0.1414,FAIL,16.26,12.26,Band A,4.796747967479675,1180,25,6150,4970,4580,19,21,41,5740
FC-001,Personal Care,Godrej Consumer Products Ltd.,FC-Alpha,SKU-00944,"Godrej Expert Rich Creme Hair Colour, 1.00 Natural Black, 12ml + 12g Pack",Hair Dyes,3,20,5,VND-056,GODREJ CONSUMER PRODUCTS LTD - Region Beta,200000,VALUE,5760,240,24.0,68526.0,1180,"{""sellable"": 1180.0, ""contingency"": null, ""pending_putaway"": null, ""under_transfer"": null}",246,0.031,,{},0,0.0,0.0,4560,23,19,46284.0,0.1414,FAIL,12.93,10.15,Band A,4.796747967479675,1180,25,6150,4970,4580,19,21,83,5740
FC-001,"Biscuit, Confectionary & Snacks",Lotte India Corporation Limited,FC-Alpha,SKU-00512,"Lotte Choco Pie, 414g Box (18Pcs x 23g)",Cakes,3,15,4,VND-009,U V ASSOCIATES-BR,40000,VALUE,372,12,31.0,46909.0,75,"{""sellable"": 35.0, ""contingency"": 33.0, ""pending_putaway"": 4.0, ""under_transfer"": 33.0}",37,0.586,,{},0,0.0,0.0,288,9,24,36518.4,0.1688,FAIL,158.44,126.8,Band A,2.027027027027027,75,19,703,628,297,24,53,27,363
FC-001,"Biscuit, Confectionary & Snacks",Lotte India Corporation Limited,FC-Alpha,SKU-00860,"Lotte Jellies, Assorted Fruit Jelly, 600g Jar",Jellies,3,11,4,VND-009,U V ASSOCIATES-BR,40000,VALUE,32,16,2.0,4634.0,14,"{""sellable"": 14.0, ""contingency"": null, ""pending_putaway"": null, ""under_transfer"": null}",1,0.668,,{},0,0.0,0.0,16,30,1,2481.76,0.0107,FAIL,175.67,155.11,Band C,14.0,14,15,15,1,18,1,1,17,30
FC-001,"Biscuit, Confectionary & Snacks",Lotte India Corporation Limited,FC-Alpha,SKU-00889,"Lotte Coconut Punch Toffee, 690g Box",Toffee,3,11,4,VND-009,U V ASSOCIATES-BR,40000,VALUE,32,16,2.0,4634.0,2,"{""sellable"": null, ""contingency"": null, ""pending_putaway"": 2.0, ""under_transfer"": null}",2,0.69,,{},0,0.0,0.0,16,9,1,2442.08,0.011,FAIL,174.27,152.63,Band C,1.0,2,15,30,28,30,1,2,17,18
FC-001,"Biscuit, Confectionary & Snacks",Lotte India Corporation Limited,FC-Alpha,SKU-01035,"Lotte Jellies Lollipop, Lychee/Watermelon/Orange/Lemon, 384g Pack (24Pcs x 16g)",Lollipop,3,11,4,VND-009,U V ASSOCIATES-BR,40000,VALUE,18,18,1.0,3202.0,0,"{""sellable"": null, ""contingency"": null, ""pending_putaway"": null, ""under_transfer"": null}",0,0.496,,{},0,0.0,0.0,0,0,0,0.0,0.0,N/A,205.68,189.45,,0.0,0,15,0,0,18,1,0,0,0
FC-001,"Biscuit, Confectionary & Snacks",Lotte India Corporation Limited,FC-Alpha,SKU-01045,"Lotte Coffy Bite Classic, 690g Box (30Pcs x 23g)",Toffee,3,11,4,VND-009,U V ASSOCIATES-BR,40000,VALUE,64,16,4.0,9267.0,0,"{""sellable"": null, ""contingency"": null, ""pending_putaway"": null, ""under_transfer"": null}",7,0.69,,{},0,0.0,0.0,64,9,4,8077.44,0.0442,FAIL,218.87,126.21,Band B,0.0,0,15,105,105,64,4,7,20,64
FC-001,"Biscuit, Confectionary & Snacks",Unibic Foods India Private Limited,FC-Alpha,SKU-00306,"Unibic Choco Kiss Cookies, 20g Pack",Cookies,5,14,4,VND-051,UNIBIC FOODS INDIA PRIVATE LIMITED - Region Delta,50000,VALUE,384,192,2.0,2730.0,231,"{""sellable"": 207.0, ""contingency"": null, ""pending_putaway"": null, ""under_transfer"": null}",7,0.03,,{},0,0.0,0.0,0,33,0,0.0,0.0,N/A,9.45,6.41,Band C,33.0,231,18,126,0,153,0,0,41,231
FC-001,Personal Care,Home Furnishing - Solv,FC-Alpha,SKU-00711,"Liril Lime & Tea Tree Oil Bathing Bar, 75g Pack",Soaps,5,18,5,VND-060,HINDUSTAN UNILEVER LIMITED - Region Epsilon,10000,TONNAGE,432,144,3.0,9603.36,3,"{""sellable"": 3.0, ""contingency"": null, ""pending_putaway"": null, ""under_transfer"": null}",3,0.08,17/03/26,"{""open_po_1"": {""promise_date"": ""2026-03-17"", ""orderedquantity"": 144.0, ""order_item_amount"": 3201.12, ""open_po_cases"": 1.0, ""mrp"": 25.0, ""price_per_unit"": 22.23, ""order_id"": ""PO-00032"", ""po_raising_drr"": 4.0, ""po_raising_total_space"": 432.0, ""po_raising_final_available_space"": 432.0, ""order_date"": ""2026-03-12""}}",144,3201.12,1.0,144,97,1,3463.2,0.0115,FAIL,25.89,24.05,Band B,1.0,147,23,69,0,285,1,0,869,291
FC-001,Personal Care,ITC,FC-Alpha,SKU-00748,"Savlon Glycerin Bathing Bar, 40g Pack",Soaps,3,17,4,VND-068,ITC Limited - Region Epsilon,200000,VALUE,432,216,2.0,3883.68,132,"{""sellable"": 120.0, ""contingency"": null, ""pending_putaway"": 12.0, ""under_transfer"": null}",96,0.04,18/03/26,"{""open_po_1"": {""promise_date"": ""2026-03-18"", ""orderedquantity"": 432.0, ""order_item_amount"": 3883.68, ""open_po_cases"": 2.0, ""mrp"": 10.0, ""price_per_unit"": 8.99, ""order_id"": ""PO-00060"", ""po_raising_drr"": 111.0, ""po_raising_total_space"": 432.0, ""po_raising_final_available_space"": 432.0, ""order_date"": ""2026-03-14""}}",432,3883.68,2.0,0,5,0,0.0,0.0,N/A,10.61,9.05,Band A,1.375,564,21,2016,1452,0,0,7,103,564
FC-001,Personal Care,ITC,FC-Alpha,SKU-00813,"Savlon Moisture Shield Handwash, 675ml Spout Pouch",Hand Wash,3,17,4,VND-068,ITC Limited - Region Epsilon,200000,VALUE,80,20,4.0,6990.4,35,"{""sellable"": 35.0, ""contingency"": null, ""pending_putaway"": null, ""under_transfer"": null}",4,0.76,,{},0,0.0,0.0,40,18,2,3994.4,0.0304,FAIL,100.77,99.86,Band B,8.75,35,21,84,49,45,2,3,101,75
FC-001,Personal Care,ITC,FC-Alpha,SKU-00814,"Savlon Herbal Sensitive Handwash, 625ml Spout Pouch",Hand Wash,3,17,4,VND-068,ITC Limited - Region Epsilon,200000,VALUE,40,20,2.0,3495.2,20,"{""sellable"": 20.0, ""contingency"": null, ""pending_putaway"": null, ""under_transfer"": null}",4,0.77,,{},0,0.0,0.0,20,10,1,1551.2,0.0154,FAIL,84.44,77.56,Band B,5.0,20,21,84,64,20,1,4,129,40
FC-001,"Biscuit, Confectionary & Snacks",Unibic Foods India Private Limited,FC-Alpha,SKU-00310,"Unibic Choco Hazelnut Cookies, 30g Pack",Cookies,5,14,4,VND-051,UNIBIC FOODS INDIA PRIVATE LIMITED - Region Delta,50000,VALUE,1729,216,8.0,7175.0,968,"{""sellable"": 968.0, ""contingency"": null, ""pending_putaway"": null, ""under_transfer"": null}",154,0.035,19/03/26,"{""open_po_1"": {""promise_date"": ""2026-03-19"", ""orderedquantity"": 432.0, ""order_item_amount"": 1792.8, ""open_po_cases"": 2.0, ""mrp"": 5.0, ""price_per_unit"": 4.1499999999999995, ""order_id"": ""PO-00051"", ""po_raising_drr"": 113.0, ""po_raising_total_space"": 1729.0, ""po_raising_final_available_space"": 721.0, ""order_date"": ""2026-03-14""}}",432,1793.0,2.0,216,10,1,952.56,0.0076,FAIL,5.03,4.41,Band B,6.285714285714286,1400,18,2772,1372,329,1,7,53,1616
FC-001,"Biscuit, Confectionary & Snacks",Unibic Foods India Private Limited,FC-Alpha,SKU-00359,"Unibic Milk Cookies, 50g Pack",Cookies,5,14,4,VND-051,UNIBIC FOODS INDIA PRIVATE LIMITED - Region Delta,50000,VALUE,384,192,2.0,3187.0,36,"{""sellable"": 12.0, ""contingency"": null, ""pending_putaway"": 24.0, ""under_transfer"": null}",10,0.053,19/03/26,"{""open_po_1"": {""promise_date"": ""2026-03-19"", ""orderedquantity"": 192.0, ""order_item_amount"": 1593.6, ""open_po_cases"": 1.0, ""mrp"": 10.0, ""price_per_unit"": 8.299999999999999, ""order_id"": ""PO-00051"", ""po_raising_drr"": 11.0, ""po_raising_total_space"": 384.0, ""po_raising_final_available_space"": 225.0, ""order_date"": ""2026-03-14""}}",192,1594.0,1.0,0,22,0,0.0,0.0,N/A,9.58,9.11,Band C,3.6,228,18,180,0,156,0,0,29,228
FC-001,"Biscuit, Confectionary & Snacks",Unibic Foods India Private Limited,FC-Alpha,SKU-00385,"Unibic Choco Ripple Cookies, 50g Pack",Cookies,5,14,4,VND-051,UNIBIC FOODS INDIA PRIVATE LIMITED - Region Delta,50000,VALUE,384,192,2.0,3187.0,132,"{""sellable"": 132.0, ""contingency"": null, ""pending_putaway"": null, ""under_transfer"": null}",16,0.055,19/03/26,"{""open_po_1"": {""promise_date"": ""2026-03-19"", ""orderedquantity"": 192.0, ""order_item_amount"": 1593.6, ""open_po_cases"": 1.0, ""mrp"": 10.0, ""price_per_unit"": 8.299999999999999, ""order_id"": ""PO-00051"", ""po_raising_drr"": 15.0, ""po_raising_total_space"": 384.0, ""po_raising_final_available_space"": 300.0, ""order_date"": ""2026-03-14""}}",192,1594.0,1.0,0,20,0,0.0,0.0,N/A,11.13,7.31,Band C,8.25,324,18,288,0,60,0,0,36,324
FC-001,"Biscuit, Confectionary & Snacks",Unibic Foods India Private Limited,FC-Alpha,SKU-00460,"Unibic Butter Cookies, 30g Pack",Cookies,5,14,4,VND-051,UNIBIC FOODS INDIA PRIVATE LIMITED - Region Delta,50000,VALUE,1080,216,5.0,4482.0,1076,"{""sellable"": 920.0, ""contingency"": 156.0, ""pending_putaway"": null, ""under_transfer"": 93.0}",57,0.049,,{},0,0.0,0.0,0,18,0,0.0,0.0,N/A,4.84,3.83,Band C,18.87719298245614,1076,18,1026,0,4,0,0,61,1076
FC-001,"Biscuit, Confectionary & Snacks",Unibic Foods India Private Limited,FC-Alpha,SKU-00482,"Unibic Choco Kiss Cookies, 75g Box",Cookies,5,14,4,VND-051,UNIBIC FOODS INDIA PRIVATE LIMITED - Region Delta,50000,VALUE,144,72,2.0,3564.0,74,"{""sellable"": 74.0, ""contingency"": null, ""pending_putaway"": null, ""under_transfer"": null}",1,0.062,19/03/26,"{""open_po_1"": {""promise_date"": ""2026-03-19"", ""orderedquantity"": 72.0, ""order_item_amount"": 1785.6, ""open_po_cases"": 1.0, ""mrp"": 50.0, ""price_per_unit"": 24.799999999999997, ""order_id"": ""PO-00051"", ""po_raising_drr"": 2.0, ""po_raising_total_space"": 144.0, ""po_raising_final_available_space"": 78.0, ""order_date"": ""2026-03-14""}}",72,1786.0,1.0,0,146,0,0.0,0.0,N/A,54.75,22.09,Band C,74.0,146,18,18,0,0,0,0,32,146
FC-001,"Biscuit, Confectionary & Snacks",Unibic Foods India Private Limited,FC-Alpha,SKU-00578,"Unibic Fruit & Nut Cookies, Rs.20 Pack",Cookies,5,14,4,VND-051,UNIBIC FOODS INDIA PRIVATE LIMITED - Region Delta,50000,VALUE,288,144,2.0,6454.0,126,"{""sellable"": 126.0, ""contingency"": null, ""pending_putaway"": null, ""under_transfer"": null}",1,0.075,,{},0,0.0,0.0,144,270,1,3080.16,0.0108,FAIL,29.45,21.39,Band C,126.0,126,18,18,0,162,1,0,17,270
FC-001,"Biscuit, Confectionary & Snacks",Unibic Foods India Private Limited,FC-Alpha,SKU-00644,"Unibic Fruit & Nut Cookies, 30g Pack",Cookies,5,14,4,VND-051,UNIBIC FOODS INDIA PRIVATE LIMITED - Region Delta,50000,VALUE,384,192,2.0,2730.0,308,"{""sellable"": 284.0, ""contingency"": null, ""pending_putaway"": 24.0, ""under_transfer"": null}",8,0.04,,{},0,0.0,0.0,0,38,0,0.0,0.0,N/A,8.67,7.0,Band C,38.5,308,18,144,0,76,0,0,38,308
FC-001,"Biscuit, Confectionary & Snacks",Unibic Foods India Private Limited,FC-Alpha,SKU-00645,"Unibic Choco Nut Cookies, 30g Pack",Cookies,5,14,4,VND-051,UNIBIC FOODS INDIA PRIVATE LIMITED - Region Delta,50000,VALUE,384,192,2.0,2730.0,278,"{""sellable"": 218.0, ""contingency"": null, ""pending_putaway"": 60.0, ""under_transfer"": null}",19,0.04,,{},0,0.0,0.0,0,14,0,0.0,0.0,N/A,8.9,7.64,Band C,14.631578947368421,278,18,342,64,106,0,1,35,278
FC-001,"Biscuit, Confectionary & Snacks",Unibic Foods India Private Limited,FC-Alpha,SKU-00647,"Unibic Choco Ripple Cookies, 30g Pack",Cookies,5,14,4,VND-051,UNIBIC FOODS INDIA PRIVATE LIMITED - Region Delta,50000,VALUE,1296,216,6.0,5378.0,94,"{""sellable"": 10.0, ""contingency"": null, ""pending_putaway"": null, ""under_transfer"": null}",110,0.03,19/03/26,"{""open_po_1"": {""promise_date"": ""2026-03-19"", ""orderedquantity"": 1080.0, ""order_item_amount"": 4482.0, ""open_po_cases"": 5.0, ""mrp"": 5.0, ""price_per_unit"": 4.15, ""order_id"": ""PO-00051"", ""po_raising_drr"": 60.0, ""po_raising_total_space"": 1296.0, ""po_raising_final_available_space"": 1128.0, ""order_date"": ""2026-03-14""}}",1080,4482.0,5.0,0,10,0,0.0,0.0,N/A,4.7,4.34,Band B,0.8545454545454545,1174,18,1980,806,122,0,4,54,1174
FC-001,"Biscuit, Confectionary & Snacks",Unibic Foods India Private Limited,FC-Alpha,SKU-00648,"Unibic Milk Cookies, 30g Pack",Cookies,5,14,4,VND-051,UNIBIC FOODS INDIA PRIVATE LIMITED - Region Delta,50000,VALUE,432,216,2.0,1793.0,180,"{""sellable"": 156.0, ""contingency"": null, ""pending_putaway"": null, ""under_transfer"": null}",3,0.03,19/03/26,"{""open_po_1"": {""promise_date"": ""2026-03-19"", ""orderedquantity"": 216.0, ""order_item_amount"": 896.4, ""open_po_cases"": 1.0, ""mrp"": 5.0, ""price_per_unit"": 4.1499999999999995, ""order_id"": ""PO-00051"", ""po_raising_drr"": 9.0, ""po_raising_total_space"": 432.0, ""po_raising_final_available_space"": 276.0, ""order_date"": ""2026-03-14""}}",216,896.0,1.0,0,132,0,0.0,0.0,N/A,5.37,4.3,Band C,60.0,396,18,54,0,36,0,0,54,396
FC-001,Personal Care,Bajaj Consumer Care Ltd,FC-Alpha,SKU-00976,"Bajaj 100% Pure Coconut Oil, 500ml Bottle",Hair Oil,2,14,5,VND-014,SHREE BALAJEE AGENCIES - Region Epsilon,30000,VALUE,592,24,25.0,148947.0,92,"{""sellable"": 92.0, ""contingency"": null, ""pending_putaway"": null, ""under_transfer"": null}",0,0.46,,{},0,0.0,0.0,0,0,0,0.0,0.0,N/A,337.11,223.96,Band C,0.0,92,19,0,0,500,20,0,0,92
FC-001,Personal Care,Bajaj Consumer Care Ltd,FC-Alpha,SKU-00977,"Bajaj 100% Pure Coconut Oil, 175ml Bottle",Hair Oil,2,14,5,VND-014,SHREE BALAJEE AGENCIES - Region Epsilon,30000,VALUE,460,48,10.0,44965.0,130,"{""sellable"": 130.0, ""contingency"": null, ""pending_putaway"": null, ""under_transfer"": null}",1,0.161,,{},0,0.0,0.0,288,418,6,29246.4,0.0464,FAIL,109.54,101.55,Band C,130.0,130,19,19,0,330,6,0,7,418
FC-001,"Biscuit, Confectionary & Snacks",Unibic Foods India Private Limited,FC-Alpha,SKU-01073,"Unibic Orange Splash Cookies, 50g Pack",Cookies,5,14,4,VND-051,UNIBIC FOODS INDIA PRIVATE LIMITED - Region Delta,50000,VALUE,576,192,3.0,4781.0,120,"{""sellable"": 120.0, ""contingency"": null, ""pending_putaway"": null, ""under_transfer"": null}",10,0.059,19/03/26,"{""open_po_1"": {""promise_date"": ""2026-03-19"", ""orderedquantity"": 192.0, ""order_item_amount"": 1593.6, ""open_po_cases"": 1.0, ""mrp"": 10.0, ""price_per_unit"": 8.299999999999999, ""order_id"": ""PO-00051"", ""po_raising_drr"": 11.0, ""po_raising_total_space"": 576.0, ""po_raising_final_available_space"": 524.0, ""order_date"": ""2026-03-14""}}",192,1594.0,1.0,192,50,1,1522.56,0.0113,FAIL,10.01,7.93,Band C,12.0,312,18,180,0,264,1,0,33,504
FC-001,"Biscuit, Confectionary & Snacks",Unibic Foods India Private Limited,FC-Alpha,SKU-01074,"Unibic Orange Splash Cookies, 30g Pack",Cookies,5,14,4,VND-051,UNIBIC FOODS INDIA PRIVATE LIMITED - Region Delta,50000,VALUE,432,216,2.0,1793.0,60,"{""sellable"": 60.0, ""contingency"": null, ""pending_putaway"": null, ""under_transfer"": null}",26,0.035,19/03/26,"{""open_po_1"": {""promise_date"": ""2026-03-19"", ""orderedquantity"": 216.0, ""order_item_amount"": 896.4, ""open_po_cases"": 1.0, ""mrp"": 5.0, ""price_per_unit"": 4.1499999999999995, ""order_id"": ""PO-00051"", ""po_raising_drr"": 31.0, ""po_raising_total_space"": 432.0, ""po_raising_final_available_space"": 376.0, ""order_date"": ""2026-03-14""}}",216,896.0,1.0,0,10,0,0.0,0.0,N/A,4.6,4.58,Band C,2.3076923076923075,276,18,468,192,156,0,1,51,276
FC-001,Cleaning & Household Supplies,Vibhava Marketing Corporation,FC-Alpha,SKU-00080,"Vibhava VVV Grass Broom, 1Pc Pack",Brooms,7,12,4,VND-041,VIBHAVA MARKETING CORPORATION OD,40000,VALUE,120,60,2.0,8556.0,25,"{""sellable"": null, ""contingency"": 25.0, ""pending_putaway"": null, ""under_transfer"": null}",0,0.351,,{},0,0.0,0.0,0,0,0,0.0,0.0,N/A,135.83,75.29,,0.0,25,16,0,0,95,1,0,0,25
FC-001,Cleaning & Household Supplies,Vibhava Marketing Corporation,FC-Alpha,SKU-00083,"Vibhava Bond Grass Broom, 1Pc Pack",Brooms,7,12,4,VND-041,VIBHAVA MARKETING CORPORATION OD,40000,VALUE,60,60,1.0,3150.0,0,"{""sellable"": null, ""contingency"": null, ""pending_putaway"": null, ""under_transfer"": null}",0,0.378,,{},0,0.0,0.0,0,0,0,0.0,0.0,N/A,93.45,45.72,,0.0,0,16,0,0,60,1,0,0,0
FC-001,Cleaning & Household Supplies,Vibhava Marketing Corporation,FC-Alpha,SKU-00084,"Vibhava Plus Grass Broom, 1Pc Pack",Brooms,7,12,4,VND-041,VIBHAVA MARKETING CORPORATION OD,40000,VALUE,120,60,2.0,8570.0,25,"{""sellable"": 6.0, ""contingency"": 19.0, ""pending_putaway"": null, ""under_transfer"": null}",0,0.16,,{},0,0.0,0.0,0,0,0,0.0,0.0,N/A,152.08,64.45,Band B,0.0,25,16,0,0,95,1,0,0,25
FC-001,Cleaning & Household Supplies,Vibhava Marketing Corporation,FC-Alpha,SKU-00085,"Vibhava W Grass Broom, 1Pc Pack",Brooms,7,12,4,VND-041,VIBHAVA MARKETING CORPORATION OD,40000,VALUE,120,60,2.0,9192.0,31,"{""sellable"": null, ""contingency"": 31.0, ""pending_putaway"": null, ""under_transfer"": null}",0,0.16,,{},0,0.0,0.0,0,0,0,0.0,0.0,N/A,115.93,84.77,Band C,0.0,31,16,0,0,89,1,0,0,31
FC-001,Cleaning & Household Supplies,Vibhava Marketing Corporation,FC-Alpha,SKU-00086,"Vibhava Sooper Grass Broom, 1Pc Pack",Brooms,7,12,4,VND-041,VIBHAVA MARKETING CORPORATION OD,40000,VALUE,120,60,2.0,11407.0,59,"{""sellable"": 59.0, ""contingency"": null, ""pending_putaway"": null, ""under_transfer"": null}",1,0.351,,{},0,0.0,0.0,60,119,1,5236.8,0.0211,FAIL,174.11,87.28,Band C,59.0,59,16,16,0,61,1,0,8,119
FC-001,Cleaning & Household Supplies,Vibhava Marketing Corporation,FC-Alpha,SKU-00109,"Monkey 555 3T Grass Broom, 1Pc Pack",Brooms,7,12,4,VND-041,VIBHAVA MARKETING CORPORATION OD,40000,VALUE,120,60,2.0,10909.0,169,"{""sellable"": 165.0, ""contingency"": 4.0, ""pending_putaway"": null, ""under_transfer"": null}",0,0.487,,{},0,0.0,0.0,0,0,0,0.0,0.0,N/A,165.76,100.1,Band C,0.0,169,16,0,0,0,0,0,0,169
FC-001,Cleaning & Household Supplies,Vibhava Marketing Corporation,FC-Alpha,SKU-00110,"Monkey 555 Coco Broom, 1Pc Pack",Brooms,7,12,4,VND-041,VIBHAVA MARKETING CORPORATION OD,40000,VALUE,60,60,1.0,2143.0,1,"{""sellable"": 1.0, ""contingency"": null, ""pending_putaway"": null, ""under_transfer"": null}",0,0.591,,{},0,0.0,0.0,0,0,0,0.0,0.0,N/A,70.7,33.35,,0.0,1,16,0,0,59,0,0,0,1
FC-001,Cleaning & Household Supplies,Vibhava Marketing Corporation,FC-Alpha,SKU-00155,"Monkey 555 5T Punch Broom, 1Pc Pack",Brooms,7,9,4,VND-041,VIBHAVA MARKETING CORPORATION OD,40000,VALUE,160,40,4.0,18491.0,158,"{""sellable"": 157.0, ""contingency"": 1.0, ""pending_putaway"": null, ""under_transfer"": 1.0}",0,0.591,,{},0,0.0,0.0,0,0,0,0.0,0.0,N/A,246.0,120.52,,0.0,158,13,0,0,2,0,0,0,158
FC-001,Cleaning & Household Supplies,Vibhava Marketing Corporation,FC-Alpha,SKU-00229,"Monkey 555 Premium Grass Broom, 1Pc Pack",Brooms,7,9,4,VND-041,VIBHAVA MARKETING CORPORATION OD,40000,VALUE,120,60,2.0,10277.0,96,"{""sellable"": 96.0, ""contingency"": null, ""pending_putaway"": null, ""under_transfer"": null}",1,0.4,,{},0,0.0,0.0,0,96,0,0.0,0.0,N/A,157.55,90.63,Band C,96.0,96,13,13,0,24,0,0,8,96
FC-001,Cleaning & Household Supplies,Vibhava Marketing Corporation,FC-Alpha,SKU-00879,"Monkey 555 Stainless Steel Scrubber, 12Pcs Sheet",Scrubbers,7,12,4,VND-041,VIBHAVA MARKETING CORPORATION OD,40000,VALUE,30,24,1.0,1955.0,0,"{""sellable"": null, ""contingency"": null, ""pending_putaway"": null, ""under_transfer"": null}",0,0.187,,{},0,0.0,0.0,0,0,0,0.0,0.0,N/A,161.19,65.41,,0.0,0,16,0,0,30,1,0,0,0
FC-001,Cleaning & Household Supplies,Vibhava Marketing Corporation,FC-Alpha,SKU-01044,"Monkey 555 Grass Broom, 1Pc Pack",Brooms,7,9,4,VND-041,VIBHAVA MARKETING CORPORATION OD,40000,VALUE,120,60,2.0,7898.0,36,"{""sellable"": 36.0, ""contingency"": null, ""pending_putaway"": null, ""under_transfer"": null}",0,0.351,,{},0,0.0,0.0,0,0,0,0.0,0.0,N/A,103.79,61.98,Band B,0.0,36,13,0,0,84,1,0,0,36
FC-001,Cleaning & Household Supplies,Vibhava Marketing Corporation,FC-Alpha,SKU-01052,"Black Belt Strong Bleaching Powder, 200g Pack",Cleaning Supplies,7,12,4,VND-041,VIBHAVA MARKETING CORPORATION OD,40000,VALUE,100,100,1.0,1066.0,0,"{""sellable"": null, ""contingency"": null, ""pending_putaway"": null, ""under_transfer"": null}",8,0.203,,{},0,0.0,0.0,100,12,1,974.0,0.0203,FAIL,18.49,9.74,Band C,0.0,0,16,128,128,100,1,2,42,100
FC-001,Cleaning & Household Supplies,Vibhava Marketing Corporation,FC-Alpha,SKU-01060,"Monkey 555 International Steel Grass Broom, 1Pc Pack",Brooms,7,9,4,VND-041,VIBHAVA MARKETING CORPORATION OD,40000,VALUE,60,60,1.0,6182.0,49,"{""sellable"": 49.0, ""contingency"": null, ""pending_putaway"": null, ""under_transfer"": null}",0,0.431,,{},0,0.0,0.0,0,0,0,0.0,0.0,N/A,187.81,88.6,Band C,0.0,49,13,0,0,11,0,0,0,49
FC-001,Home Care,Vibhava Marketing Corporation,FC-Alpha,SKU-00154,"Monkey VVV Wonder Wash Detergent Powder, 1Kg Pack",Laundry Detergents,7,27,5,VND-041,VIBHAVA MARKETING CORPORATION OD,40000,VALUE,50,18,3.0,3472.0,50,"{""sellable"": 50.0, ""contingency"": null, ""pending_putaway"": null, ""under_transfer"": null}",0,1.0,,{},0,0.0,0.0,0,0,0,0.0,0.0,N/A,77.5,66.16,,0.0,50,32,0,0,0,0,0,0,50
FC-001,Home Care,Vibhava Marketing Corporation,FC-Alpha,SKU-00872,"Monkey VVV Wonder Wash Detergent Cake (Blue), 180g Pack",Laundry Detergents,7,27,5,VND-041,VIBHAVA MARKETING CORPORATION OD,40000,VALUE,60,30,2.0,444.0,9,"{""sellable"": 9.0, ""contingency"": null, ""pending_putaway"": null, ""under_transfer"": null}",0,0.18,,{},0,0.0,0.0,0,0,0,0.0,0.0,N/A,10.29,6.9,,0.0,9,32,0,0,51,1,0,0,9
FC-001,Home Care,Vibhava Marketing Corporation,FC-Alpha,SKU-00988,"Monkey VVV Dishwash Round, 250g Tub",Dishwash,7,12,4,VND-041,VIBHAVA MARKETING CORPORATION OD,40000,VALUE,72,72,1.0,1317.0,0,"{""sellable"": null, ""contingency"": null, ""pending_putaway"": null, ""under_transfer"": null}",0,0.25,,{},0,0.0,0.0,0,0,0,0.0,0.0,N/A,29.41,20.85,,0.0,0,16,0,0,72,1,0,0,0
FC-001,Personal Care,Marico,FC-Alpha,SKU-00529,"Set Wet Styling Gel, Casual Cool, 10ml Sachet",Hair Gel and Cream,3,23,5,VND-053,MARICO LIMITED - Region Epsilon,10000,CASES,960,480,2.0,8154.763637,420,"{""sellable"": 420.0, ""contingency"": null, ""pending_putaway"": null, ""under_transfer"": null}",5,0.013,,{},0,0.0,0.0,480,180,1,4617.6,0.0062,FAIL,10.43,9.62,Band C,84.0,420,28,140,0,540,1,0,10000,900
FC-001,Personal Care,Marico,FC-Alpha,SKU-00530,"Set Wet Styling Gel, Party Shine, 10ml Sachet",Hair Gel and Cream,3,23,5,VND-053,MARICO LIMITED - Region Epsilon,10000,CASES,960,480,2.0,8154.763637,634,"{""sellable"": 634.0, ""contingency"": null, ""pending_putaway"": null, ""under_transfer"": null}",4,0.01,,{},0,0.0,0.0,0,158,0,0.0,0.0,N/A,10.08,9.22,Band C,158.5,634,28,112,0,326,0,0,10000,634
FC-001,Personal Care,Marico,FC-Alpha,SKU-00532,"Parachute Advansed Jasmine Hair Oil, 190ml Bottle",Hair Oil,3,25,5,VND-053,MARICO LIMITED - Region Epsilon,10000,CASES,144,72,2.0,11250.11782,2,"{""sellable"": 2.0, ""contingency"": null, ""pending_putaway"": null, ""under_transfer"": null}",1,0.19,,{},0,0.0,0.0,72,74,1,6454.8,0.0137,FAIL,95.18,89.65,Band B,2.0,2,30,30,28,142,1,1,10000,74
FC-001,Personal Care,Marico,FC-Alpha,SKU-00533,"Set Wet Styling Gel, Shine Everyday, 10ml Sachet",Hair Gel and Cream,3,23,5,VND-053,MARICO LIMITED - Region Epsilon,10000,CASES,960,480,2.0,8154.763637,667,"{""sellable"": 667.0, ""contingency"": null, ""pending_putaway"": null, ""under_transfer"": null}",4,0.01,,{},0,0.0,0.0,0,166,0,0.0,0.0,N/A,8.74,8.6,Band C,166.75,667,28,112,0,293,0,0,10000,667
FC-001,Personal Care,Marico,FC-Alpha,SKU-00534,"Parachute Advansed Jasmine Hair Oil, 90ml Bottle",Hair Oil,3,25,5,VND-053,MARICO LIMITED - Region Epsilon,10000,CASES,288,144,2.0,10873.152,0,"{""sellable"": null, ""contingency"": null, ""pending_putaway"": null, ""under_transfer"": null}",0,0.089,,{},0,0.0,0.0,0,0,0,0.0,0.0,N/A,49.44,42.99,Band B,0.0,0,30,0,0,288,2,0,0,0
FC-001,Personal Care,Marico,FC-Alpha,SKU-01003,"Parachute Advansed Jasmine Hair Oil, 400ml Bottle",Hair Oil,3,23,5,VND-053,MARICO LIMITED - Region Epsilon,10000,CASES,24,24,1.0,4972.477092,3,"{""sellable"": 3.0, ""contingency"": null, ""pending_putaway"": null, ""under_transfer"": null}",1,0.368,,{},0,0.0,0.0,0,3,0,0.0,0.0,N/A,216.12,188.28,Band C,3.0,3,28,28,25,21,0,2,10000,3
FC-001,Personal Care,Procter & Gamble,FC-Alpha,SKU-00313,"Head & Shoulders Anti-Dandruff Shampoo, Basic Smooth, 5ml Sachet",Shampoo,2,27,4,VND-057,P&G (Kalawati Enterprises Pvt Limited- Bihar),120000,VALUE,2880,960,3.0,4177.716097,2784,"{""sellable"": 2304.0, ""contingency"": 384.0, ""pending_putaway"": 96.0, ""under_transfer"": 384.0}",325,0.007,,{},0,0.0,0.0,0,8,0,0.0,0.0,N/A,2.29,1.29,Band B,8.566153846153846,2784,31,10075,7291,96,0,8,97,2784
FC-001,Personal Care,Procter & Gamble,FC-Alpha,SKU-00728,"Whisper Choice Sanitary Pads With Wings 20% Wider, XL, 6Pcs Pack",Sanitary Pad,2,27,4,VND-057,P&G (Kalawati Enterprises Pvt Limited- Bihar),120000,VALUE,420,60,7.0,14826.6845,166,"{""sellable"": 166.0, ""contingency"": null, ""pending_putaway"": null, ""under_transfer"": null}",40,0.056,,"{""open_po_1"": {""promise_date"": null, ""orderedquantity"": 240.0, ""order_item_amount"": 8472.0, ""open_po_cases"": 4.0, ""mrp"": 45.0, ""price_per_unit"": 35.3, ""order_id"": ""PO-00048"", ""po_raising_drr"": 40.0, ""po_raising_total_space"": 420.0, ""po_raising_final_available_space"": 308.0, ""order_date"": ""2026-03-16""}, ""open_po_2"": {""promise_date"": null, ""orderedquantity"": 120.0, ""order_item_amount"": 4236.0, ""open_po_cases"": 2.0, ""mrp"": 45.0, ""price_per_unit"": 35.3, ""order_id"": ""PO-00047"", ""po_raising_drr"": 40.0, ""po_raising_total_space"": 420.0, ""po_raising_final_available_space"": 68.0, ""order_date"": ""2026-03-16""}}",360,12708.0,6.0,0,13,0,0.0,0.0,N/A,42.8,36.6,Band A,4.15,526,31,1240,714,0,0,12,55,526
FC-001,Personal Care,Procter & Gamble,FC-Alpha,SKU-00740,"Head & Shoulders Anti-Dandruff Shampoo, Basic Cool, 5ml Sachet",Shampoo,2,27,4,VND-057,P&G (Kalawati Enterprises Pvt Limited- Bihar),120000,VALUE,4800,960,5.0,6962.860162,392,"{""sellable"": 392.0, ""contingency"": null, ""pending_putaway"": null, ""under_transfer"": null}",893,0.0055,,"{""open_po_1"": {""promise_date"": null, ""orderedquantity"": 960.0, ""order_item_amount"": 1392.0, ""open_po_cases"": 1.0, ""mrp"": 2.0, ""price_per_unit"": 1.45, ""order_id"": ""PO-00047"", ""po_raising_drr"": 893.0, ""po_raising_total_space"": 4800.0, ""po_raising_final_available_space"": 960.0, ""order_date"": ""2026-03-16""}}",960,1392.0,1.0,2880,4,3,4521.6,0.0158,FAIL,1.81,1.57,Band B,0.43896976483762595,1352,31,27683,26331,3448,3,28,80,4232
FC-001,Personal Care,Procter & Gamble,FC-Alpha,SKU-00799,"Gillette Guard Shaving Razor Cartridge, Platinum Coated, 1Pc Pack",Razor Blade,2,27,4,VND-057,P&G (Kalawati Enterprises Pvt Limited- Bihar),120000,VALUE,4800,2400,2.0,51695.616,5693,"{""sellable"": 3703.0, ""contingency"": 1960.0, ""pending_putaway"": 20.0, ""under_transfer"": 630.0}",276,0.0024,,{},0,0.0,0.0,0,20,0,0.0,0.0,N/A,15.22,11.02,Band A,20.6268115942029,5693,31,8556,2863,0,0,2,5,5693
FC-001,Personal Care,Procter & Gamble,FC-Alpha,SKU-00800,"Gillette Guard Shaving Razor, 1Pc Pack",Shaving Razors,2,27,4,VND-057,P&G (Kalawati Enterprises Pvt Limited- Bihar),120000,VALUE,1080,540,2.0,23019.93666,330,"{""sellable"": 330.0, ""contingency"": null, ""pending_putaway"": null, ""under_transfer"": null}",153,0.01,,"{""open_po_1"": {""promise_date"": null, ""orderedquantity"": 540.0, ""order_item_amount"": 11507.4, ""open_po_cases"": 1.0, ""mrp"": 28.0, ""price_per_unit"": 21.31, ""order_id"": ""PO-00047"", ""po_raising_drr"": 153.0, ""po_raising_total_space"": 1080.0, ""po_raising_final_available_space"": 346.0, ""order_date"": ""2026-03-16""}}",540,11507.4,1.0,0,5,0,0.0,0.0,N/A,29.33,19.05,Band A,2.156862745098039,870,31,4743,3873,210,0,8,12,870
FC-001,Personal Care,Procter & Gamble,FC-Alpha,SKU-00801,"Gillette Shaving Cream, Regular, 30g Box","Shaving Creams, Gel and Foams",2,27,4,VND-057,P&G (Kalawati Enterprises Pvt Limited- Bihar),120000,VALUE,288,144,2.0,9890.742856,278,"{""sellable"": 268.0, ""contingency"": null, ""pending_putaway"": 6.0, ""under_transfer"": null}",6,0.045,,{},0,0.0,0.0,0,46,0,0.0,0.0,N/A,39.98,37.55,Band B,46.333333333333336,278,31,186,0,10,0,0,23,278
FC-001,Personal Care,Procter & Gamble,FC-Alpha,SKU-00802,"Whisper Choice Ultra Sanitary Pads With Wings, XL, 6Pcs Pack",Sanitary Pad,2,27,4,VND-057,P&G (Kalawati Enterprises Pvt Limited- Bihar),120000,VALUE,256,64,4.0,10041.35247,169,"{""sellable"": 151.0, ""contingency"": null, ""pending_putaway"": 4.0, ""under_transfer"": null}",19,0.038,18/03/26,"{""open_po_1"": {""promise_date"": ""2026-03-18"", ""orderedquantity"": 64.0, ""order_item_amount"": 2510.08, ""open_po_cases"": 1.0, ""mrp"": 50.0, ""price_per_unit"": 39.22, ""order_id"": ""PO-00047"", ""po_raising_drr"": 19.0, ""po_raising_total_space"": 256.0, ""po_raising_final_available_space"": 45.0, ""order_date"": ""2026-03-16""}}",64,2510.08,1.0,0,12,0,0.0,0.0,N/A,50.83,40.82,Band A,8.894736842105264,233,31,589,356,23,0,6,46,233
FC-001,Personal Care,Procter & Gamble,FC-Alpha,SKU-00807,"Head & Shoulders Anti-Dandruff Shampoo, Daily Clean, 5ml Sachet",Shampoo,2,27,4,VND-057,P&G (Kalawati Enterprises Pvt Limited- Bihar),120000,VALUE,25920,960,27.0,37599.44487,13952,"{""sellable"": 13920.0, ""contingency"": null, ""pending_putaway"": 32.0, ""under_transfer"": null}",2819,0.006,,{},0,0.0,0.0,11520,9,12,16128.0,0.0691,FAIL,2.13,1.4,Band A,4.949272791770131,13952,31,87389,73437,11968,12,77,90,25472
FC-001,Personal Care,Procter & Gamble,FC-Alpha,SKU-00808,"Gillette Wilkinson Saloon Sword Blades, 50Pcs Box",Saloon Blades,2,27,4,VND-057,P&G (Kalawati Enterprises Pvt Limited- Bihar),120000,VALUE,320,160,2.0,31694.56843,303,"{""sellable"": 303.0, ""contingency"": null, ""pending_putaway"": null, ""under_transfer"": null}",15,0.048,,{},0,0.0,0.0,0,20,0,0.0,0.0,N/A,137.78,104.22,Band A,20.2,303,31,465,162,17,0,2,8,303
FC-001,Personal Care,Procter & Gamble,FC-Alpha,SKU-00811,"Whisper Choice Sanitary Pads With Wings, Regular, 6Pcs Pack",Sanitary Pad,2,27,4,VND-057,P&G (Kalawati Enterprises Pvt Limited- Bihar),120000,VALUE,240,120,2.0,7120.928304,194,"{""sellable"": 178.0, ""contingency"": 16.0, ""pending_putaway"": null, ""under_transfer"": 16.0}",13,0.04,,{},0,0.0,0.0,0,14,0,0.0,0.0,N/A,42.51,27.53,Band B,14.923076923076923,194,31,403,209,46,0,2,37,194
FC-001,Personal Care,Procter & Gamble,FC-Alpha,SKU-00871,"Whisper Choice Cottony Soft Sanitary Pads with Wings, Regular, 6Pcs Pack",Sanitary Pad,2,27,4,VND-057,P&G (Kalawati Enterprises Pvt Limited- Bihar),120000,VALUE,240,120,2.0,10459.45946,76,"{""sellable"": 76.0, ""contingency"": null, ""pending_putaway"": null, ""under_transfer"": null}",1,0.043,,{},0,0.0,0.0,120,196,1,4987.2,0.0052,FAIL,57.12,41.56,Band C,76.0,76,31,31,0,164,1,0,25,196
FC-001,Personal Care,Ranjana Cosmo Chem Pvt. Ltd.,FC-Alpha,SKU-00021,"My Fragrance Women Natural Spray, 60ml Bottle",Deodorants,4,12,4,VND-019,RANJANA COSMO CHEM PRIVATE LIMITED -UP,200000,VALUE,96,48,2.0,13620.48,0,"{""sellable"": null, ""contingency"": null, ""pending_putaway"": null, ""under_transfer"": null}",0,0.0,,{},0,0.0,0.0,0,0,0,0.0,0.0,N/A,364.74,159.65,,0.0,0,16,0,0,96,2,0,0,0
FC-001,Personal Care,Ranjana Cosmo Chem Pvt. Ltd.,FC-Alpha,SKU-00022,"My Fragrance Men Natural Spray, 60ml Bottle",Deodorants,4,12,4,VND-019,RANJANA COSMO CHEM PRIVATE LIMITED -UP,200000,VALUE,96,48,2.0,13620.48,0,"{""sellable"": null, ""contingency"": null, ""pending_putaway"": null, ""under_transfer"": null}",0,0.0,,{},0,0.0,0.0,0,0,0,0.0,0.0,N/A,317.54,132.96,,0.0,0,16,0,0,96,2,0,0,0
FC-001,Personal Care,Ranjana Cosmo Chem Pvt. Ltd.,FC-Alpha,SKU-00034,"My Fragrance Premium Deo Talc Powder, Royal, 100g Bottle",Talc Powder,4,12,4,VND-019,RANJANA COSMO CHEM PRIVATE LIMITED -UP,200000,VALUE,200,100,2.0,14806.0,0,"{""sellable"": null, ""contingency"": null, ""pending_putaway"": null, ""under_transfer"": null}",0,0.0,23/03/26,"{""open_po_1"": {""promise_date"": ""2026-03-23"", ""orderedquantity"": 100.0, ""order_item_amount"": 7403.0, ""open_po_cases"": 1.0, ""mrp"": 99.0, ""price_per_unit"": 74.03, ""order_id"": ""PO-00033"", ""po_raising_drr"": 0.0, ""po_raising_total_space"": 200.0, ""po_raising_final_available_space"": 200.0, ""order_date"": ""2026-03-12""}}",100,7403.0,1.0,0,0,0,0.0,0.0,N/A,104.35,73.36,,0.0,100,16,0,0,100,1,0,0,100
FC-001,Personal Care,Ranjana Cosmo Chem Pvt. Ltd.,FC-Alpha,SKU-00035,"My Fragrance Premium Deo Talc Powder, Code, 100g Bottle",Talc Powder,4,12,4,VND-019,RANJANA COSMO CHEM PRIVATE LIMITED -UP,200000,VALUE,200,100,2.0,11442.0,0,"{""sellable"": null, ""contingency"": null, ""pending_putaway"": null, ""under_transfer"": null}",0,0.0,23/03/26,"{""open_po_1"": {""promise_date"": ""2026-03-23"", ""orderedquantity"": 100.0, ""order_item_amount"": 5721.0, ""open_po_cases"": 1.0, ""mrp"": 99.0, ""price_per_unit"": 57.21, ""order_id"": ""PO-00033"", ""po_raising_drr"": 0.0, ""po_raising_total_space"": 200.0, ""po_raising_final_available_space"": 200.0, ""order_date"": ""2026-03-12""}}",100,5721.0,1.0,0,0,0,0.0,0.0,N/A,86.29,63.91,,0.0,100,16,0,0,100,1,0,0,100
FC-001,Personal Care,Reckitt Benckiser Group plc,FC-Alpha,SKU-00151,"Dettol Original Bathing Bar, 400g Combo Pack (4Pcs x 100g)",Soaps,6,26,5,VND-038,RECKITT BENCKISER INDIA Private Limited - Region Alpha,10000,CASES,168,42,4.0,23478.0,13,"{""sellable"": 13.0, ""contingency"": null, ""pending_putaway"": null, ""under_transfer"": null}",8,0.398,,{},0,0.0,0.0,126,17,3,18705.96,0.0501,FAIL,170.73,148.46,Band A,1.625,13,31,248,235,155,3,6,10000,139
FC-001,Personal Care,Reckitt Benckiser Group plc,FC-Alpha,SKU-00153,"Dettol Lime Cool 2x Menthol Bathing Bar, 40g Pack",Soaps,6,10,4,VND-038,RECKITT BENCKISER INDIA Private Limited - Region Alpha,10000,CASES,4800,400,12.0,43000.0,0,"{""sellable"": null, ""contingency"": null, ""pending_putaway"": null, ""under_transfer"": null}",0,0.0,,{},0,0.0,0.0,0,0,0,0.0,0.0,N/A,9.27,7.78,,0.0,0,14,0,0,4800,12,0,0,0
FC-001,Personal Care,Reckitt Benckiser Group plc,FC-Alpha,SKU-00292,"Dettol Skincare Handwash, 200ml Bottle",Hand Wash,6,26,5,VND-038,RECKITT BENCKISER INDIA Private Limited - Region Alpha,10000,CASES,96,24,4.0,8359.2,4,"{""sellable"": 4.0, ""contingency"": null, ""pending_putaway"": null, ""under_transfer"": null}",3,0.429,,{},0,0.0,0.0,72,25,3,5606.64,0.0309,FAIL,97.89,77.87,Band B,1.3333333333333333,4,31,93,89,92,3,4,10000,76
FC-001,Personal Care,Reckitt Benckiser Group plc,FC-Alpha,SKU-00393,"Dettol Original Bathing Bar, 40g Pack",Soaps,2,15,4,VND-005,SRI SAI TRADERS - Region Alpha,80000,VALUE,4320,400,10.8,38491.2,6,"{""sellable"": 6.0, ""contingency"": null, ""pending_putaway"": null, ""under_transfer"": null}",101,0.045,,"{""open_po_1"": {""promise_date"": null, ""orderedquantity"": 1600.0, ""order_item_amount"": 14256.0, ""open_po_cases"": 4.0, ""mrp"": 10.0, ""price_per_unit"": 8.91, ""order_id"": ""PO-00039"", ""po_raising_drr"": 101.0, ""po_raising_total_space"": 4320.0, ""po_raising_final_available_space"": 4320.0, ""order_date"": ""2026-03-16""}}",1600,14256.0,4.0,2400,39,6,18216.0,0.108,FAIL,11.1,7.59,Band A,0.0594059405940594,1606,19,1919,313,2714,6,1,27,4006
FC-001,Personal Care,Reckitt Benckiser Group plc,FC-Alpha,SKU-00393,"Dettol Original Bathing Bar, 40g Pack",Soaps,6,15,4,VND-038,RECKITT BENCKISER INDIA Private Limited - Region Alpha,10000,CASES,4320,400,10.8,38700.0,6,"{""sellable"": 6.0, ""contingency"": null, ""pending_putaway"": null, ""under_transfer"": null}",101,0.045,,{},1600,0.0,0.0,2400,39,6,22344.0,0.108,FAIL,10.68,9.31,Band A,0.0594059405940594,1606,19,1919,313,2714,6,1,10000,4006
FC-001,Personal Care,Reckitt Benckiser Group plc,FC-Alpha,SKU-00608,"Dettol Instant Hand Sanitizer, Original, 50ml Bottle",Hand Sanitizer,6,26,5,VND-038,RECKITT BENCKISER INDIA Private Limited - Region Alpha,10000,CASES,1248,96,13.0,38418.54546,1194,"{""sellable"": 1194.0, ""contingency"": null, ""pending_putaway"": null, ""under_transfer"": null}",2,0.058,,{},0,0.0,0.0,0,597,0,0.0,0.0,N/A,37.55,30.3,Band C,597.0,1194,31,62,0,54,0,0,10000,1194
FC-001,Personal Care,Reckitt Benckiser Group plc,FC-Alpha,SKU-00657,"Dettol Original Handwash, 200ml Bottle",Hand Wash,6,26,5,VND-038,RECKITT BENCKISER INDIA Private Limited - Region Alpha,10000,CASES,240,24,10.0,20898.0,2,"{""sellable"": null, ""contingency"": null, ""pending_putaway"": null, ""under_transfer"": null}",1,0.22,,{},0,0.0,0.0,216,218,9,16746.48,0.0475,FAIL,96.79,77.53,Band B,2.0,2,31,31,29,238,9,2,10000,218
FC-001,Personal Care,Reckitt Benckiser Group plc,FC-Alpha,SKU-00674,"Dettol Original Handwash, 175ml Standup Pouch",Hand Wash,6,11,4,VND-038,RECKITT BENCKISER INDIA Private Limited - Region Alpha,10000,CASES,240,60,4.0,10554.54546,10,"{""sellable"": null, ""contingency"": null, ""pending_putaway"": 10.0, ""under_transfer"": null}",2,0.185,,{},0,0.0,0.0,180,95,3,9003.6,0.0333,FAIL,57.52,50.02,Band C,5.0,10,15,30,20,230,3,1,10000,190
FC-001,Personal Care,Reckitt Benckiser Group plc,FC-Alpha,SKU-00675,"Dettol Skincare pH-Balanced Hand Wash, 175ml Standup Pouch",Hand Wash,6,26,5,VND-038,RECKITT BENCKISER INDIA Private Limited - Region Alpha,10000,CASES,360,60,6.0,15831.81818,256,"{""sellable"": 256.0, ""contingency"": null, ""pending_putaway"": null, ""under_transfer"": null}",3,0.186,,{},0,0.0,0.0,60,105,1,2662.2,0.0112,FAIL,48.07,44.37,Band C,85.33333333333333,256,31,93,0,104,1,0,10000,316
FC-001,Personal Care,Reckitt Benckiser Group plc,FC-Alpha,SKU-00676,"Dettol Original Bathing Bar, 150g Pack",Soaps,6,11,4,VND-038,RECKITT BENCKISER INDIA Private Limited - Region Alpha,10000,CASES,375,125,3.0,22507.8125,577,"{""sellable"": 370.0, ""contingency"": 207.0, ""pending_putaway"": null, ""under_transfer"": 2.0}",8,0.127,,{},0,0.0,0.0,0,72,0,0.0,0.0,N/A,76.8,55.37,Band B,72.125,577,15,120,0,0,0,0,10000,577
FC-001,Personal Care,Reckitt Benckiser Group plc,FC-Alpha,SKU-00677,"Dettol Original Bathing Bar, 100g Pack",Soaps,6,26,5,VND-038,RECKITT BENCKISER INDIA Private Limited - Region Alpha,10000,CASES,360,180,2.0,12900.0,4,"{""sellable"": null, ""contingency"": null, ""pending_putaway"": null, ""under_transfer"": null}",0,0.1,,{},0,0.0,0.0,0,0,0,0.0,0.0,N/A,41.22,35.84,Band C,0.0,4,31,0,0,356,1,0,0,4
FC-001,Personal Care,Reckitt Benckiser Group plc,FC-Alpha,SKU-00678,"Dettol Icy Cool 2X Menthol Bathing Bar, 150g Pack",Soaps,6,26,5,VND-038,RECKITT BENCKISER INDIA Private Limited - Region Alpha,10000,CASES,625,125,5.0,35833.33333,696,"{""sellable"": 696.0, ""contingency"": null, ""pending_putaway"": null, ""under_transfer"": null}",1,0.127,,{},0,0.0,0.0,0,696,0,0.0,0.0,N/A,71.05,60.42,Band C,696.0,696,31,31,0,0,0,0,10000,696
FC-001,Personal Care,Reckitt Benckiser Group plc,FC-Alpha,SKU-00679,"Dettol Icy Cool 2X Menthol Bathing Bar, 100g Pack",Soaps,6,11,4,VND-038,RECKITT BENCKISER INDIA Private Limited - Region Alpha,10000,CASES,1080,180,6.0,38700.0,1524,"{""sellable"": 1223.0, ""contingency"": 301.0, ""pending_putaway"": null, ""under_transfer"": null}",35,0.103,,{},0,0.0,0.0,0,43,0,0.0,0.0,N/A,40.94,31.27,Band A,43.542857142857144,1524,15,525,0,0,0,0,10000,1524
FC-001,Personal Care,Tyche International,FC-Alpha,SKU-00046,"Ugen Pocket Perfume, Assorted, 12Pcs Pack",Deodorants,4,26,5,VND-021,TYCHE INTERNATIONAL MH,110000,VALUE,456,12,38.0,98496.0,448,"{""sellable"": 448.0, ""contingency"": null, ""pending_putaway"": null, ""under_transfer"": null}",0,0.012,,{},0,0.0,0.0,0,0,0,0.0,0.0,N/A,883.43,201.4,Band B,0.0,448,31,0,0,8,0,0,0,448
FC-001,Personal Care,Vicco Laboratories,FC-Alpha,SKU-00265,"Vicco Turmeric Skin Cream, 15g Tube",Face Cream,2,21,16,VND-008,SHASHANK ENTERPRISES - Region Alpha,30000,VALUE,720,360,2.0,47318.4,357,"{""sellable"": 357.0, ""contingency"": null, ""pending_putaway"": null, ""under_transfer"": null}",5,0.015,,{},0,0.0,0.0,360,143,1,25837.2,0.0054,FAIL,83.27,71.77,Band B,71.4,357,37,185,0,363,1,0,2,717
FC-001,Health Care,Zydus Wellness Products Ltd.,FC-Alpha,SKU-00351,"Sugar Free Natura Low Calorie Sugar Substitute, 25Pcs Box",Diabetes Care,3,8,4,VND-058,ZYDUS WELLNESS PRODUCTS LIMITED - Region Epsilon,60000,VALUE,40,40,1.0,1428.0,3,"{""sellable"": 3.0, ""contingency"": null, ""pending_putaway"": null, ""under_transfer"": null}",0,0.045,,{},0,0.0,0.0,0,0,0,0.0,0.0,N/A,41.01,33.66,,0.0,3,12,0,0,37,0,0,0,3
FC-001,Health Care,Zydus Wellness Products Ltd.,FC-Alpha,SKU-00369,"Sugar Free Gold, 25Pcs Box",Diabetes Care,3,7,4,VND-058,ZYDUS WELLNESS PRODUCTS LIMITED - Region Epsilon,60000,VALUE,416,40,10.0,14851.0,0,"{""sellable"": null, ""contingency"": null, ""pending_putaway"": null, ""under_transfer"": null}",0,0.039,17/03/26,"{""open_po_1"": {""promise_date"": ""2026-03-17"", ""orderedquantity"": 80.0, ""order_item_amount"": 2856.0, ""open_po_cases"": 2.0, ""mrp"": 42.0, ""price_per_unit"": 35.7, ""order_id"": ""PO-00019"", ""po_raising_drr"": 0.0, ""po_raising_total_space"": 416.0, ""po_raising_final_available_space"": 416.0, ""order_date"": ""2026-03-13""}}",80,2856.0,2.0,0,0,0,0.0,0.0,N/A,46.95,39.17,,0.0,80,11,0,0,336,8,0,0,80
FC-001,Health Care,Zydus Wellness Products Ltd.,FC-Alpha,SKU-00916,"Sugar Free Gold Low Calorie Sweetner 100 Pellets, 10g Pack",Diabetes Care,3,7,4,VND-058,ZYDUS WELLNESS PRODUCTS LIMITED - Region Epsilon,60000,VALUE,648,208,3.0,41310.0,97,"{""sellable"": 97.0, ""contingency"": null, ""pending_putaway"": null, ""under_transfer"": null}",2,0.024,,{},0,0.0,0.0,416,256,2,30139.2,0.01,FAIL,82.14,72.45,Band C,48.5,97,11,22,0,551,2,0,4,513
FC-001,Personal Care,Zydus Wellness Products Ltd.,FC-Alpha,SKU-00479,"Everyuth Naturals Natural Glow Orange Peel Off Mask, 50g Tube",Facial Mask/Pack,3,29,5,VND-058,ZYDUS WELLNESS PRODUCTS LIMITED - Region Epsilon,60000,VALUE,576,288,2.0,45964.8,508,"{""sellable"": 508.0, ""contingency"": null, ""pending_putaway"": null, ""under_transfer"": null}",1,0.05,,{},0,0.0,0.0,0,508,0,0.0,0.0,N/A,92.77,68.88,Band C,508.0,508,34,34,0,68,0,0,4,508
FC-001,Personal Care,Zydus Wellness Products Ltd.,FC-Alpha,SKU-00480,"Everyuth Naturals Exfoliating Walnut Scrub, 25g Tube",Face Scrubs,3,8,4,VND-058,ZYDUS WELLNESS PRODUCTS LIMITED - Region Epsilon,60000,VALUE,336,384,0.875,16652.16,265,"{""sellable"": 265.0, ""contingency"": null, ""pending_putaway"": null, ""under_transfer"": null}",3,0.035,,{},0,0.0,0.0,0,88,0,0.0,0.0,N/A,55.05,44.59,Band C,88.33333333333333,265,12,36,0,71,0,0,4,265
FC-001,Personal Care,Zydus Wellness Products Ltd.,FC-Alpha,SKU-00481,"Everyuth Naturals Exfoliating Walnut Scrub, 50g Tube",Face Scrubs,3,8,4,VND-058,ZYDUS WELLNESS PRODUCTS LIMITED - Region Epsilon,60000,VALUE,36,288,0.125,2993.76,567,"{""sellable"": 27.0, ""contingency"": 540.0, ""pending_putaway"": null, ""under_transfer"": null}",1,0.065,,{},0,0.0,0.0,0,567,0,0.0,0.0,N/A,101.74,81.8,Band C,567.0,567,12,12,0,0,0,0,3,567
FC-001,Personal Care,Zydus Wellness Products Ltd.,FC-Alpha,SKU-00990,"Everyuth Naturals Natural Glow Orange Peel Off Mask, 8g Pack",Facial Mask/Pack,3,29,5,VND-058,ZYDUS WELLNESS PRODUCTS LIMITED - Region Epsilon,60000,VALUE,2080,1040,2.0,24460.8,0,"{""sellable"": null, ""contingency"": null, ""pending_putaway"": null, ""under_transfer"": null}",0,0.0,17/03/26,"{""open_po_1"": {""promise_date"": ""2026-03-17"", ""orderedquantity"": 1040.0, ""order_item_amount"": 12230.4, ""open_po_cases"": 1.0, ""mrp"": 14.0, ""price_per_unit"": 11.76, ""order_id"": ""PO-00019"", ""po_raising_drr"": 0.0, ""po_raising_total_space"": 2080.0, ""po_raising_final_available_space"": 2080.0, ""order_date"": ""2026-03-13""}}",1040,12230.4,1.0,0,0,0,0.0,0.0,N/A,15.73,10.73,,0.0,1040,34,0,0,1040,1,0,0,1040
FC-001,Rice and Rice products,Dnv Food Products Pvt Ltd,FC-Alpha,SKU-01017,"DNV Sabudana Whole, 45g Pack",Sabudana/ Sago,8,15,4,VND-055,DNV FOOD PRODUCTS PVT LTD,30000,VALUE,1200,600,2.0,7080.0,204,"{""sellable"": 204.0, ""contingency"": null, ""pending_putaway"": null, ""under_transfer"": null}",19,0.05,,{},0,0.0,0.0,600,42,1,3060.0,0.03,FAIL,9.13,5.1,Band C,10.736842105263158,204,19,361,157,996,1,1,10,804
FC-001,Salt,Tata Consumer Products,FC-Alpha,SKU-00593,"Tata Salt Lite, 1Kg Pack",Salt,3,15,4,VND-003,TATA CONSUMER PRODUCTS LIMITED - Region Epsilon,200000,VALUE,200,50,4.0,7474.0,101,"{""sellable"": 1.0, ""contingency"": null, ""pending_putaway"": 100.0, ""under_transfer"": null}",10,1.0,16/03/26,"{""open_po_1"": {""promise_date"": ""2026-03-16"", ""orderedquantity"": 50.0, ""order_item_amount"": 1868.5, ""open_po_cases"": 1.0, ""mrp"": 50.0, ""price_per_unit"": 37.37, ""order_id"": ""PO-00012"", ""po_raising_drr"": 9.0, ""po_raising_total_space"": 200.0, ""po_raising_final_available_space"": 182.0, ""order_date"": ""2026-03-13""}, ""open_po_2"": {""promise_date"": ""2026-03-16"", ""orderedquantity"": 50.0, ""order_item_amount"": 1868.5, ""open_po_cases"": 1.0, ""mrp"": 50.0, ""price_per_unit"": 37.37, ""order_id"": ""PO-00011"", ""po_raising_drr"": 9.0, ""po_raising_total_space"": 200.0, ""po_raising_final_available_space"": 132.0, ""order_date"": ""2026-03-13""}}",100,3737.0,2.0,0,20,0,0.0,0.0,N/A,51.84,41.22,Band B,10.1,201,19,190,0,0,0,0,98,201
FC-001,Salt,Tata Consumer Products,FC-Alpha,SKU-00594,"Tata Salt Powdered Salt, 1Kg Pack",Salt,3,17,4,VND-003,TATA CONSUMER PRODUCTS LIMITED - Region Epsilon,200000,VALUE,6000,50,120.0,141780.0,2800,"{""sellable"": 2700.0, ""contingency"": null, ""pending_putaway"": 100.0, ""under_transfer"": null}",592,1.0,16/03/26,"{""open_po_1"": {""promise_date"": ""2026-03-16"", ""orderedquantity"": 2450.0, ""order_item_amount"": 57893.5, ""open_po_cases"": 49.0, ""mrp"": 30.0, ""price_per_unit"": 23.63, ""order_id"": ""PO-00012"", ""po_raising_drr"": 667.0, ""po_raising_total_space"": 6000.0, ""po_raising_final_available_space"": 2436.0, ""order_date"": ""2026-03-13""}}",2450,57893.5,49.0,750,10,15,20280.0,0.75,FAIL,31.18,27.04,Band A,4.72972972972973,5250,21,12432,7182,750,15,144,148,6000
FC-001,Salt,Tata Consumer Products,FC-Alpha,SKU-00874,"Tata Salt Pink Salt, 1Kg Pack",Salt,3,15,4,VND-003,TATA CONSUMER PRODUCTS LIMITED - Region Epsilon,200000,VALUE,36,12,3.0,1977.84,21,"{""sellable"": 18.0, ""contingency"": null, ""pending_putaway"": null, ""under_transfer"": null}",3,1.0,16/03/26,"{""open_po_1"": {""promise_date"": ""2026-03-16"", ""orderedquantity"": 12.0, ""order_item_amount"": 659.28, ""open_po_cases"": 1.0, ""mrp"": 80.0, ""price_per_unit"": 54.94, ""order_id"": ""PO-00012"", ""po_raising_drr"": 3.0, ""po_raising_total_space"": 36.0, ""po_raising_final_available_space"": 9.0, ""order_date"": ""2026-03-13""}}",12,659.28,1.0,0,11,0,0.0,0.0,N/A,85.59,59.77,Band C,7.0,33,19,57,24,3,0,2,279,33
FC-001,Salt,Tata Consumer Products,FC-Alpha,SKU-01063,"Tata Rock Salt, 500g Standup Pouch",Salt,3,15,4,VND-003,TATA CONSUMER PRODUCTS LIMITED - Region Epsilon,200000,VALUE,80,20,4.0,3777.6,24,"{""sellable"": 24.0, ""contingency"": null, ""pending_putaway"": null, ""under_transfer"": null}",2,0.504,16/03/26,"{""open_po_1"": {""promise_date"": ""2026-03-16"", ""orderedquantity"": 60.0, ""order_item_amount"": 2833.2, ""open_po_cases"": 3.0, ""mrp"": 65.0, ""price_per_unit"": 47.22, ""order_id"": ""PO-00012"", ""po_raising_drr"": 5.0, ""po_raising_total_space"": 80.0, ""po_raising_final_available_space"": 63.0, ""order_date"": ""2026-03-13""}, ""open_po_2"": {""promise_date"": ""2026-03-16"", ""orderedquantity"": 20.0, ""order_item_amount"": 944.4, ""open_po_cases"": 1.0, ""mrp"": 65.0, ""price_per_unit"": 47.22, ""order_id"": ""PO-00011"", ""po_raising_drr"": 5.0, ""po_raising_total_space"": 80.0, ""po_raising_final_available_space"": 3.0, ""order_date"": ""2026-03-13""}}",80,3777.6,4.0,0,52,0,0.0,0.0,N/A,57.82,52.23,Band B,12.0,104,19,38,0,0,0,0,192,104
FC-001,Tea and Coffee,Mondelez India Foods Private Limited,FC-Alpha,SKU-00296,"Cadbury Bournvita Strength Every Day, 500g Standup Pouch",Milk Drink Mixes,3,21,14,VND-049,Shiv Traders - Region Epsilon,120000,VALUE,64,32,2.0,11915.52,64,"{""sellable"": 64.0, ""contingency"": null, ""pending_putaway"": null, ""under_transfer"": null}",0,0.51,,{},0,0.0,0.0,0,0,0,0.0,0.0,N/A,227.86,171.77,,0.0,64,35,0,0,0,0,0,0,64
FC-001,Tea and Coffee,Mondelez India Foods Private Limited,FC-Alpha,SKU-00601,"Cadbury Bournvita Strength Every Day, 500g Jar",Milk Drink Mixes,3,10,4,VND-049,Shiv Traders - Region Epsilon,120000,VALUE,15,15,1.0,2910.15,10,"{""sellable"": 10.0, ""contingency"": null, ""pending_putaway"": null, ""under_transfer"": null}",0,0.543,,{},0,0.0,0.0,0,0,0,0.0,0.0,N/A,250.36,220.82,Band C,0.0,10,14,0,0,5,0,0,0,10
FC-001,Tea and Coffee,Mondelez India Foods Private Limited,FC-Alpha,SKU-00649,"Cadbury Bournvita Strength Every Day, 70g Pack",Milk Drink Mixes,2,10,4,VND-005,SRI SAI TRADERS - Region Alpha,80000,VALUE,384,192,2.0,9807.36,119,"{""sellable"": 119.0, ""contingency"": null, ""pending_putaway"": null, ""under_transfer"": null}",5,0.08,18/03/26,{},192,0.0,0.0,0,62,0,0.0,0.0,N/A,27.12,23.22,Band C,23.8,311,14,70,0,73,0,0,18,311
FC-001,Tea and Coffee,Mondelez India Foods Private Limited,FC-Alpha,SKU-00649,"Cadbury Bournvita Strength Every Day, 70g Pack",Milk Drink Mixes,3,10,4,VND-049,Shiv Traders - Region Epsilon,120000,VALUE,384,192,2.0,10022.4,119,"{""sellable"": 119.0, ""contingency"": null, ""pending_putaway"": null, ""under_transfer"": null}",5,0.08,18/03/26,"{""open_po_1"": {""promise_date"": ""2026-03-18"", ""orderedquantity"": 192.0, ""order_item_amount"": 5011.2, ""open_po_cases"": 1.0, ""mrp"": 30.0, ""price_per_unit"": 26.099999999999998, ""order_id"": ""PO-00040"", ""po_raising_drr"": 5.0, ""po_raising_total_space"": 384.0, ""po_raising_final_available_space"": 270.0, ""order_date"": ""2026-03-16""}}",192,5011.2,1.0,0,62,0,0.0,0.0,N/A,34.07,29.63,Band C,23.8,311,14,70,0,73,0,0,22,311
FC-001,Tea and Coffee,Mondelez India Foods Private Limited,FC-Alpha,SKU-00866,"Cadbury Bournvita Inner Strength Formula, 13.4g Pack",Milk Drink Mixes,2,10,4,VND-005,SRI SAI TRADERS - Region Alpha,80000,VALUE,2016,1008,2.0,8588.16,757,"{""sellable"": 757.0, ""contingency"": null, ""pending_putaway"": null, ""under_transfer"": null}",101,0.018,18/03/26,{},864,0.0,0.0,0,16,0,0.0,0.0,N/A,5.71,4.89,Band B,7.4950495049504955,1621,14,1414,0,395,0,0,17,1621
FC-001,Tea and Coffee,Mondelez India Foods Private Limited,FC-Alpha,SKU-00866,"Cadbury Bournvita Inner Strength Formula, 13.4g Pack",Milk Drink Mixes,3,10,4,VND-049,Shiv Traders - Region Epsilon,120000,VALUE,2016,864,2.333333333,8769.6,757,"{""sellable"": 757.0, ""contingency"": null, ""pending_putaway"": null, ""under_transfer"": null}",101,0.018,18/03/26,"{""open_po_1"": {""promise_date"": ""2026-03-18"", ""orderedquantity"": 864.0, ""order_item_amount"": 3758.4, ""open_po_cases"": 0.8571428571428571, ""mrp"": 5.0, ""price_per_unit"": 4.3500000000000005, ""order_id"": ""PO-00040"", ""po_raising_drr"": 101.0, ""po_raising_total_space"": 2016.0, ""po_raising_final_available_space"": 1332.0, ""order_date"": ""2026-03-16""}}",864,3758.4,0.857142857,0,16,0,0.0,0.0,N/A,5.32,4.63,Band B,7.4950495049504955,1621,14,1414,0,395,0,0,30,1621
FC-001,Tea and Coffee,Mondelez India Foods Private Limited,FC-Alpha,SKU-01011,"Cadbury Bournvita Strength Every Day, 1Kg Pack",Milk Drink Mixes,3,10,4,VND-049,Shiv Traders - Region Epsilon,120000,VALUE,12,12,1.0,3967.2,0,"{""sellable"": null, ""contingency"": null, ""pending_putaway"": null, ""under_transfer"": null}",0,1.02,18/03/26,"{""open_po_1"": {""promise_date"": ""2026-03-18"", ""orderedquantity"": 12.0, ""order_item_amount"": 3967.2, ""open_po_cases"": 1.0, ""mrp"": 380.0, ""price_per_unit"": 330.59999999999997, ""order_id"": ""PO-00040"", ""po_raising_drr"": 0.0, ""po_raising_total_space"": 12.0, ""po_raising_final_available_space"": 12.0, ""order_date"": ""2026-03-16""}}",12,3967.2,1.0,0,0,0,0.0,0.0,N/A,420.4,378.32,Band C,0.0,12,14,0,0,0,0,0,0,12
FC-001,Tea and Coffee,Nestle India Ltd,FC-Alpha,SKU-00597,"Nescafe Classic Coffee, 45g Jar",Coffee,4,17,4,VND-043,NESTLE INDIA LTD - Region Alpha,10000,CASES,180,30,6.0,39465.0,169,"{""sellable"": 169.0, ""contingency"": null, ""pending_putaway"": null, ""under_transfer"": null}",3,0.215,,{},0,0.0,0.0,0,56,0,0.0,0.0,N/A,244.43,223.82,Band B,56.333333333333336,169,21,63,0,11,0,0,10000,169
FC-001,Tea and Coffee,Nestle India Ltd,FC-Alpha,SKU-00597,"Nescafe Classic Coffee, 45g Jar",Coffee,4,17,4,VND-045,SG Enterprises - Region Epsilon,200000,VALUE,180,24,7.5,29674.8,169,"{""sellable"": 169.0, ""contingency"": null, ""pending_putaway"": null, ""under_transfer"": null}",3,0.215,,{},0,0.0,0.0,0,56,0,0.0,0.0,N/A,166.35,152.97,Band B,56.333333333333336,169,21,63,0,11,0,0,55,169
FC-001,Tea and Coffee,Nestle India Ltd,FC-Alpha,SKU-00598,"Nescafe Classic Coffee, 24g Jar",Coffee,4,17,4,VND-043,NESTLE INDIA LTD - Region Alpha,10000,CASES,360,36,10.0,40269.6,318,"{""sellable"": 316.0, ""contingency"": null, ""pending_putaway"": 2.0, ""under_transfer"": null}",6,0.08,,{},0,0.0,0.0,36,59,1,3951.0,0.0029,FAIL,138.9,109.75,Band B,53.0,318,21,126,0,42,1,0,10000,354
FC-001,Tea and Coffee,Nestle India Ltd,FC-Alpha,SKU-00598,"Nescafe Classic Coffee, 24g Jar",Coffee,4,17,4,VND-045,SG Enterprises - Region Epsilon,200000,VALUE,360,36,10.0,30333.6,318,"{""sellable"": 316.0, ""contingency"": null, ""pending_putaway"": 2.0, ""under_transfer"": null}",6,0.08,,{},0,0.0,0.0,36,59,1,3118.68,0.0029,FAIL,90.49,86.63,Band B,53.0,318,21,126,0,42,1,0,65,354
FC-001,Tea and Coffee,Nestle India Ltd,FC-Alpha,SKU-00609,"Nescafe Classic Coffee, 1g Sachet",Coffee,4,15,4,VND-043,NESTLE INDIA LTD - Region Alpha,10000,CASES,23040,60,384.0,40780.8,0,"{""sellable"": null, ""contingency"": null, ""pending_putaway"": null, ""under_transfer"": null}",0,0.0012,16/03/26,"{""open_po_1"": {""promise_date"": ""2026-03-16"", ""orderedquantity"": 60.0, ""order_item_amount"": 106.2, ""open_po_cases"": 0.013888888888888888, ""mrp"": 2.0, ""price_per_unit"": 1.77, ""order_id"": ""PO-00027"", ""po_raising_drr"": 0.0, ""po_raising_total_space"": 23040.0, ""po_raising_final_available_space"": 23040.0, ""order_date"": ""2026-03-12""}}",21660,39202.2,5.013888889,0,0,0,0.0,0.0,N/A,2.01,1.54,,0.0,21660,19,0,0,1380,23,0,0,21660
FC-001,Tea and Coffee,Nestle India Ltd,FC-Alpha,SKU-00609,"Nescafe Classic Coffee, 1g Sachet",Coffee,4,15,4,VND-045,SG Enterprises - Region Epsilon,200000,VALUE,23040,9216,2.5,41472.0,0,"{""sellable"": null, ""contingency"": null, ""pending_putaway"": null, ""under_transfer"": null}",0,0.0012,16/03/26,{},21660,0.0,0.0,0,0,0,0.0,0.0,N/A,1.92,1.87,,0.0,21660,19,0,0,1380,0,0,0,21660
FC-001,Tea and Coffee,Nestle India Ltd,FC-Alpha,SKU-00609,"Nescafe Classic Coffee, 1g Sachet",Coffee,4,15,4,VND-061,M/s Gupta Enterprises - Region Epsilon,200000,VALUE,23040,4320,5.333333333,41702.4,0,"{""sellable"": null, ""contingency"": null, ""pending_putaway"": null, ""under_transfer"": null}",0,0.0012,16/03/26,"{""open_po_1"": {""promise_date"": ""2026-03-17"", ""orderedquantity"": 21600.0, ""order_item_amount"": 39096.0, ""open_po_cases"": 5.0, ""mrp"": 2.0, ""price_per_unit"": 1.81, ""order_id"": ""PO-00010"", ""po_raising_drr"": 0.0, ""po_raising_total_space"": 23040.0, ""po_raising_final_available_space"": 22980.0, ""order_date"": ""2026-03-13""}}",21660,39202.2,5.013888889,0,0,0,0.0,0.0,N/A,2.38,2.07,,0.0,21660,19,0,0,1380,0,0,0,21660
FC-001,Tea and Coffee,Nestle India Ltd,FC-Alpha,SKU-01008,"Nescafe Classic Coffee, 3.6g Sachet",Coffee,4,17,4,VND-043,NESTLE INDIA LTD - Region Alpha,10000,CASES,20736,2304,9.0,182062.08,18312,"{""sellable"": 16596.0, ""contingency"": null, ""pending_putaway"": 1716.0, ""under_transfer"": null}",520,0.0075,19/03/26,"{""open_po_1"": {""promise_date"": ""2026-03-19"", ""orderedquantity"": 2304.0, ""order_item_amount"": 20229.12, ""open_po_cases"": 1.0, ""mrp"": 10.0, ""price_per_unit"": 8.78, ""order_id"": ""PO-00054"", ""po_raising_drr"": 516.0, ""po_raising_total_space"": 20736.0, ""po_raising_final_available_space"": 3264.0, ""order_date"": ""2026-03-14""}}",2304,20229.12,1.0,0,39,0,0.0,0.0,N/A,8.99,7.96,Band A,35.215384615384615,20616,21,10920,0,120,0,0,10000,20616
FC-001,Tea and Coffee,Nestle India Ltd,FC-Alpha,SKU-01008,"Nescafe Classic Coffee, 3.6g Sachet",Coffee,4,17,4,VND-045,SG Enterprises - Region Epsilon,200000,VALUE,20736,1440,14.4,186416.64,18312,"{""sellable"": 16596.0, ""contingency"": null, ""pending_putaway"": 1716.0, ""under_transfer"": null}",520,0.0075,19/03/26,{},2304,0.0,0.0,0,39,0,0.0,0.0,N/A,11.25,9.78,Band A,35.215384615384615,20616,21,10920,0,120,0,0,15,20616
FC-001,Tea and Coffee,Nestle India Ltd,FC-Alpha,SKU-01008,"Nescafe Classic Coffee, 3.6g Sachet",Coffee,4,17,4,VND-061,M/s Gupta Enterprises - Region Epsilon,200000,VALUE,20736,2304,9.0,183306.24,18312,"{""sellable"": 16596.0, ""contingency"": null, ""pending_putaway"": 1716.0, ""under_transfer"": null}",520,0.0075,19/03/26,{},2304,0.0,0.0,0,39,0,0.0,0.0,N/A,11.41,9.92,Band A,35.215384615384615,20616,21,10920,0,120,0,0,9,20616
FC-001,Tea and Coffee,Tata Consumer Products,FC-Alpha,SKU-00293,"Tata Tea Gold Leaf Tea, 100g Pack",Tea,3,17,4,VND-003,TATA CONSUMER PRODUCTS LIMITED - Region Epsilon,200000,VALUE,240,120,2.0,10629.6,0,"{""sellable"": null, ""contingency"": null, ""pending_putaway"": null, ""under_transfer"": null}",63,0.102,16/03/26,"{""open_po_1"": {""promise_date"": ""2026-03-16"", ""orderedquantity"": 120.0, ""order_item_amount"": 4783.2, ""open_po_cases"": 1.0, ""mrp"": 45.0, ""price_per_unit"": 39.86, ""order_id"": ""PO-00011"", ""po_raising_drr"": 40.0, ""po_raising_total_space"": 240.0, ""po_raising_final_available_space"": 30.0, ""order_date"": ""2026-03-13""}, ""open_po_2"": {""promise_date"": ""2026-03-16"", ""orderedquantity"": 120.0, ""order_item_amount"": 4783.2, ""open_po_cases"": 1.0, ""mrp"": 45.0, ""price_per_unit"": 39.86, ""order_id"": ""PO-00012"", ""po_raising_drr"": 40.0, ""po_raising_total_space"": 240.0, ""po_raising_final_available_space"": 150.0, ""order_date"": ""2026-03-13""}}",240,9566.4,2.0,0,3,0,0.0,0.0,N/A,57.72,50.19,Band A,0.0,240,21,1323,1083,0,0,10,34,240
FC-001,Tea and Coffee,Tata Consumer Products,FC-Alpha,SKU-00330,"Tata Tea Gold Leaf Tea, 10Rs Pack",Tea,3,17,4,VND-003,TATA CONSUMER PRODUCTS LIMITED - Region Epsilon,200000,VALUE,1800,600,3.0,14904.0,745,"{""sellable"": 600.0, ""contingency"": 95.0, ""pending_putaway"": 25.0, ""under_transfer"": 95.0}",223,0.02,16/03/26,"{""open_po_1"": {""promise_date"": ""2026-03-16"", ""orderedquantity"": 600.0, ""order_item_amount"": 4968.0, ""open_po_cases"": 1.0, ""mrp"": 10.0, ""price_per_unit"": 8.28, ""order_id"": ""PO-00012"", ""po_raising_drr"": 263.0, ""po_raising_total_space"": 1800.0, ""po_raising_final_available_space"": 819.0, ""order_date"": ""2026-03-13""}, ""open_po_2"": {""promise_date"": ""2026-03-16"", ""orderedquantity"": 600.0, ""order_item_amount"": 4968.0, ""open_po_cases"": 1.0, ""mrp"": 10.0, ""price_per_unit"": 8.28, ""order_id"": ""PO-00011"", ""po_raising_drr"": 263.0, ""po_raising_total_space"": 1800.0, ""po_raising_final_available_space"": 219.0, ""order_date"": ""2026-03-13""}}",1200,9936.0,2.0,0,8,0,0.0,0.0,N/A,10.47,9.42,Band A,3.3408071748878925,1945,21,4683,2738,0,0,5,36,1945
FC-001,Tea and Coffee,Tata Consumer Products,FC-Alpha,SKU-00372,"Tata Tea Agni Leaf Tea, 1Kg Pack",Tea,3,15,4,VND-003,TATA CONSUMER PRODUCTS LIMITED - Region Epsilon,200000,VALUE,48,24,2.0,8319.84,77,"{""sellable"": 48.0, ""contingency"": 29.0, ""pending_putaway"": null, ""under_transfer"": null}",27,1.0,,{},0,0.0,0.0,0,2,0,0.0,0.0,N/A,189.51,174.45,Band A,2.8518518518518516,77,19,513,436,0,0,19,48,77
FC-001,Tea and Coffee,Tata Consumer Products,FC-Alpha,SKU-00376,"Tata Tea Premium Leaf Tea, 100g Pack",Tea,3,15,4,VND-003,TATA CONSUMER PRODUCTS LIMITED - Region Epsilon,200000,VALUE,480,240,2.0,16089.6,152,"{""sellable"": 128.0, ""contingency"": null, ""pending_putaway"": 6.0, ""under_transfer"": null}",8,0.1,16/03/26,"{""open_po_1"": {""promise_date"": ""2026-03-16"", ""orderedquantity"": 240.0, ""order_item_amount"": 9074.4, ""open_po_cases"": 1.0, ""mrp"": 48.0, ""price_per_unit"": 37.809999999999995, ""order_id"": ""PO-00011"", ""po_raising_drr"": 11.0, ""po_raising_total_space"": 480.0, ""po_raising_final_available_space"": 97.0, ""order_date"": ""2026-03-13""}, ""open_po_2"": {""promise_date"": ""2026-03-16"", ""orderedquantity"": 240.0, ""order_item_amount"": 9074.4, ""open_po_cases"": 1.0, ""mrp"": 48.0, ""price_per_unit"": 37.809999999999995, ""order_id"": ""PO-00012"", ""po_raising_drr"": 11.0, ""po_raising_total_space"": 480.0, ""po_raising_final_available_space"": 337.0, ""order_date"": ""2026-03-13""}}",480,18148.8,2.0,0,79,0,0.0,0.0,N/A,43.28,38.32,Band B,19.0,632,19,152,0,0,0,0,22,632
FC-001,Tea and Coffee,Tata Consumer Products,FC-Alpha,SKU-00383,"Tata Tea Agni Leaf Tea, 500g Pack",Tea,3,15,4,VND-003,TATA CONSUMER PRODUCTS LIMITED - Region Epsilon,200000,VALUE,48,48,1.0,4992.0,40,"{""sellable"": 40.0, ""contingency"": null, ""pending_putaway"": null, ""under_transfer"": null}",1,0.5,,{},0,0.0,0.0,0,40,0,0.0,0.0,N/A,128.83,112.03,Band C,40.0,40,19,19,0,8,0,0,38,40
FC-001,Tea and Coffee,Tata Consumer Products,FC-Alpha,SKU-00416,"Tata Tea Agni Strong Leaf Tea, 250g Pack",Tea,3,15,4,VND-003,TATA CONSUMER PRODUCTS LIMITED - Region Epsilon,200000,VALUE,192,96,2.0,9984.0,22,"{""sellable"": 8.0, ""contingency"": 14.0, ""pending_putaway"": null, ""under_transfer"": 14.0}",12,0.25,16/03/26,"{""open_po_1"": {""promise_date"": ""2026-03-16"", ""orderedquantity"": 96.0, ""order_item_amount"": 4992.0, ""open_po_cases"": 1.0, ""mrp"": 60.0, ""price_per_unit"": 52.0, ""order_id"": ""PO-00012"", ""po_raising_drr"": 8.0, ""po_raising_total_space"": 192.0, ""po_raising_final_available_space"": 146.0, ""order_date"": ""2026-03-13""}, ""open_po_2"": {""promise_date"": ""2026-03-16"", ""orderedquantity"": 96.0, ""order_item_amount"": 4992.0, ""open_po_cases"": 1.0, ""mrp"": 60.0, ""price_per_unit"": 52.0, ""order_id"": ""PO-00011"", ""po_raising_drr"": 8.0, ""po_raising_total_space"": 192.0, ""po_raising_final_available_space"": 50.0, ""order_date"": ""2026-03-13""}}",192,9984.0,2.0,0,17,0,0.0,0.0,N/A,68.46,46.72,Band B,1.8333333333333333,214,19,228,14,0,0,1,45,214
FC-001,Tea and Coffee,Tata Consumer Products,FC-Alpha,SKU-00595,"Tata Tea Premium Leaf Tea, 250g Pack",Tea,3,17,4,VND-003,TATA CONSUMER PRODUCTS LIMITED - Region Epsilon,200000,VALUE,576,96,6.0,71107.2,266,"{""sellable"": 264.0, ""contingency"": null, ""pending_putaway"": 2.0, ""under_transfer"": null}",56,0.26,16/03/26,"{""open_po_1"": {""promise_date"": ""2026-03-16"", ""orderedquantity"": 384.0, ""order_item_amount"": 36426.24, ""open_po_cases"": 4.0, ""mrp"": 120.0, ""price_per_unit"": 94.86, ""order_id"": ""PO-00012"", ""po_raising_drr"": 104.0, ""po_raising_total_space"": 576.0, ""po_raising_final_available_space"": 397.0, ""order_date"": ""2026-03-13""}, ""open_po_2"": {""promise_date"": ""2026-03-16"", ""orderedquantity"": 96.0, ""order_item_amount"": 9106.56, ""open_po_cases"": 1.0, ""mrp"": 120.0, ""price_per_unit"": 94.86, ""order_id"": ""PO-00011"", ""po_raising_drr"": 104.0, ""po_raising_total_space"": 576.0, ""po_raising_final_available_space"": 13.0, ""order_date"": ""2026-03-13""}}",480,45532.8,5.0,0,13,0,0.0,0.0,N/A,138.06,122.59,Band A,4.75,746,21,1176,430,0,0,5,17,746
FC-001,Tea and Coffee,Tata Consumer Products,FC-Alpha,SKU-00596,"Tata Tea Gold Leaf Tea, 250g Pack",Tea,3,19,4,VND-003,TATA CONSUMER PRODUCTS LIMITED - Region Epsilon,200000,VALUE,2208,48,46.0,272312.64,1930,"{""sellable"": 1786.0, ""contingency"": 144.0, ""pending_putaway"": null, ""under_transfer"": 144.0}",168,0.26,16/03/26,"{""open_po_1"": {""promise_date"": ""2026-03-16"", ""orderedquantity"": 96.0, ""order_item_amount"": 10994.88, ""open_po_cases"": 2.0, ""mrp"": 130.0, ""price_per_unit"": 114.52999999999999, ""order_id"": ""PO-00011"", ""po_raising_drr"": 195.0, ""po_raising_total_space"": 2208.0, ""po_raising_final_available_space"": 53.0, ""order_date"": ""2026-03-13""}, ""open_po_2"": {""promise_date"": ""2026-03-16"", ""orderedquantity"": 576.0, ""order_item_amount"": 65969.28, ""open_po_cases"": 12.0, ""mrp"": 130.0, ""price_per_unit"": 114.53, ""order_id"": ""PO-00012"", ""po_raising_drr"": 195.0, ""po_raising_total_space"": 2208.0, ""po_raising_final_available_space"": 629.0, ""order_date"": ""2026-03-13""}}",672,76964.16,14.0,0,15,0,0.0,0.0,N/A,151.12,131.41,Band A,11.488095238095237,2602,23,3864,1262,0,0,27,32,2602
FC-001,Tea and Coffee,Tata Consumer Products,FC-Alpha,SKU-00599,"Tata Tea Gold Leaf Tea, 1Kg Standup Pouch",Tea,3,17,4,VND-003,TATA CONSUMER PRODUCTS LIMITED - Region Epsilon,200000,VALUE,12,12,1.0,7159.44,7,"{""sellable"": 7.0, ""contingency"": null, ""pending_putaway"": null, ""under_transfer"": null}",0,1.02,,{},0,0.0,0.0,0,0,0,0.0,0.0,N/A,584.27,551.4,Band A,0.0,7,21,0,0,5,0,0,0,7
FC-001,Tea and Coffee,Tata Consumer Products,FC-Alpha,SKU-00600,"Tata Tea Gold Leaf Tea, 500g Pack",Tea,3,15,4,VND-003,TATA CONSUMER PRODUCTS LIMITED - Region Epsilon,200000,VALUE,96,24,4.0,23808.0,101,"{""sellable"": 84.0, ""contingency"": 17.0, ""pending_putaway"": null, ""under_transfer"": 2.0}",25,0.5,16/03/26,"{""open_po_1"": {""promise_date"": ""2026-03-16"", ""orderedquantity"": 48.0, ""order_item_amount"": 11053.92, ""open_po_cases"": 2.0, ""mrp"": 260.0, ""price_per_unit"": 230.29, ""order_id"": ""PO-00012"", ""po_raising_drr"": 26.0, ""po_raising_total_space"": 96.0, ""po_raising_final_available_space"": 59.0, ""order_date"": ""2026-03-13""}, ""open_po_2"": {""promise_date"": ""2026-03-16"", ""orderedquantity"": 24.0, ""order_item_amount"": 5526.96, ""open_po_cases"": 1.0, ""mrp"": 260.0, ""price_per_unit"": 230.29, ""order_id"": ""PO-00011"", ""po_raising_drr"": 26.0, ""po_raising_total_space"": 96.0, ""po_raising_final_available_space"": 11.0, ""order_date"": ""2026-03-13""}}",72,16580.88,3.0,0,6,0,0.0,0.0,N/A,297.23,258.46,Band A,4.04,173,19,475,302,0,0,13,33,173
FC-001,Tea and Coffee,Tata Consumer Products,FC-Alpha,SKU-00897,"Tata Coffee Grand Premium Coffee, 100% Coffee Blend, 10Rs Sachet",Coffee,3,15,4,VND-003,TATA CONSUMER PRODUCTS LIMITED - Region Epsilon,200000,VALUE,1800,480,3.75,15714.0,1726,"{""sellable"": 1726.0, ""contingency"": null, ""pending_putaway"": null, ""under_transfer"": null}",191,0.008,,{},0,0.0,0.0,0,9,0,0.0,0.0,N/A,10.06,9.17,Band A,9.036649214659686,1726,19,3629,1903,74,0,4,46,1726
FC-001,Tea and Coffee,Tata Consumer Products,FC-Alpha,SKU-00946,"Tata Tea Agni Danedaar (Buff) Leaf, 250g Pack",Tea,3,17,4,VND-003,TATA CONSUMER PRODUCTS LIMITED - Region Epsilon,200000,VALUE,768,96,8.0,43223.04,205,"{""sellable"": 189.0, ""contingency"": null, ""pending_putaway"": 16.0, ""under_transfer"": null}",123,0.25,16/03/26,"{""open_po_1"": {""promise_date"": ""2026-03-16"", ""orderedquantity"": 480.0, ""order_item_amount"": 24936.0, ""open_po_cases"": 5.0, ""mrp"": 60.0, ""price_per_unit"": 51.95, ""order_id"": ""PO-00012"", ""po_raising_drr"": 125.0, ""po_raising_total_space"": 768.0, ""po_raising_final_available_space"": 577.0, ""order_date"": ""2026-03-13""}, ""open_po_2"": {""promise_date"": ""2026-03-16"", ""orderedquantity"": 192.0, ""order_item_amount"": 9974.4, ""open_po_cases"": 2.0, ""mrp"": 60.0, ""price_per_unit"": 51.949999999999996, ""order_id"": ""PO-00011"", ""po_raising_drr"": 125.0, ""po_raising_total_space"": 768.0, ""po_raising_final_available_space"": 97.0, ""order_date"": ""2026-03-13""}}",672,34910.4,7.0,0,7,0,0.0,0.0,N/A,61.82,50.59,Band A,1.6666666666666667,877,21,2583,1706,0,0,18,42,877
FC-001,Tea and Coffee,Tata Consumer Products,FC-Alpha,SKU-00947,"Tata Tea Agni Danedaar (Buff) Leaf, 100g Pack",Tea,3,19,4,VND-003,TATA CONSUMER PRODUCTS LIMITED - Region Epsilon,200000,VALUE,3600,280,12.85714286,77940.0,1871,"{""sellable"": 1698.0, ""contingency"": 144.0, ""pending_putaway"": 29.0, ""under_transfer"": 144.0}",289,0.1,16/03/26,"{""open_po_1"": {""promise_date"": ""2026-03-16"", ""orderedquantity"": 1400.0, ""order_item_amount"": 30310.0, ""open_po_cases"": 5.833333333333333, ""mrp"": 25.0, ""price_per_unit"": 21.65, ""order_id"": ""PO-00012"", ""po_raising_drr"": 382.0, ""po_raising_total_space"": 3600.0, ""po_raising_final_available_space"": 1432.0, ""order_date"": ""2026-03-13""}, ""open_po_2"": {""promise_date"": ""2026-03-16"", ""orderedquantity"": 280.0, ""order_item_amount"": 6062.0, ""open_po_cases"": 1.1666666666666667, ""mrp"": 25.0, ""price_per_unit"": 21.65, ""order_id"": ""PO-00011"", ""po_raising_drr"": 382.0, ""po_raising_total_space"": 3600.0, ""po_raising_final_available_space"": 32.0, ""order_date"": ""2026-03-13""}}",1680,36372.0,7.0,0,12,0,0.0,0.0,N/A,27.47,22.07,Band A,6.474048442906574,3551,23,6647,3096,49,0,12,33,3551
FC-001,Tea and Coffee,Tata Consumer Products,FC-Alpha,SKU-00948,"Tata Tea Agni Danedaar (Buff) Leaf, 14g Sachet",Tea,3,17,4,VND-003,TATA CONSUMER PRODUCTS LIMITED - Region Epsilon,200000,VALUE,4000,1000,4.0,15840.0,4154,"{""sellable"": 3280.0, ""contingency"": 854.0, ""pending_putaway"": 20.0, ""under_transfer"": 400.0}",143,0.016,,{},0,0.0,0.0,0,29,0,0.0,0.0,N/A,4.9,4.28,Band A,29.04895104895105,4154,21,3003,0,0,0,0,47,4154
FC-001,Tea and Coffee,Tata Consumer Products,FC-Alpha,SKU-00949,"Tata Tea Agni Danedaar (Buff) Leaf, 10Rs Pack",Tea,3,19,4,VND-003,TATA CONSUMER PRODUCTS LIMITED - Region Epsilon,200000,VALUE,11200,560,20.0,77280.0,40015,"{""sellable"": 32760.0, ""contingency"": 11240.0, ""pending_putaway"": 119.0, ""under_transfer"": 3720.0}",780,0.04,,{},0,0.0,0.0,0,51,0,0.0,0.0,N/A,9.25,6.9,Band A,51.30128205128205,40015,23,17940,0,0,0,0,52,40015
FC-001,Tea and Coffee,Tata Consumer Products,FC-Alpha,SKU-00954,"Tata Tea Agni Elaichi Chai, 75g Pack",Tea,3,15,4,VND-003,TATA CONSUMER PRODUCTS LIMITED - Region Epsilon,200000,VALUE,384,144,2.666666667,8037.12,200,"{""sellable"": 2.0, ""contingency"": 192.0, ""pending_putaway"": 6.0, ""under_transfer"": 192.0}",90,0.075,,{},0,0.0,0.0,144,3,1,2573.28,0.0108,FAIL,25.88,17.87,Band B,2.2222222222222223,200,19,1710,1510,184,1,11,78,344
FC-001,Tea and Coffee,Tata Consumer Products,FC-Alpha,SKU-00955,"Tata Tea Agni Elaichi Chai, 5Rs Pack",Tea,3,15,4,VND-003,TATA CONSUMER PRODUCTS LIMITED - Region Epsilon,200000,VALUE,2040,680,3.0,8058.0,1400,"{""sellable"": 1400.0, ""contingency"": null, ""pending_putaway"": null, ""under_transfer"": null}",124,0.015,16/03/26,"{""open_po_1"": {""promise_date"": ""2026-03-16"", ""orderedquantity"": 680.0, ""order_item_amount"": 2686.0, ""open_po_cases"": 1.0, ""mrp"": 5.0, ""price_per_unit"": 3.95, ""order_id"": ""PO-00012"", ""po_raising_drr"": 186.0, ""po_raising_total_space"": 2040.0, ""po_raising_final_available_space"": 658.0, ""order_date"": ""2026-03-13""}}",680,2686.0,1.0,0,16,0,0.0,0.0,N/A,5.31,3.37,Band B,11.290322580645162,2080,19,2356,276,0,0,1,88,2080
FC-001,Tea and Coffee,Tata Consumer Products,FC-Alpha,SKU-00965,"Tata Tea Agni Elaichi Chai, 250g Pack",Tea,3,17,4,VND-003,TATA CONSUMER PRODUCTS LIMITED - Region Epsilon,200000,VALUE,192,96,2.0,13833.6,18,"{""sellable"": 16.0, ""contingency"": null, ""pending_putaway"": 2.0, ""under_transfer"": null}",40,0.26,,{},0,0.0,0.0,96,2,1,6620.16,0.025,FAIL,76.51,68.96,Band A,0.45,18,21,840,822,174,1,9,31,114
FC-001,Tea and Coffee,Tata Consumer Products,FC-Alpha,SKU-00968,"Tata Tea Gold Leaf Tea, 5Rs Pack",Tea,3,15,4,VND-003,TATA CONSUMER PRODUCTS LIMITED - Region Epsilon,200000,VALUE,2400,1200,2.0,9720.0,1076,"{""sellable"": 1076.0, ""contingency"": null, ""pending_putaway"": null, ""under_transfer"": null}",80,0.012,16/03/26,"{""open_po_1"": {""promise_date"": ""2026-03-16"", ""orderedquantity"": 1200.0, ""order_item_amount"": 4860.0, ""open_po_cases"": 1.0, ""mrp"": 5.0, ""price_per_unit"": 4.05, ""order_id"": ""PO-00011"", ""po_raising_drr"": 221.0, ""po_raising_total_space"": 2400.0, ""po_raising_final_available_space"": 487.0, ""order_date"": ""2026-03-13""}, ""open_po_2"": {""promise_date"": ""2026-03-16"", ""orderedquantity"": 1200.0, ""order_item_amount"": 4860.0, ""open_po_cases"": 1.0, ""mrp"": 5.0, ""price_per_unit"": 4.05, ""order_id"": ""PO-00012"", ""po_raising_drr"": 221.0, ""po_raising_total_space"": 2400.0, ""po_raising_final_available_space"": 1687.0, ""order_date"": ""2026-03-13""}}",2400,9720.0,2.0,0,43,0,0.0,0.0,N/A,5.26,4.57,Band B,13.45,3476,19,1520,0,0,0,0,37,3476
FC-001,Tea and Coffee,Tata Consumer Products,FC-Alpha,SKU-00981,"Tata Tea Agni Strong Leaf Tea, 10Rs Pack",Tea,3,15,4,VND-003,TATA CONSUMER PRODUCTS LIMITED - Region Epsilon,200000,VALUE,1008,500,2.016,6955.2,880,"{""sellable"": 880.0, ""contingency"": null, ""pending_putaway"": null, ""under_transfer"": null}",35,0.03,,{},0,0.0,0.0,0,25,0,0.0,0.0,N/A,8.61,6.34,Band B,25.142857142857142,880,19,665,0,128,0,0,64,880
FC-001,Tea and Coffee,Tata Consumer Products,FC-Alpha,SKU-01038,"Tata Tea Agni Leaf Tea, 5Rs Pack",Tea,3,15,4,VND-003,TATA CONSUMER PRODUCTS LIMITED - Region Epsilon,200000,VALUE,1920,1000,1.92,6028.8,970,"{""sellable"": 6.0, ""contingency"": null, ""pending_putaway"": 960.0, ""under_transfer"": null}",4,0.015,,{},0,0.0,0.0,0,242,0,0.0,0.0,N/A,5.35,3.27,Band C,242.5,970,19,76,0,950,0,0,62,970
FC-001,Tea and Coffee,Tata Consumer Products,FC-Alpha,SKU-01079,"Tata Coffee Grand Premium Coffee, 100% Coffee Blend, 2Rs Sachet",Coffee,3,17,4,VND-003,TATA CONSUMER PRODUCTS LIMITED - Region Epsilon,200000,VALUE,4500,1500,3.0,7875.0,2040,"{""sellable"": 2040.0, ""contingency"": null, ""pending_putaway"": null, ""under_transfer"": null}",607,0.002,16/03/26,"{""open_po_1"": {""promise_date"": ""2026-03-16"", ""orderedquantity"": 1500.0, ""order_item_amount"": 2625.0, ""open_po_cases"": 1.0, ""mrp"": 2.0, ""price_per_unit"": 1.75, ""order_id"": ""PO-00012"", ""po_raising_drr"": 743.0, ""po_raising_total_space"": 4500.0, ""po_raising_final_available_space"": 2229.0, ""order_date"": ""2026-03-13""}, ""open_po_2"": {""promise_date"": ""2026-03-16"", ""orderedquantity"": 1500.0, ""order_item_amount"": 2625.0, ""open_po_cases"": 1.0, ""mrp"": 2.0, ""price_per_unit"": 1.75, ""order_id"": ""PO-00011"", ""po_raising_drr"": 743.0, ""po_raising_total_space"": 4500.0, ""po_raising_final_available_space"": 729.0, ""order_date"": ""2026-03-13""}}",3000,5250.0,2.0,0,8,0,0.0,0.0,N/A,2.1,1.6,Band B,3.360790774299835,5040,21,12747,7707,0,0,6,84,5040
FC-001,Tea and Coffee,Zydus Wellness Products Ltd.,FC-Alpha,SKU-00318,"Complan Milk Protein Health Drink, Royale Chocolate, 18g Pack",Milk Drink Mixes,3,29,5,VND-058,ZYDUS WELLNESS PRODUCTS LIMITED - Region Epsilon,60000,VALUE,576,576,1.0,2282.27328,0,"{""sellable"": null, ""contingency"": null, ""pending_putaway"": null, ""under_transfer"": null}",0,0.0,17/03/26,"{""open_po_1"": {""promise_date"": ""2026-03-17"", ""orderedquantity"": 576.0, ""order_item_amount"": 2280.96, ""open_po_cases"": 2.0, ""mrp"": 4.45, ""price_per_unit"": 3.96, ""order_id"": ""PO-00019"", ""po_raising_drr"": 0.0, ""po_raising_total_space"": 576.0, ""po_raising_final_available_space"": 576.0, ""order_date"": ""2026-03-13""}}",576,2280.96,2.0,0,0,0,0.0,0.0,N/A,4.42,3.75,,0.0,576,34,0,0,0,0,0,0,576
FC-001,Tea and Coffee,Zydus Wellness Products Ltd.,FC-Alpha,SKU-00321,"Complan Milk Protein Health Drink, Royale Chocolate, 200g Jar",Milk Drink Mixes,3,7,4,VND-058,ZYDUS WELLNESS PRODUCTS LIMITED - Region Epsilon,60000,VALUE,120,40,3.0,15599.808,84,"{""sellable"": 84.0, ""contingency"": null, ""pending_putaway"": null, ""under_transfer"": null}",1,0.2,,{},0,0.0,0.0,0,84,0,0.0,0.0,N/A,161.07,143.57,Band C,84.0,84,11,11,0,36,0,0,11,84
FC-001,Tea and Coffee,Zydus Wellness Products Ltd.,FC-Alpha,SKU-00367,"Complan Milk Protein Health Drink, Creamy Classic, 200g Box",Milk Drink Mixes,3,29,5,VND-058,ZYDUS WELLNESS PRODUCTS LIMITED - Region Epsilon,60000,VALUE,240,48,5.0,26498.304,0,"{""sellable"": null, ""contingency"": null, ""pending_putaway"": null, ""under_transfer"": null}",0,0.0,17/03/26,"{""open_po_1"": {""promise_date"": ""2026-03-17"", ""orderedquantity"": 96.0, ""order_item_amount"": 10599.36, ""open_po_cases"": 2.0, ""mrp"": 124.0, ""price_per_unit"": 110.41000000000001, ""order_id"": ""PO-00019"", ""po_raising_drr"": 0.0, ""po_raising_total_space"": 240.0, ""po_raising_final_available_space"": 240.0, ""order_date"": ""2026-03-13""}}",96,10599.36,2.0,0,0,0,0.0,0.0,N/A,135.37,117.99,,0.0,96,34,0,0,144,3,0,0,96
FC-001,Tea and Coffee,Zydus Wellness Products Ltd.,FC-Alpha,SKU-00510,"Complan Milk Protein Health Drink, Royale Chocolate, 200g Box",Milk Drink Mixes,3,7,4,VND-058,ZYDUS WELLNESS PRODUCTS LIMITED - Region Epsilon,60000,VALUE,96,48,2.0,11710.5408,110,"{""sellable"": 94.0, ""contingency"": 16.0, ""pending_putaway"": null, ""under_transfer"": 2.0}",1,0.2,,{},0,0.0,0.0,0,110,0,0.0,0.0,N/A,140.51,107.17,Band C,110.0,110,11,11,0,0,0,0,12,110
FC-001,Tea and Coffee,Zydus Wellness Products Ltd.,FC-Alpha,SKU-00660,"Complan Milk Protein Health Drink, Kesar Badam, 200g Box",Milk Drink Mixes,3,29,5,VND-058,ZYDUS WELLNESS PRODUCTS LIMITED - Region Epsilon,60000,VALUE,240,40,6.0,30131.136,144,"{""sellable"": 144.0, ""contingency"": null, ""pending_putaway"": null, ""under_transfer"": null}",0,0.2,,{},0,0.0,0.0,0,0,0,0.0,0.0,N/A,156.58,122.86,,0.0,144,34,0,0,96,2,0,0,144
FC-001,Whole Spices,Dnv Food Products Pvt Ltd,FC-Alpha,SKU-00893,"DNV Souff Seeds, 11g Pack",Saunf Seeds,8,15,4,VND-055,DNV FOOD PRODUCTS PVT LTD,30000,VALUE,1600,800,2.0,9760.0,873,"{""sellable"": 873.0, ""contingency"": null, ""pending_putaway"": null, ""under_transfer"": null}",6,0.018,,{},0,0.0,0.0,0,145,0,0.0,0.0,N/A,9.12,5.24,Band B,145.5,873,19,114,0,727,0,0,8,873
FC-001,Whole Spices,Dnv Food Products Pvt Ltd,FC-Alpha,SKU-01015,"DNV Black Pepper, 6g Sachet",Pepper Seeds,8,17,4,VND-055,DNV FOOD PRODUCTS PVT LTD,30000,VALUE,1600,800,2.0,10400.0,2237,"{""sellable"": 1437.0, ""contingency"": 800.0, ""pending_putaway"": null, ""under_transfer"": null}",131,0.008,23/03/26,"{""open_po_1"": {""promise_date"": ""2026-03-23"", ""orderedquantity"": 800.0, ""order_item_amount"": 5200.0, ""open_po_cases"": 1.0, ""mrp"": 10.0, ""price_per_unit"": 6.5, ""order_id"": ""PO-00021"", ""po_raising_drr"": 143.0, ""po_raising_total_space"": 1600.0, ""po_raising_final_available_space"": 895.0, ""order_date"": ""2026-03-11""}}",800,5200.0,1.0,0,23,0,0.0,0.0,N/A,8.84,6.46,Band A,17.076335877862597,3037,21,2751,0,0,0,0,6,3037
FC-001,Whole Spices,Dnv Food Products Pvt Ltd,FC-Alpha,SKU-01018,"DNV Ajwain Seeds, 18g Pack",Ajwain Seeds,8,17,4,VND-055,DNV FOOD PRODUCTS PVT LTD,30000,VALUE,1600,800,2.0,9600.0,1710,"{""sellable"": 1710.0, ""contingency"": null, ""pending_putaway"": null, ""under_transfer"": null}",15,0.023,,{},0,0.0,0.0,0,114,0,0.0,0.0,N/A,9.31,6.29,Band A,114.0,1710,21,315,0,0,0,0,6,1710
FC-001,Whole Spices,Dnv Food Products Pvt Ltd,FC-Alpha,SKU-01019,"DNV Cardamom / Elachi, 1.5g Sachet",Elakki (Elaichi),8,15,4,VND-055,DNV FOOD PRODUCTS PVT LTD,30000,VALUE,1600,800,2.0,10240.0,1395,"{""sellable"": 1395.0, ""contingency"": null, ""pending_putaway"": null, ""under_transfer"": null}",30,0.004,,{},0,0.0,0.0,0,46,0,0.0,0.0,N/A,8.67,5.67,Band A,46.5,1395,19,570,0,205,0,0,7,1395
FC-001,Whole Spices,Dnv Food Products Pvt Ltd,FC-Alpha,SKU-01020,"DNV Red Mustard Seed (Rai), 40g Pack",Mustard Seeds,8,15,4,VND-055,DNV FOOD PRODUCTS PVT LTD,30000,VALUE,1200,600,2.0,7320.0,771,"{""sellable"": 771.0, ""contingency"": null, ""pending_putaway"": null, ""under_transfer"": null}",4,0.047,,{},0,0.0,0.0,0,192,0,0.0,0.0,N/A,10.09,5.71,Band C,192.75,771,19,76,0,429,0,0,9,771
FC-001,Whole Spices,Dnv Food Products Pvt Ltd,FC-Alpha,SKU-01021,"DNV Jeera Seeds, 11g Pack",Jeera Seeds,8,15,4,VND-055,DNV FOOD PRODUCTS PVT LTD,30000,VALUE,1600,800,2.0,9600.0,260,"{""sellable"": 260.0, ""contingency"": null, ""pending_putaway"": null, ""under_transfer"": null}",36,0.021,,{},0,0.0,0.0,800,29,1,4656.0,0.0168,FAIL,11.31,5.82,Band A,7.222222222222222,260,19,684,424,1340,1,1,7,1060
FC-001,Whole Spices,Dnv Food Products Pvt Ltd,FC-Alpha,SKU-01025,"DNV Panch Foran, 18g Pack",Mixed Spices,8,15,4,VND-055,DNV FOOD PRODUCTS PVT LTD,30000,VALUE,1600,800,2.0,10080.0,1118,"{""sellable"": 1118.0, ""contingency"": null, ""pending_putaway"": null, ""under_transfer"": null}",14,0.026,,{},0,0.0,0.0,0,79,0,0.0,0.0,N/A,8.62,7.09,Band A,79.85714285714286,1118,19,266,0,482,0,0,6,1118
FC-001,Whole Spices,Dnv Food Products Pvt Ltd,FC-Alpha,SKU-01026,"DNV Clove/ Lavanga/ Laung, 5g Sachet",Lavanga,8,15,4,VND-055,DNV FOOD PRODUCTS PVT LTD,30000,VALUE,1600,800,2.0,9760.0,1217,"{""sellable"": 1217.0, ""contingency"": null, ""pending_putaway"": null, ""under_transfer"": null}",7,0.005,,{},0,0.0,0.0,0,173,0,0.0,0.0,N/A,8.87,7.0,Band B,173.85714285714286,1217,19,133,0,383,0,0,6,1217
FC-001,Whole Spices,Dnv Food Products Pvt Ltd,FC-Alpha,SKU-01027,"DNV Poppy Seed/ Khas Khas, 4g Sachet",Gasagase / Khus Khus / Poppy Seeds,8,15,4,VND-055,DNV FOOD PRODUCTS PVT LTD,30000,VALUE,2400,1200,2.0,19440.0,1200,"{""sellable"": 1200.0, ""contingency"": null, ""pending_putaway"": null, ""under_transfer"": null}",0,0.004,,{},0,0.0,0.0,0,0,0,0.0,0.0,N/A,9.86,6.99,Band C,0.0,1200,19,0,0,1200,1,0,0,1200
